frame,timestamp_s,detected,left_elbow_angle,right_elbow_angle,left_knee_angle,right_knee_angle,left_hip_angle,right_hip_angle,left_shoulder_angle,right_shoulder_angle,left_shoulder_x,left_shoulder_y,right_shoulder_x,right_shoulder_y,left_elbow_x,left_elbow_y,right_elbow_x,right_elbow_y,left_wrist_x,left_wrist_y,right_wrist_x,right_wrist_y,left_hip_x,left_hip_y,right_hip_x,right_hip_y,left_knee_x,left_knee_y,right_knee_x,right_knee_y,left_ankle_x,left_ankle_y,right_ankle_x,right_ankle_y
0,0.0,True,178.6,141.6,176.2,170.2,171.6,175.1,8.5,13.2,278.8734018802643,1297.6335525512695,-273.5261285305023,1302.6897811889648,323.2543480396271,1829.6583938598633,-379.547199010849,1939.4707489013672,362.50412106513977,2192.9653930664062,-145.59216141700745,2361.9786071777344,209.5441621541977,2360.4727935791016,-202.1753990650177,2403.109817504883,273.46996307373047,3136.2039184570312,-79.86965328454971,3207.4351501464844,285.63549757003784,3861.6513061523438,-93.94471675157547,3908.7899780273438
1,0.03333438155136268,True,177.2,144.5,176.4,171.2,171.6,175.3,8.0,14.3,282.15999841690063,1305.5580139160156,-274.4643008708954,1313.4035110473633,318.673757314682,1810.4864501953125,-395.99743366241455,1949.1087341308594,329.40428853034973,2258.4091186523438,-192.28979587554932,2393.111801147461,209.04380679130554,2392.1202850341797,-206.51164591312408,2433.732147216797,274.0119516849518,3203.1124877929688,-86.44740879535675,3265.9178924560547,287.1212589740753,3939.13330078125,-93.9786896109581,3980.55908203125
2,0.06666876310272536,True,179.6,133.8,176.6,171.6,171.3,167.4,6.3,17.7,282.41279125213623,1306.7913436889648,-123.1571513414383,1357.650032043457,304.0360414981842,1802.0282363891602,-373.9561128616333,1977.927474975586,321.47807121276855,2266.849136352539,-176.71892881393433,2416.8656158447266,209.756560921669,2404.0113830566406,-206.09608590602875,2450.80810546875,279.70075607299805,3215.562286376953,-84.95591819286346,3280.7801055908203,299.8326766490936,3958.139190673828,-86.1388286948204,4001.6464233398438
3,0.10000314465408805,True,179.9,130.3,176.6,171.7,171.3,165.8,6.0,19.8,282.6115107536316,1306.9501876831055,-93.12133759260178,1368.5648345947266,302.03909397125244,1798.22021484375,-384.2173969745636,1972.5283813476562,321.3375449180603,2274.8876953125,-187.80730962753296,2414.9954223632812,209.62845861911774,2412.022476196289,-206.13866865634918,2455.374526977539,280.31429529190063,3226.5174865722656,-85.41376322507858,3287.7115631103516,300.89788913726807,3964.761199951172,-85.4494258761406,4005.1803588867188
4,0.13333752620545072,True,179.7,139.1,177.7,174.3,172.5,172.2,7.0,17.0,282.18233585357666,1308.1139373779297,-172.19941198825836,1358.8909149169922,297.61019825935364,1790.2521514892578,-389.6830201148987,1961.4118194580078,315.12439012527466,2269.866714477539,-216.15548014640808,2412.7494049072266,182.78610169887543,2411.5917205810547,-227.08487570285797,2453.0980682373047,216.5198314189911,3222.092514038086,-156.2710815668106,3280.345001220703,217.87797331809998,3960.784149169922,-166.90305769443512,3997.3745727539062
5,0.16667190775681343,True,178.2,144.1,178.1,175.3,173.3,175.3,6.4,15.4,269.5711952447891,1314.3791198730469,-217.13995277881622,1354.7338485717773,284.10544753074646,1789.8432540893555,-390.01489520072937,1960.9696197509766,314.0914285182953,2274.2330932617188,-219.43478643894196,2430.2133178710938,180.4049116373062,2417.937698364258,-227.729651927948,2455.4166412353516,209.9376744031906,3231.536636352539,-167.15728282928467,3290.687255859375,211.83728992938995,3966.785888671875,-174.30310606956482,3997.8314208984375
6,0.2000062893081761,True,178.3,147.6,178.6,175.8,173.6,176.7,6.5,15.8,270.9862267971039,1324.1157531738281,-239.64696407318115,1346.7537689208984,285.35927295684814,1790.580711364746,-400.9261214733124,1935.9029388427734,315.287446975708,2286.1644744873047,-249.95166778564453,2425.696792602539,181.03995144367218,2418.574905395508,-229.45491313934326,2454.148635864258,205.58081209659576,3232.583999633789,-173.83199214935303,3286.0269927978516,210.27223706245422,3967.620391845703,-178.89943599700928,3994.5103454589844
7,0.2333406708595388,True,176.1,147.2,179.1,176.9,173.8,177.8,5.8,16.4,268.1111830472946,1333.6516571044922,-253.21621656417847,1345.546531677246,272.1390187740326,1799.0342330932617,-417.7989971637726,1932.0059967041016,310.50044417381287,2298.4032440185547,-266.28057539463043,2423.595428466797,166.78277671337128,2424.862289428711,-239.39821064472198,2452.4459838867188,180.22659838199615,3240.172348022461,-197.6961636543274,3285.3712463378906,180.99769055843353,3974.6072387695312,-200.87424337863922,3994.6490478515625
8,0.26667505241090145,True,175.3,147.5,178.9,176.2,173.3,177.4,6.6,14.8,261.37813568115234,1343.3071517944336,-270.2447783946991,1336.7409896850586,265.09384274482727,1808.9745712280273,-422.6661443710327,1921.1819458007812,309.2692458629608,2297.3524475097656,-261.1501747369766,2421.6769409179688,143.31387162208557,2431.88232421875,-267.46014654636383,2451.2283325195312,150.45858442783356,3250.4823303222656,-227.00632452964783,3283.820343017578,143.05097222328186,3991.0308837890625,-239.8139637708664,4001.593780517578
9,0.30000943396226415,True,174.4,147.2,178.8,175.8,173.9,177.8,6.5,15.0,255.69477081298828,1360.7434844970703,-283.2904529571533,1336.1634063720703,257.2002303600311,1827.835350036621,-434.5598316192627,1909.7701263427734,304.6964764595032,2300.540084838867,-272.6978087425232,2408.3290100097656,135.9009325504303,2440.8338928222656,-279.53718423843384,2450.305709838867,132.7905249595642,3265.232391357422,-244.97951209545135,3284.973907470703,114.42862093448639,4010.009307861328,-268.2879674434662,4017.337646484375
10,0.33334381551362685,True,180.0,143.1,179.3,175.9,174.9,172.3,5.7,14.4,237.89199471473694,1358.8822174072266,-173.31263065338135,1358.2783126831055,242.3204880952835,1869.404411315918,-364.1774010658264,1899.934959411621,245.7618534564972,2298.098831176758,-228.2028579711914,2331.6343688964844,140.04462361335754,2440.0682830810547,-268.9025527238846,2449.642868041992,139.52107787132263,3260.4917907714844,-229.64091897010803,3283.9833068847656,129.36818182468414,4002.1279907226562,-246.9819152355194,4014.2898559570312
11,0.36667819706498955,True,175.0,146.9,179.5,177.9,177.3,171.6,5.9,13.4,215.2079576253891,1357.734718322754,-88.92910927534103,1360.924072265625,239.71861124038696,1897.4322509765625,-294.8884427547455,1896.8427658081055,221.9672691822052,2322.9801177978516,-203.50167632102966,2324.911651611328,153.15787374973297,2442.4752044677734,-233.71722757816315,2449.507598876953,145.66263377666473,3259.024429321289,-222.34443068504333,3283.374252319336,132.1795204281807,3997.3736572265625,-239.36755299568176,4009.6389770507812
12,0.4000125786163522,True,176.7,142.4,179.8,179.8,178.9,172.6,4.6,16.0,197.86023437976837,1362.941665649414,-71.9661757349968,1359.8344802856445,218.25473248958588,1886.7098236083984,-310.73830246925354,1887.1929931640625,209.913067817688,2331.2825775146484,-207.5508999824524,2325.850296020508,153.35685074329376,2452.880172729492,-232.09888994693756,2450.1367950439453,135.11585533618927,3267.847137451172,-245.30416131019592,3283.1783294677734,115.86558759212494,3998.9955139160156,-254.8842340707779,4007.2361755371094
13,0.4333469601677149,True,179.5,142.7,179.7,179.4,179.3,173.4,4.0,17.3,185.9205847978592,1366.2763595581055,-74.90560054779053,1348.6256790161133,204.33463096618652,1880.3590393066406,-319.99462723731995,1862.7043533325195,216.31428837776184,2331.1319732666016,-221.0472822189331,2334.1690063476562,149.46574330329895,2451.5013885498047,-232.10862636566162,2437.297897338867,112.70405977964401,3265.1634979248047,-255.84688425064087,3259.3531036376953,84.28017050027847,3992.384033203125,-283.74656796455383,3978.8648986816406
14,0.4666813417190776,True,179.9,147.3,179.1,179.1,179.4,173.9,5.0,17.0,169.73065853118896,1366.4150619506836,-94.49338406324387,1318.8039779663086,198.30746591091156,1871.9853973388672,-326.5488302707672,1829.8919677734375,224.57745015621185,2325.732879638672,-256.60061180591583,2309.706802368164,138.27570140361786,2401.7273712158203,-232.18550384044647,2381.0476684570312,104.90578383207321,3209.9441528320312,-250.31901240348816,3200.7918548583984,85.81148386001587,3937.3855590820312,-277.09471106529236,3918.1105041503906
15,0.5000157232704403,True,179.9,156.8,179.9,179.0,176.7,170.8,4.8,6.3,119.04295116662979,1366.4311981201172,-25.250355899333954,1319.1350555419922,169.05002653598785,1870.279655456543,-196.79078936576843,1883.6985397338867,213.3937007188797,2323.095245361328,-146.43139243125916,2343.391571044922,134.83065873384476,2395.1119995117188,-226.0250222682953,2387.6559448242188,101.54465943574905,3194.469680786133,-246.60237193107605,3200.6661987304688,72.25707739591599,3914.0469360351562,-276.95093393325806,3916.450653076172
16,0.5333501048218029,True,176.2,157.9,179.6,178.8,175.8,170.9,0.8,0.2,84.38434213399887,1365.9391021728516,34.386053681373596,1319.230842590332,113.91300112009048,1869.4769668579102,-84.62378561496735,1910.9830856323242,110.67096680402756,2336.4488983154297,-0.12760414247168228,2358.603286743164,130.5489680171013,2387.3410034179688,-177.3820835351944,2391.9790649414062,107.7352112531662,3191.282730102539,-206.88805103302002,3203.3395385742188,82.48074352741241,3911.9412231445312,-247.91395604610443,3926.5594482421875
17,0.5666844863731656,True,179.6,172.8,177.5,177.0,179.9,168.0,0.9,15.9,67.06652015447617,1362.8181838989258,83.9900091290474,1320.8452606201172,83.44948500394821,1864.9681091308594,116.12657189369202,1884.2411041259766,101.57007873058319,2319.488983154297,204.3318146467209,2361.0555267333984,84.53144252300262,2382.9100799560547,-156.3156920671463,2394.2564392089844,99.81887519359589,3174.617156982422,-164.74314987659454,3208.226852416992,82.1010634303093,3887.6229858398438,-210.3903615474701,3933.4927368164062
18,0.6000188679245283,True,179.1,163.6,177.0,179.1,179.9,171.5,1.2,3.8,73.94031912088394,1363.3755111694336,87.60770827531815,1328.246726989746,95.85529178380966,1869.789161682129,15.669250153005123,1939.8795318603516,122.49850273132324,2326.93359375,89.66342836618423,2374.9633026123047,97.22794979810715,2385.0045776367188,-112.30587244033813,2403.7804412841797,116.28474444150925,3178.951950073242,-142.08478152751923,3224.0416717529297,96.61863505840302,3892.9714965820312,-181.70962393283844,3974.4607543945312
19,0.633353249475891,True,175.9,160.0,176.3,178.3,180.0,171.0,0.6,1.5,82.53363400697708,1363.3345413208008,90.41978716850281,1332.9334259033203,99.07860964536667,1866.9340896606445,12.212103344500065,1883.708724975586,136.99817061424255,2230.762252807617,104.12780374288559,2318.1790924072266,126.32453709840775,2379.792709350586,-89.37281638383865,2403.607864379883,160.27268528938293,3172.4935913085938,-97.53797829151154,3220.1976013183594,144.66866612434387,3887.962646484375,-127.85703331232071,3971.5159606933594
20,0.6666876310272537,True,179.8,163.0,176.1,178.9,179.0,173.5,1.1,1.9,87.3431271314621,1363.2305145263672,128.24224948883057,1340.236473083496,103.36364775896072,1861.2166213989258,45.468701273202896,1837.591781616211,114.03574436903,2164.3043518066406,98.46075743436813,2236.7491149902344,139.19536650180817,2376.9113159179688,-10.116953775286674,2385.717544555664,189.0162992477417,3109.1793823242188,-22.944876551628113,3123.467788696289,188.68083536624908,3819.729537963867,-50.489526987075806,3886.6433715820312
21,0.7000220125786164,True,104.2,127.9,175.9,179.3,178.2,178.0,6.5,0.4,99.45223867893219,1358.4369277954102,181.90872967243195,1339.537467956543,106.51717722415924,1817.2317123413086,153.7108701467514,1815.0125885009766,234.2596024274826,1847.4185943603516,319.82529401779175,1960.9286499023438,227.19999074935913,2341.6342163085938,130.41784822940826,2336.7869567871094,299.51467394828796,3082.163543701172,117.8196707367897,3098.502731323242,319.0113937854767,3824.362106323242,115.00106602907181,3877.7792358398438
22,0.7333563941299791,True,121.7,138.2,47.1,18.8,41.4,27.2,9.6,5.2,-0.9287244058214128,1355.8366012573242,189.09457683563232,1363.4045791625977,35.02366438508034,1775.8805465698242,192.12994158267975,1822.4955368041992,190.6125569343567,1854.5387649536133,333.68483662605286,1978.894271850586,-83.39585423469543,2348.337936401367,106.41000419855118,2353.3284759521484,77.3508095741272,2194.083023071289,190.79117596149445,2218.242874145508,84.04592514038086,2606.4232635498047,97.5375035405159,2616.8797302246094
23,0.7666907756813417,True,143.0,158.6,152.0,172.5,150.2,172.9,9.3,9.9,-205.78649997711182,1355.6952667236328,182.81040251255035,1362.7978134155273,-111.16132825613022,1784.5263290405273,215.61492383480072,1827.700424194336,73.32919389009476,1942.6258850097656,325.17298579216003,2057.7291870117188,-151.0135442018509,2350.957260131836,81.50571763515472,2354.304428100586,-24.969926923513412,2545.7242584228516,87.19797402620316,2621.565170288086,25.766935274004936,3131.309051513672,27.206408455967903,3171.1205291748047
24,0.8000251572327044,True,128.3,147.7,135.8,163.2,136.0,164.8,5.4,12.3,-217.54524528980255,1338.4261322021484,191.17638409137726,1346.3402938842773,-148.52081179618835,1785.1238250732422,234.31459307670593,1822.0598602294922,22.04932115972042,1881.7905807495117,303.0910134315491,1911.7989349365234,-160.915305018425,2302.711715698242,69.04069572687149,2330.8216094970703,21.57038390636444,2470.9446716308594,123.24106961488724,2708.2827758789062,50.84757775068283,3000.0267791748047,49.49240908026695,3196.5103912353516
25,0.8333595387840671,True,140.8,152.0,169.7,177.2,171.5,173.4,5.4,10.5,-167.10637986660004,1322.8681182861328,215.77500343322754,1317.4314880371094,-87.1318307518959,1780.5007553100586,242.1324384212494,1792.5337600708008,51.21695414185524,1900.4245376586914,319.8368489742279,1920.9938049316406,-91.72004163265228,2272.5979614257812,89.07608091831207,2304.097366333008,23.442290872335434,2770.195770263672,81.20275408029556,2904.3667602539062,57.74948760867119,3497.8610229492188,33.31797458231449,3674.2916107177734
26,0.8666939203354298,True,133.7,142.2,175.0,175.7,173.2,178.5,4.2,12.5,-118.9280292391777,1314.2122650146484,252.80364990234375,1317.7086639404297,-64.18828591704369,1775.885353088379,295.69281578063965,1791.4973831176758,57.76124373078346,1867.672462463379,282.51221537590027,1812.1231842041016,-78.76621127128601,2223.7998962402344,131.33427053689957,2259.188690185547,13.73667262494564,2787.758560180664,65.34192681312561,2906.1959838867188,67.27176547050476,3500.925521850586,44.48403149843216,3674.234619140625
27,0.9000283018867925,True,133.1,155.6,177.4,173.6,171.4,178.6,0.5,13.2,-44.33626726269722,1311.5968322753906,272.19576358795166,1316.784896850586,-49.36404526233673,1747.3591232299805,322.806601524353,1760.4214096069336,63.43063160777092,1855.4475402832031,294.7475302219391,1847.416877746582,-61.87239423394203,2182.305450439453,164.48697745800018,2232.538604736328,14.6170349791646,2769.5361328125,70.57138949632645,2889.345016479492,71.91242426633835,3451.4769744873047,48.24047863483429,3645.5392456054688
28,0.9333626834381552,True,127.0,161.0,176.5,171.9,170.9,178.3,5.0,14.2,3.0245965998619795,1309.0130996704102,290.9624934196472,1316.949119567871,-53.27931270003319,1752.4788665771484,345.65483808517456,1769.9465560913086,65.86012959480286,1868.4553527832031,316.62341237068176,1904.8266220092773,-30.566460639238358,2161.457977294922,179.3717086315155,2185.158920288086,42.27878496050835,2764.4114685058594,73.40611159801483,2853.0308532714844,81.76555931568146,3429.90966796875,61.986157447099686,3592.7883911132812
29,0.9666970649895178,True,120.5,168.3,177.2,173.2,176.3,178.7,9.7,14.7,17.681724652647972,1301.9948959350586,288.98595213890076,1313.8825607299805,-49.62150111794472,1736.0894393920898,349.25374031066895,1768.9013671875,70.75941503047943,1834.4921493530273,337.6198625564575,1929.8648071289062,30.76968625187874,2133.639907836914,184.08415138721466,2145.0279235839844,81.47002279758453,2770.4196166992188,80.85112452507019,2834.7171020507812,102.09328651428223,3432.417755126953,59.48798552155495,3554.821014404297
30,1.0000314465408806,True,134.3,170.9,178.4,170.5,177.7,176.9,7.7,15.1,57.07689821720123,1300.5731964111328,286.744966506958,1316.5303802490234,14.286603257060051,1679.9988555908203,351.0674178600311,1758.2452011108398,113.70724081993103,1801.4674758911133,348.46166253089905,1941.778335571289,74.55286055803299,2078.1543731689453,192.38257348537445,2107.664337158203,113.09805482625961,2688.1727600097656,82.05102145671844,2740.2236938476562,135.07731199264526,3319.134292602539,77.53936618566513,3398.5608673095703
31,1.0333658280922433,True,110.9,139.3,176.3,169.1,178.1,176.3,4.4,25.5,62.308416813611984,1297.4098205566406,287.555969953537,1316.7308807373047,57.84409582614899,1580.0957107543945,429.3867838382721,1716.8690872192383,177.1909761428833,1627.9583358764648,369.7507846355438,1870.9034729003906,107.9583603143692,2055.2975463867188,207.97682404518127,2079.3509674072266,164.705411195755,2663.304977416992,101.90770715475082,2699.527359008789,182.13398694992065,3277.905807495117,115.5003672838211,3336.009979248047
32,1.0667002096436058,True,107.4,153.5,175.5,171.9,175.6,178.1,19.8,18.8,59.91940140724182,1292.9065704345703,323.1808018684387,1317.077407836914,-44.90798816084862,1625.3921127319336,400.8593022823334,1696.047477722168,74.37266439199448,1708.5308074951172,359.28112506866455,1852.2634506225586,89.69706326723099,2039.7706604003906,241.17559790611267,1960.8476257324219,152.8182578086853,2577.7091217041016,130.41482269763947,2649.7840118408203,175.6101679801941,3162.836151123047,118.99504959583282,3266.260986328125
33,1.1000345911949685,True,87.7,159.2,175.0,171.1,172.6,179.7,23.6,20.8,59.414149671792984,1289.4005584716797,335.8862006664276,1319.2529296875,-78.02454560995102,1617.3193359375,404.61665868759155,1644.1877746582031,68.40555936098099,1671.8068313598633,376.9434070587158,1821.0786437988281,71.05902314186096,2054.0242767333984,236.88169240951538,1953.284683227539,145.1158171892166,2562.4015045166016,129.24814224243164,2617.712860107422,177.67726600170135,3123.4838104248047,125.99056988954544,3205.4283142089844
34,1.1333689727463312,True,94.9,155.9,176.5,175.2,172.2,179.8,20.6,16.3,53.10636252164841,1290.0078964233398,352.0333993434906,1325.0114822387695,-67.39979535341263,1635.1215362548828,405.36052107810974,1670.3345489501953,84.607153236866,1703.2407760620117,366.4901304244995,1812.6411437988281,71.3459900021553,2067.2048950195312,264.25464391708374,1987.0269012451172,142.20610857009888,2507.406692504883,181.7282599210739,2595.7564544677734,194.18031871318817,3030.963821411133,152.56993889808655,3168.7071990966797
35,1.166703354297694,True,106.3,142.7,175.9,172.2,173.4,179.9,20.0,18.7,51.149732619524,1289.8669052124023,362.0028483867645,1325.0842666625977,-62.54641592502594,1658.990364074707,428.9344346523285,1682.6529693603516,73.04208219051361,1748.331184387207,361.51795864105225,1816.9424057006836,90.5005270242691,2066.1781311035156,263.1261044740677,2017.2159576416016,170.52135229110718,2546.3903045654297,179.44086134433746,2613.0606079101562,223.88502180576324,3113.2301330566406,177.42719292640686,3218.3958435058594
36,1.2000377358490566,True,132.3,143.2,178.9,172.5,178.3,179.5,16.7,19.4,51.09466955065727,1290.1585006713867,358.035603761673,1325.0713348388672,-26.62462927401066,1678.085060119629,428.28088760375977,1689.9513244628906,73.5516831278801,1814.1058731079102,360.16091108322144,1830.252571105957,123.81528496742249,2057.706527709961,251.55830562114716,2037.7043151855469,187.1297836303711,2565.0173950195312,171.67222917079926,2607.721481323242,246.8633884191513,3128.5855865478516,166.85724020004272,3198.1118774414062
37,1.2333721174004193,True,131.4,145.3,179.3,169.0,178.2,177.5,19.2,18.8,55.03343313932419,1289.458351135254,364.16407585144043,1324.4664001464844,-41.62181004881859,1666.2786483764648,427.20608353614807,1669.7251510620117,56.958604753017426,1811.1613082885742,363.6833381652832,1810.392951965332,116.36229783296585,2019.1069793701172,259.80456948280334,2030.8563995361328,170.8329176902771,2489.655303955078,160.5816274881363,2544.7249603271484,236.3639885187149,3004.4384765625,161.7295914888382,3100.067367553711
38,1.266706498951782,True,121.3,143.2,175.6,163.5,178.4,172.5,20.9,16.7,66.25878766179085,1284.6224212646484,376.7116963863373,1325.2971267700195,-42.46290788054466,1641.727409362793,425.8471691608429,1662.5673294067383,60.79067811369896,1757.483139038086,367.1583867073059,1770.4930114746094,112.57834732532501,1948.8766479492188,278.97021889686584,1988.1463623046875,147.10738956928253,2298.7342071533203,154.49005722999573,2425.9547424316406,223.40042173862457,2728.823776245117,159.748415350914,2929.5174407958984
39,1.3000408805031447,True,116.5,150.5,178.1,174.7,179.7,179.9,14.1,17.5,81.53021961450577,1275.1511764526367,389.5839500427246,1313.6547088623047,22.099505960941315,1617.040901184082,439.8084855079651,1639.8468017578125,162.68075108528137,1720.686264038086,401.63979291915894,1740.6929397583008,125.99945336580276,1879.0089797973633,301.24292850494385,1884.8268127441406,166.20332300662994,2390.964889526367,209.50035631656647,2471.140823364258,224.55356776714325,2909.769973754883,174.60190951824188,3032.14599609375
40,1.3333752620545074,True,178.4,178.1,176.9,172.2,175.1,168.3,7.2,0.8,224.97474431991577,1273.879165649414,271.5583097934723,1298.3989334106445,290.4749321937561,1592.5870513916016,282.989798784256,1598.6052703857422,313.6780250072479,1691.4938735961914,283.81168127059937,1746.97265625,270.18269062042236,1856.5920639038086,285.15260338783264,1846.827621459961,266.73242568969727,2317.122802734375,194.80699002742767,2343.9273834228516,289.8668646812439,2812.1683502197266,171.2996381521225,2893.1407928466797
41,1.36670964360587,True,50.9,170.1,178.8,179.5,179.7,176.6,12.1,8.6,174.13626730442047,1253.7278366088867,385.54956436157227,1298.3081817626953,242.18664050102234,1481.8402862548828,400.6607758998871,1587.7199935913086,254.25460159778595,1464.122657775879,392.3194169998169,1656.3416290283203,218.27369034290314,1818.8793182373047,331.8419337272644,1841.4126205444336,243.1317812204361,2157.0982360839844,264.3756651878357,2265.966339111328,278.8561820983887,2536.9132232666016,202.07629680633545,2679.378890991211
42,1.4000440251572328,True,90.6,174.0,176.4,172.1,177.8,178.2,5.3,9.8,151.7705225944519,1245.527458190918,385.7895791530609,1281.9130325317383,150.28323233127594,1529.7787857055664,400.258766412735,1580.4449844360352,225.5124843120575,1530.9453964233398,394.31742668151855,1685.236473083496,201.28405809402466,1811.6632461547852,318.35559368133545,1830.992546081543,251.7410445213318,2213.7293243408203,249.9616777896881,2274.8597717285156,280.6672203540802,2676.9751739501953,242.7347606420517,2753.301315307617
43,1.4333784067085955,True,111.5,160.2,175.9,175.3,179.6,178.6,10.3,10.1,145.45815289020538,1234.5207595825195,418.581805229187,1273.3211517333984,122.23419517278671,1472.5388717651367,431.49500012397766,1540.9648132324219,220.0081890821457,1522.5091552734375,419.2456519603729,1580.9027481079102,188.3627039194107,1754.6535873413086,353.6482608318329,1778.1249618530273,222.0643436908722,2128.8088989257812,315.0321435928345,2147.4485778808594,229.37023043632507,2534.6532440185547,306.800411939621,2532.366256713867
44,1.4667127882599582,True,175.3,145.3,175.7,170.7,179.1,178.0,11.1,16.6,147.6394808292389,1216.1006927490234,427.4816644191742,1251.2902450561523,116.75987362861633,1464.7211837768555,471.368772983551,1498.7826919555664,82.2904971241951,1630.217514038086,427.48066663742065,1594.434585571289,183.00395607948303,1720.9137725830078,370.65393805503845,1743.5345077514648,217.3200523853302,2124.620361328125,314.23253417015076,2115.688705444336,221.17538452148438,2523.5396575927734,318.7717008590698,2504.8509979248047
45,1.5000471698113207,True,179.7,123.0,177.7,173.5,179.3,180.0,17.2,21.1,166.27089858055115,1216.0120010375977,428.98258566856384,1245.8293533325195,104.48042303323746,1462.3640441894531,482.55664229393005,1470.1495742797852,59.52109336853027,1637.2877883911133,453.1275200843811,1501.0969161987305,192.60023474693298,1696.5948486328125,364.7416627407074,1721.110496520996,212.6072233915329,1996.3501739501953,324.5304465293884,2020.4173278808594,220.70805251598358,2292.718276977539,318.98062348365784,2301.4810180664062
46,1.5333815513626834,True,174.9,124.5,178.3,168.0,178.6,178.7,22.9,20.5,175.66773355007172,1214.8994064331055,431.7486619949341,1240.4135513305664,89.99195605516434,1439.8356628417969,483.01079392433167,1473.7369537353516,46.683247089385986,1593.3607864379883,444.3778431415558,1515.0637435913086,191.65943920612335,1672.3301696777344,367.47130393981934,1694.1347122192383,211.33883357048035,2003.8488006591797,309.9487352371216,2041.255874633789,220.69673895835876,2326.6493225097656,324.69018816947937,2371.6971588134766
47,1.566715932914046,True,177.8,73.8,174.2,177.9,177.9,173.2,22.9,18.5,172.5579535961151,1218.5026931762695,444.73849296569824,1237.1000289916992,88.19746971130371,1448.1142044067383,484.52693939208984,1466.9443130493164,35.99095746874809,1609.2780303955078,448.1916546821594,1462.8942489624023,194.6438205242157,1683.673324584961,373.34598541259766,1704.19921875,210.17450273036957,1866.3739013671875,364.2143189907074,1976.6828155517578,207.71669268608093,2011.2320709228516,364.90716576576233,2222.134552001953
48,1.6000503144654088,True,177.3,70.9,169.3,178.8,177.4,170.5,23.2,17.1,172.9757022857666,1219.0374755859375,447.7121078968048,1238.1175231933594,85.77043801546097,1455.633316040039,480.1182246208191,1473.2643127441406,35.1638688147068,1615.6031799316406,442.1441638469696,1465.7205963134766,196.64453387260437,1676.158332824707,372.5852572917938,1697.135009765625,213.57510387897491,1850.6792449951172,373.2810974121094,1924.0054321289062,202.2565734386444,1975.0296020507812,367.74974942207336,2232.850570678711
49,1.6333846960167715,True,174.2,45.1,169.6,179.7,177.6,170.6,25.4,17.8,178.99432182312012,1219.248046875,449.4343113899231,1240.451431274414,83.40282261371613,1454.102783203125,482.62162685394287,1472.2240447998047,37.46186077594757,1610.3656768798828,439.43029403686523,1439.9466705322266,204.1656357049942,1665.5400466918945,373.3247423171997,1689.781494140625,222.53062963485718,1852.6366424560547,372.32792615890503,1928.4786987304688,199.94439125061035,2120.497512817383,373.01987171173096,2296.198196411133
50,1.6667190775681342,True,176.3,46.7,173.3,180.0,175.1,170.8,26.6,17.9,180.35013020038605,1224.2222213745117,450.8261525630951,1241.839485168457,82.05551952123642,1457.2916793823242,481.66720032691956,1462.7021026611328,27.58204512298107,1614.2143249511719,438.0059766769409,1431.676368713379,209.5722609758377,1668.5789108276367,372.406622171402,1686.726951599121,237.06058502197266,1848.200340270996,369.40938234329224,1914.2243957519531,246.41541659832,2111.960906982422,364.89899039268494,2242.001953125
51,1.700053459119497,True,177.8,47.1,169.3,177.1,170.0,169.4,27.6,19.2,180.11396169662476,1231.4744567871094,450.9116721153259,1244.2000579833984,83.48918706178665,1461.086769104004,485.36195397377014,1450.9447860717773,23.493159636855125,1620.6602096557617,433.75014781951904,1416.8571853637695,217.33384430408478,1675.9869003295898,373.7976264953613,1692.744483947754,261.0964071750641,1842.3432540893555,377.95390248298645,1958.862533569336,278.98454189300537,2095.162353515625,368.2151985168457,2238.1285858154297
52,1.7333878406708596,True,175.4,51.0,171.8,179.9,173.0,171.3,28.5,19.8,182.74657666683197,1236.203269958496,448.5291624069214,1247.0680618286133,86.2426221370697,1458.003273010254,484.97623085975647,1447.349739074707,30.16232080757618,1621.391258239746,433.41463565826416,1419.1136169433594,220.97476601600647,1670.013656616211,375.0724697113037,1686.6032409667969,257.7944415807724,1843.0121612548828,372.00058937072754,1917.8013610839844,266.5523421764374,1973.6448669433594,368.10521721839905,2236.4994049072266
53,1.7667222222222223,True,177.9,61.6,174.8,177.7,178.3,172.9,28.5,20.6,188.7473487854004,1242.411231994629,447.4924349784851,1247.4365615844727,98.0129224061966,1456.0225296020508,485.12142419815063,1433.971939086914,34.18648526072502,1622.8726959228516,420.5586361885071,1414.2195510864258,228.47880899906158,1656.2554550170898,379.47500467300415,1667.0233154296875,253.33738267421722,1854.202766418457,371.27500891685486,1891.1769104003906,260.87404668331146,2079.7750854492188,372.5538110733032,2198.4750366210938
54,1.800056603773585,True,178.8,79.2,177.2,175.2,177.2,173.6,27.7,20.9,191.35484218597412,1244.725112915039,446.36162638664246,1247.8732681274414,111.65597051382065,1454.0400695800781,484.427193403244,1429.6650695800781,43.409999907016754,1622.6042175292969,401.65533900260925,1431.1830139160156,239.3443787097931,1645.1570892333984,381.3243770599365,1654.042854309082,253.33009243011475,1843.1575012207031,370.56381583213806,1884.2448806762695,255.6244271993637,1945.1463317871094,381.3469398021698,2176.670608520508
55,1.8333909853249477,True,179.5,92.7,179.2,175.5,174.1,172.1,26.7,20.0,194.23286318778992,1246.029167175293,445.74193954467773,1247.2034454345703,123.12519013881683,1450.927734375,480.3816068172455,1431.1314010620117,64.36368629336357,1615.9015274047852,384.8102080821991,1453.7641525268555,244.98604595661163,1627.3075103759766,381.7365252971649,1635.4186248779297,251.11929774284363,1842.1055603027344,375.3851294517517,1881.5821838378906,252.64085054397583,1951.615219116211,391.40177965164185,2186.004180908203
56,1.8667253668763104,True,179.6,120.9,177.5,178.5,174.4,171.1,25.3,17.7,196.8824565410614,1245.9956359863281,442.7070093154907,1241.055679321289,131.84527963399887,1448.2407760620117,470.7780861854553,1428.1433486938477,82.3790180683136,1606.2221145629883,382.4908483028412,1500.728988647461,245.34128844738007,1615.1681900024414,380.9909248352051,1623.8836669921875,252.14091360569,1826.253662109375,380.0437080860138,1866.8350982666016,250.83076179027557,1937.2119140625,385.906126499176,2134.9008178710938
57,1.9000597484276731,True,179.7,127.8,173.0,178.4,173.5,170.6,24.2,15.1,204.60504591464996,1245.9647369384766,439.8265743255615,1234.745750427246,144.72982048988342,1443.0643844604492,458.4796214103699,1415.028305053711,98.68047058582306,1591.406135559082,370.48569917678833,1499.1371154785156,248.89268338680267,1593.6419677734375,380.39637565612793,1602.377586364746,251.894348859787,1827.246437072754,381.1822736263275,1863.7733459472656,233.4905058145523,1994.9418640136719,390.1571595668793,2157.371063232422
58,1.9333941299790356,True,176.1,128.6,176.4,179.4,173.6,171.2,21.9,13.0,209.83583629131317,1243.359375,439.88096952438354,1228.8183975219727,159.6660178899765,1433.3298110961914,453.1922149658203,1416.7500686645508,131.59330755472183,1579.6092224121094,368.68061542510986,1494.488410949707,252.86288917064667,1588.3953094482422,381.2721383571625,1599.2377853393555,255.57769238948822,1798.2342910766602,380.21326661109924,1853.518409729004,250.33554017543793,1903.2123184204102,382.00557231903076,2123.5079956054688
59,1.9667285115303983,True,172.3,132.2,178.9,178.3,172.5,171.8,19.4,12.8,215.23430228233337,1234.9214172363281,439.8778796195984,1221.756820678711,174.4479775428772,1420.0108337402344,453.0070459842682,1408.2465362548828,163.95289063453674,1545.7381439208984,369.7170853614807,1495.1847839355469,256.8374401330948,1573.7119674682617,384.1119861602783,1583.324317932129,254.8565536737442,1799.8490524291992,381.56110882759094,1838.8189315795898,256.0642075538635,1908.006362915039,371.5278661251068,2093.185272216797
60,2.000062893081761,True,170.6,130.9,179.2,176.7,172.7,172.0,18.2,12.2,219.25185441970825,1226.9316101074219,443.6777865886688,1216.420555114746,180.1610505580902,1415.065040588379,454.29112672805786,1402.9370498657227,175.2733039855957,1536.1958312988281,374.5495355129242,1480.359878540039,257.5333285331726,1563.951759338379,386.47666454315186,1577.8833389282227,254.23981189727783,1797.1965408325195,382.34015107154846,1827.9651260375977,254.1527795791626,1927.3452758789062,362.36069798469543,2096.7679595947266
61,2.0333972746331237,True,148.1,123.1,180.0,174.6,173.2,171.1,17.9,11.6,221.72403573989868,1221.0261154174805,447.040536403656,1210.5479049682617,181.76739871501923,1410.6067657470703,454.7653305530548,1397.7900695800781,218.13668847084045,1510.3906631469727,376.9393515586853,1453.2744598388672,257.7451157569885,1561.490249633789,388.09377908706665,1573.9950942993164,254.7301733493805,1802.105484008789,386.67049169540405,1815.040626525879,253.04556369781494,1944.2108917236328,360.5971348285675,2074.647216796875
62,2.0667316561844866,True,121.3,102.5,179.2,170.9,175.2,168.8,17.3,11.4,226.2984949350357,1215.7711029052734,451.71839475631714,1208.3654022216797,186.6499149799347,1405.9721374511719,455.87859749794006,1397.204704284668,238.64742815494537,1454.6395111083984,378.88100266456604,1415.9937286376953,259.3799167871475,1555.2194595336914,388.0673861503601,1565.3233337402344,262.6909750699997,1802.284927368164,392.5741732120514,1800.458106994629,266.71493232250214,1949.747314453125,358.7679433822632,2039.9604034423828
63,2.100066037735849,True,122.1,105.2,179.8,169.3,175.5,167.4,15.9,11.6,231.81336343288422,1213.3696746826172,455.35353899002075,1205.2558135986328,197.84676432609558,1402.5267791748047,458.63131642341614,1393.2667922973633,260.1511538028717,1459.1431045532227,389.17978405952454,1413.4284210205078,265.7096189260483,1551.035499572754,389.4052827358246,1558.4147644042969,271.0389804840088,1802.3303604125977,397.7051854133606,1796.766242980957,274.51724767684937,1998.3924865722656,358.9381778240204,2049.9488067626953
64,2.1334004192872116,True,108.1,94.9,177.4,171.4,175.6,166.0,16.0,11.5,239.70485150814056,1210.0440216064453,458.85472297668457,1205.7196426391602,204.52300250530243,1398.3526611328125,460.90699911117554,1393.3331680297852,261.48290276527405,1429.5203018188477,396.3337504863739,1399.592056274414,271.64286375045776,1547.065658569336,392.41974234580994,1552.639503479004,276.3291549682617,1802.6782608032227,405.8775329589844,1799.3013381958008,270.7824218273163,2011.2437438964844,381.09543442726135,2056.3998413085938
65,2.1667348008385745,True,89.9,87.4,177.1,175.8,175.5,165.6,16.5,10.5,248.49266946315765,1210.8897399902344,460.8958947658539,1207.5638580322266,209.92743909358978,1399.0375900268555,461.7627418041229,1394.4134902954102,261.303688287735,1409.4989776611328,396.4743733406067,1391.7061614990234,277.16593980789185,1544.7564697265625,398.37498664855957,1552.3309707641602,279.168359041214,1799.618911743164,415.6882059574127,1790.5543899536133,270.04766821861267,2010.8226013183594,415.4500901699066,2044.944076538086
66,2.200069182389937,True,74.9,85.0,173.9,179.2,174.7,165.0,16.2,9.5,257.85269916057587,1211.6799545288086,463.11051964759827,1208.726577758789,220.1945811510086,1394.9731063842773,461.6235673427582,1391.678352355957,280.78640699386597,1391.2946319580078,398.4365916252136,1385.6238555908203,284.45576548576355,1542.4739456176758,403.3441650867462,1549.3636322021484,281.1679458618164,1797.4707412719727,425.25155782699585,1798.8805389404297,255.68680465221405,2010.5321502685547,449.99107360839844,2043.4993743896484
67,2.2334035639413,True,55.8,61.5,175.1,174.7,175.3,164.7,17.5,9.2,268.7605619430542,1212.5360870361328,465.24696350097656,1210.5846405029297,225.8724421262741,1388.7437438964844,463.6427879333496,1386.262092590332,274.8685312271118,1370.4225540161133,425.55967926979065,1365.1641082763672,290.63242077827454,1539.0479278564453,408.4121882915497,1541.1754989624023,286.5456998348236,1794.6509170532227,431.94525718688965,1785.2142333984375,265.33620715141296,2002.2908020019531,473.8463294506073,2004.3115997314453
68,2.2667379454926624,True,58.4,61.6,177.9,170.5,175.6,164.6,18.5,10.3,279.63078260421753,1212.7053451538086,469.2263424396515,1217.574462890625,232.64606058597565,1385.8362579345703,471.6305136680603,1388.093376159668,276.93796277046204,1372.8229522705078,445.46191692352295,1374.4327926635742,298.0648970603943,1534.489974975586,416.36428356170654,1535.383071899414,293.1166076660156,1792.339210510254,440.4858183860779,1767.7361297607422,281.6054892539978,2000.4629516601562,492.4083209037781,1955.965805053711
69,2.3000723270440253,True,86.9,47.9,175.8,175.6,175.4,164.3,15.7,10.3,291.5560448169708,1213.443717956543,475.0966143608093,1222.7339172363281,253.9057320356369,1380.2072525024414,478.02796840667725,1389.242820739746,311.918967962265,1390.0017929077148,469.28218603134155,1381.6127014160156,308.2955074310303,1533.0920791625977,424.26597476005554,1533.0639266967773,300.9664463996887,1788.4160614013672,451.3982677459717,1774.7142791748047,279.1396164894104,2000.6993865966797,489.596346616745,1974.1607666015625
70,2.333406708595388,True,94.7,23.1,174.7,178.1,175.5,166.0,14.0,9.5,303.89261841773987,1215.2019882202148,482.7200210094452,1228.1096649169922,270.78895568847656,1379.2957305908203,483.62632870674133,1391.5132141113281,332.72709488868713,1397.215347290039,479.37548875808716,1381.6872024536133,318.5380268096924,1533.1425476074219,433.0400490760803,1533.8444137573242,310.23107528686523,1783.6140060424805,452.8737938404083,1770.4819107055664,283.80505084991455,1993.2099151611328,475.32349705696106,1962.4539184570312
71,2.3667410901467507,True,101.8,55.8,170.5,178.6,176.2,167.4,15.4,8.8,312.93245673179626,1215.395278930664,490.3454554080963,1229.164695739746,277.28464365005493,1373.7032318115234,489.48768496513367,1391.9634246826172,333.19708228111267,1399.1292572021484,470.3107702732086,1378.7858963012695,327.823383808136,1525.3612518310547,442.4011731147766,1527.8260803222656,323.7172544002533,1755.4203414916992,455.09698033332825,1735.3480911254883,289.37528014183044,1940.3324890136719,468.29541206359863,1888.385238647461
72,2.400075471698113,True,93.9,7.5,168.9,180.0,177.8,168.3,13.9,10.6,327.7575945854187,1214.9042129516602,496.0331654548645,1228.9811325073242,296.5870213508606,1364.6398544311523,500.5853998661041,1386.1355209350586,349.4228160381317,1379.4234466552734,502.23556995391846,1370.0917053222656,338.9912974834442,1518.2952117919922,450.2737033367157,1518.6862564086914,338.74648690223694,1738.0309295654297,459.29200887680054,1705.894775390625,299.4020211696625,1938.0853271484375,467.4014961719513,1873.0788803100586
73,2.433409853249476,True,67.9,47.4,171.4,180.0,175.9,170.8,17.1,11.5,336.2419903278351,1212.6259231567383,502.4686002731323,1225.3108978271484,297.56178975105286,1363.1758117675781,510.143666267395,1375.4658508300781,363.3694553375244,1354.3156814575195,487.83281564712524,1356.9367218017578,350.41576981544495,1512.4199295043945,459.63032126426697,1511.0789108276367,345.391970872879,1714.4839096069336,461.84417366981506,1693.7152862548828,310.59372067451477,1912.2451400756836,463.8148891925812,1859.1096496582031
74,2.4667442348008386,True,42.1,42.4,172.4,179.4,175.2,172.4,16.7,13.8,349.1368067264557,1207.3848724365234,509.64805841445923,1219.8882293701172,316.3329613208771,1344.5601654052734,523.4096574783325,1356.9261932373047,358.34755539894104,1315.7097244262695,494.49699997901917,1331.0307312011719,365.7189095020294,1502.083396911621,469.78442430496216,1499.534568786621,360.7123303413391,1689.5134735107422,468.0999755859375,1683.7715148925781,329.35462474823,1884.2591857910156,468.3780348300934,1866.2166595458984
75,2.5000786163522015,True,44.9,58.2,175.8,176.6,171.6,175.8,20.8,18.6,357.9242706298828,1201.640281677246,515.6448876857758,1214.1557693481445,319.4685709476471,1332.2428894042969,540.1341533660889,1342.5123596191406,359.36854362487793,1310.4262161254883,491.6795861721039,1323.9603424072266,379.7324323654175,1488.7272262573242,478.2355070114136,1488.1109619140625,366.81514978408813,1670.8348846435547,466.56970024108887,1675.0036239624023,337.5309956073761,1873.4592819213867,465.91943621635437,1858.5401916503906
76,2.533412997903564,True,73.4,73.9,174.4,174.0,171.1,177.6,18.2,18.6,365.61620235443115,1198.6031341552734,523.067193031311,1205.3369522094727,334.9293601512909,1332.799301147461,547.2609543800354,1337.486343383789,381.7474687099457,1329.7663879394531,499.96606707572937,1332.726173400879,390.6900715827942,1467.6228332519531,484.87828731536865,1469.8445892333984,378.9563834667206,1655.3875350952148,464.9097454547882,1666.3383865356445,345.74267506599426,1860.3230667114258,465.5089294910431,1859.568099975586
77,2.5667473794549265,True,69.0,9.9,173.1,176.0,171.7,177.7,18.1,15.9,367.826771736145,1194.569435119629,530.3178799152374,1202.84912109375,339.3021869659424,1329.0768814086914,548.2438659667969,1338.3904266357422,395.84277749061584,1320.0531005859375,542.2123718261719,1319.1551971435547,396.697940826416,1463.9147186279297,491.3554036617279,1468.4122467041016,390.2645981311798,1635.7120513916016,470.98848938941956,1661.268653869629,358.49870324134827,1835.5287551879883,464.16115164756775,1856.6112899780273
78,2.6000817610062894,True,82.3,28.5,175.8,178.0,171.5,176.0,19.6,15.4,373.43762040138245,1190.86669921875,539.8029863834381,1200.054588317871,342.05960512161255,1325.7703399658203,553.4720492362976,1337.5912857055664,393.3077037334442,1330.6140518188477,540.6425070762634,1318.6612701416016,402.5448453426361,1447.983627319336,496.0198724269867,1456.5059280395508,396.3831889629364,1618.8772201538086,476.54980301856995,1651.5354537963867,373.63762736320496,1826.5229415893555,463.3478307723999,1858.0238342285156
79,2.633416142557652,True,73.7,45.2,176.6,175.4,172.7,173.9,18.5,13.8,376.75453662872314,1191.2044143676758,542.6036953926086,1197.3369598388672,349.54766750335693,1322.299690246582,553.2580089569092,1335.0315856933594,413.24512124061584,1317.2252655029297,525.4422676563263,1311.3579940795898,407.0499587059021,1446.1387252807617,500.25529503822327,1454.3342971801758,405.52200078964233,1614.335060119629,488.9961326122284,1653.5719299316406,391.21187925338745,1822.291603088379,459.86451029777527,1865.537109375
80,2.666750524109015,True,82.1,31.2,178.2,174.1,173.2,173.8,17.2,15.1,382.58480072021484,1192.2205352783203,545.2945518493652,1197.5332260131836,358.5456955432892,1322.8242874145508,558.857753276825,1330.2838897705078,416.38858437538147,1325.3884506225586,540.453507900238,1305.9028244018555,413.06819200515747,1449.8591995239258,502.7232599258423,1458.0047607421875,413.0081641674042,1616.9329833984375,491.8288028240204,1657.243881225586,406.4451742172241,1827.1849822998047,458.3832550048828,1868.0768966674805
81,2.7000849056603773,True,77.1,42.6,178.9,173.7,172.9,175.7,16.9,18.6,388.18570375442505,1193.0449676513672,548.6279153823853,1197.5184631347656,364.77999687194824,1325.7123184204102,570.360631942749,1327.686882019043,431.6388416290283,1322.2761154174805,537.040354013443,1301.7202377319336,419.35386300086975,1450.2715301513672,506.5782701969147,1459.3672943115234,418.88065695762634,1611.3545608520508,489.4099223613739,1660.9613800048828,421.86537623405457,1786.8770599365234,448.5067284107208,1867.2270584106445
82,2.73341928721174,True,79.4,37.5,179.1,173.7,174.0,175.9,15.9,18.0,394.80141520500183,1193.6378860473633,551.0854840278625,1198.3490753173828,373.10941457748413,1327.760124206543,570.7894849777222,1330.484733581543,444.9285864830017,1326.0297775268555,542.8029298782349,1303.4274673461914,424.6671152114868,1446.9499969482422,507.68986344337463,1458.1927871704102,426.38288140296936,1592.6908493041992,488.6304295063019,1660.8020782470703,430.0842010974884,1730.5104446411133,446.90261721611023,1862.2290802001953
83,2.7667536687631027,True,84.1,36.4,178.2,173.8,174.9,176.4,16.1,20.2,399.08028960227966,1194.4453811645508,554.8862600326538,1198.7124252319336,377.9233253002167,1328.7970733642578,579.6441864967346,1331.6009902954102,444.0595829486847,1332.3115539550781,550.5919361114502,1304.4260787963867,430.82346081733704,1446.2460708618164,510.8876895904541,1458.4067916870117,435.86100339889526,1587.8593826293945,490.0117778778076,1654.859275817871,436.42964243888855,1720.7282638549805,446.9985008239746,1853.5387802124023
84,2.8000880503144656,True,85.0,60.0,169.9,172.2,179.3,176.8,16.9,20.9,402.95812010765076,1199.8012161254883,558.0648064613342,1199.0976333618164,381.39071345329285,1334.3712615966797,585.7055497169495,1332.6692962646484,447.26571321487427,1339.1444778442383,555.0115942955017,1322.5384140014648,436.93274974823,1448.4981536865234,515.7691597938538,1459.7593688964844,460.100759267807,1604.4036483764648,495.53736448287964,1652.6647567749023,455.5894660949707,1758.1745910644531,447.2776222229004,1848.9057540893555
85,2.833422431865828,True,90.0,84.9,173.6,173.2,178.9,177.9,18.1,21.2,406.44633293151855,1205.7663345336914,560.7528948783875,1200.3215789794922,383.75465154647827,1340.723876953125,589.6251583099365,1332.7671432495117,448.9077079296112,1351.684455871582,556.621241569519,1336.9434356689453,442.94824719429016,1449.0182876586914,520.1219344139099,1459.3918991088867,470.03721714019775,1608.0171203613281,497.5358247756958,1647.2010040283203,477.6317524909973,1740.3873825073242,449.686074256897,1844.5589447021484
86,2.866756813417191,True,90.9,91.8,175.3,173.5,177.4,179.1,19.0,21.9,411.0245418548584,1208.0837631225586,564.2148756980896,1200.9076309204102,387.4325394630432,1341.621322631836,595.0194883346558,1328.8243103027344,457.48299837112427,1355.1619720458984,560.2489829063416,1338.365364074707,448.6085021495819,1446.8251419067383,526.4096653461456,1456.9928741455078,466.55763030052185,1607.1437072753906,501.359646320343,1646.7378616333008,470.93299984931946,1757.8514099121094,452.05715775489807,1843.6993789672852
87,2.9000911949685535,True,87.7,100.8,168.0,173.4,179.8,179.8,19.0,22.7,418.6859607696533,1209.9890899658203,564.6587920188904,1201.344337463379,395.24677991867065,1339.4730377197266,597.839412689209,1323.5462951660156,471.3455021381378,1350.1362991333008,569.1576933860779,1337.5362396240234,454.2404007911682,1441.417121887207,531.9054472446442,1451.4967346191406,475.97360014915466,1585.9484481811523,508.5471189022064,1634.8735427856445,467.42058277130127,1726.7150115966797,459.1594648361206,1834.3254089355469
88,2.9334255765199164,True,92.4,107.1,173.2,171.0,178.6,179.5,20.4,20.0,424.4964301586151,1210.7588195800781,569.0613913536072,1201.592674255371,399.618319272995,1336.270980834961,596.8054533004761,1325.1068115234375,468.1950545310974,1352.8629684448242,567.3212599754333,1341.998634338379,461.19683861732483,1437.8966903686523,537.3618006706238,1448.7152481079102,481.25035285949707,1585.645751953125,515.4068684577942,1632.5818634033203,483.5749912261963,1728.6579895019531,460.4399085044861,1826.707878112793
89,2.966759958071279,True,98.8,116.2,172.3,167.5,177.2,178.7,21.4,18.6,425.836386680603,1210.667953491211,569.1290473937988,1200.9943771362305,401.3429045677185,1333.5187911987305,595.8880090713501,1325.083122253418,471.3625931739807,1359.1215133666992,572.1823239326477,1343.8457107543945,465.6253159046173,1432.8761672973633,541.9657588005066,1443.1608581542969,484.8995625972748,1582.2550964355469,525.6543123722076,1624.8716354370117,483.9742648601532,1739.827995300293,466.0967195034027,1812.601089477539
90,3.0000943396226414,True,103.9,132.1,173.4,161.8,178.0,175.5,21.0,16.6,430.8041489124298,1209.9269485473633,571.596143245697,1197.491798400879,408.00300121307373,1327.2334671020508,594.7087597846985,1322.7124786376953,474.02586579322815,1357.854995727539,571.3087821006775,1353.2983016967773,469.4626557826996,1428.358039855957,545.5219173431396,1438.245849609375,490.4990816116333,1576.8852996826172,540.8024096488953,1602.703628540039,494.5444428920746,1736.1563873291016,479.81866478919983,1771.8142318725586
91,3.0334287211740043,True,102.7,102.8,174.7,156.5,176.8,172.8,21.5,14.4,434.01185631752014,1209.232292175293,577.2918033599854,1193.9308547973633,411.42194867134094,1320.586280822754,595.2384209632874,1318.7523651123047,472.49858379364014,1348.0214309692383,568.3802604675293,1329.0766525268555,472.8926753997803,1428.032341003418,550.7761073112488,1436.1957550048828,490.6025290489197,1574.8958587646484,553.3782577514648,1596.500244140625,495.02933263778687,1732.9817962646484,486.8953514099121,1756.2773895263672
92,3.066763102725367,True,95.5,109.4,177.3,155.4,177.1,171.5,22.1,15.0,440.2220821380615,1206.606559753418,582.3250651359558,1189.9701690673828,415.04801630973816,1315.3768157958984,600.3232455253601,1309.2354583740234,470.0546944141388,1333.7633514404297,568.5679078102112,1326.1224746704102,475.94260454177856,1429.5239639282227,554.6590232849121,1435.5822372436523,490.92912554740906,1568.4136962890625,560.0205874443054,1584.433364868164,499.6432042121887,1714.5182418823242,503.8134491443634,1719.8424911499023
93,3.1000974842767297,True,79.8,81.5,177.7,155.7,178.0,169.3,20.9,15.5,444.20796275138855,1202.4778747558594,585.7595586776733,1186.4837265014648,421.0019087791443,1311.7141342163086,604.5470809936523,1303.9778137207031,488.5082173347473,1313.8338088989258,568.2428240776062,1304.3402481079102,479.4756209850311,1426.8339157104492,558.3298945426941,1431.6551971435547,494.86772418022156,1552.770881652832,568.2864689826965,1563.0436706542969,506.3193619251251,1693.5431671142578,516.7792367935181,1704.7543716430664
94,3.133431865828092,True,87.0,91.6,177.0,157.5,176.5,167.5,19.7,16.9,449.6497356891632,1193.5861587524414,587.0495939254761,1179.6326065063477,427.85377264022827,1306.036720275879,608.3489513397217,1296.1457061767578,495.63183188438416,1315.5598068237305,567.5640749931335,1304.7649383544922,483.07706594467163,1411.4528274536133,560.096869468689,1415.0952529907227,495.62623143196106,1548.6741256713867,574.0087795257568,1547.9648208618164,517.3723697662354,1699.5491409301758,527.1204078197479,1706.3536834716797
95,3.166766247379455,True,90.3,92.3,175.6,162.7,175.2,169.0,19.7,17.5,453.90730261802673,1190.1103591918945,587.4716877937317,1175.0364303588867,433.03380489349365,1300.520896911621,611.612663269043,1289.3544387817383,497.7721703052521,1313.0814743041992,571.0676407814026,1299.6441650390625,488.13717126846313,1406.0990524291992,564.6554446220398,1406.6954040527344,498.8945460319519,1552.5893783569336,577.0096564292908,1538.8224792480469,522.1331083774567,1707.1231842041016,542.2336149215698,1703.1636428833008
96,3.2001006289308176,True,85.8,91.4,175.3,169.1,173.9,169.5,18.3,18.7,459.5270347595215,1188.3922576904297,591.7841005325317,1175.0016403198242,440.4992723464966,1299.1669464111328,619.2314672470093,1291.1211776733398,505.0721025466919,1305.43212890625,575.0632095336914,1302.7466583251953,491.7577350139618,1402.108039855957,570.4649806022644,1402.514305114746,498.45542550086975,1555.9748840332031,582.6212453842163,1536.6400909423828,517.7289962768555,1707.7205657958984,565.5284070968628,1706.5910339355469
97,3.2334350104821805,True,83.8,74.9,176.9,174.7,174.9,169.8,18.1,20.2,461.4291286468506,1186.6906356811523,594.2723107337952,1176.4879989624023,443.014132976532,1295.5761337280273,624.3203473091125,1290.5556106567383,509.4535553455353,1299.569435119629,581.2852478027344,1290.329360961914,493.68300318717957,1402.8751373291016,572.6958918571472,1402.5653457641602,502.9644012451172,1558.2588958740234,583.6812114715576,1536.0548400878906,520.4285752773285,1712.1955490112305,581.9556927680969,1704.9540710449219
98,3.266769392033543,True,81.5,68.2,177.7,178.0,175.5,170.3,15.6,19.4,465.0304448604584,1187.3114776611328,597.9041075706482,1177.4657821655273,451.14383339881897,1295.020408630371,626.0907983779907,1290.596694946289,514.3392419815063,1293.7622451782227,586.3561034202576,1285.1448440551758,496.55677556991577,1405.1789474487305,576.4626145362854,1404.8676681518555,506.4761424064636,1558.4349060058594,586.5652513504028,1538.1230163574219,522.6095652580261,1713.1219482421875,593.0570125579834,1700.0104522705078
99,3.300103773584906,True,82.0,70.9,178.6,174.7,175.6,169.4,16.1,20.1,468.48576307296753,1187.1585845947266,602.0898342132568,1177.8713607788086,453.40445280075073,1293.947525024414,629.6756029129028,1290.1962661743164,510.0867283344269,1293.9812850952148,592.6371717453003,1286.7291641235352,499.51191544532776,1404.8923873901367,577.0160293579102,1403.331184387207,509.3277060985565,1557.2978210449219,586.8005347251892,1534.7068405151367,522.8430140018463,1710.4939270019531,610.1739263534546,1673.9947128295898
100,3.3334381551362684,True,84.2,69.1,178.9,176.6,174.6,169.7,17.3,20.5,472.02289938926697,1187.3850631713867,605.7968187332153,1179.979133605957,455.9689128398895,1293.6982727050781,633.8136291503906,1291.5736770629883,509.8232173919678,1296.2968826293945,595.0641632080078,1286.9316101074219,505.00505805015564,1403.3922958374023,581.0706925392151,1399.5636749267578,513.617137670517,1552.6013946533203,590.2542757987976,1534.284553527832,525.3591299057007,1705.4419326782227,608.0312705039978,1673.3904647827148
101,3.3667725366876313,True,87.3,98.5,178.7,171.4,174.3,171.0,14.8,18.1,478.04682970046997,1190.3345489501953,609.9941325187683,1184.3162155151367,465.8072340488434,1295.159568786621,632.4720311164856,1292.8583908081055,517.6969063282013,1298.7280654907227,601.3819241523743,1304.2774200439453,508.8393723964691,1404.3872451782227,585.7005929946899,1401.0289764404297,515.2327394485474,1549.1907119750977,591.8048286437988,1532.9240798950195,525.5354475975037,1704.3207550048828,616.0316777229309,1654.3206024169922
102,3.400106918238994,True,87.4,92.4,178.3,179.5,174.0,169.7,12.8,17.3,483.9873003959656,1193.162841796875,611.8659067153931,1188.618049621582,474.5415258407593,1295.4356002807617,632.6850414276123,1295.9943008422852,522.7768707275391,1297.7075958251953,613.1607055664062,1300.630760192871,511.92415952682495,1404.883689880371,588.2977223396301,1402.1867752075195,515.7296669483185,1549.8419952392578,597.2894740104675,1529.472541809082,524.2327308654785,1703.9324569702148,607.6705241203308,1659.349708557129
103,3.4334412997903563,True,84.6,80.8,179.7,178.3,173.7,169.5,13.3,16.1,488.3021914958954,1193.7469482421875,616.7384934425354,1190.1169967651367,478.0544579029083,1296.2380599975586,634.9167895317078,1297.935447692871,533.7040293216705,1296.507911682129,610.2075290679932,1298.0814743041992,516.5189123153687,1404.7160339355469,592.3534154891968,1402.1693801879883,519.5877027511597,1540.5912780761719,600.8124160766602,1525.4964065551758,523.9884030818939,1696.006736755371,605.7676577568054,1654.8478317260742
104,3.466775681341719,True,84.2,74.6,179.3,175.5,171.8,169.0,15.0,17.2,491.23618483543396,1193.752098083496,619.5333123207092,1190.221824645996,479.0059232711792,1296.3550186157227,640.1340937614441,1297.4653244018555,537.9446983337402,1297.3927688598633,607.6000356674194,1294.8944091796875,521.3326299190521,1402.367935180664,596.1628174781799,1399.815559387207,521.2453722953796,1526.5892028808594,605.8611273765564,1519.4524383544922,523.0576658248901,1688.2714462280273,606.0667991638184,1652.3681259155273
105,3.5001100628930817,True,85.1,73.1,178.7,174.2,169.6,168.4,16.0,17.3,494.24951791763306,1193.2294464111328,623.9627552032471,1190.108985900879,481.6821026802063,1295.4496765136719,643.4294772148132,1296.2202072143555,541.7504954338074,1297.6484298706055,607.7963089942932,1292.1867370605469,526.3062179088593,1394.7516632080078,599.5696306228638,1391.576271057129,523.3312833309174,1517.8171920776367,609.4949841499329,1513.1935501098633,523.1264805793762,1679.8888778686523,606.8484807014465,1648.3314514160156
106,3.5334444444444446,True,82.0,73.5,178.5,173.6,168.2,170.0,19.4,17.0,495.99982023239136,1191.6733932495117,624.8263192176819,1188.6749267578125,479.9611222743988,1291.8046188354492,644.6687865257263,1291.8059921264648,541.5966439247131,1292.9780960083008,606.4551615715027,1288.0392837524414,531.4115452766418,1386.6931915283203,603.7938523292542,1384.1298294067383,528.2120454311371,1506.2884140014648,612.0850968360901,1507.8427505493164,528.1220197677612,1644.3778610229492,605.8670496940613,1644.4169998168945
107,3.566778825995807,True,83.4,76.7,179.5,175.1,168.0,171.5,20.6,17.5,496.67596220970154,1188.4618377685547,627.0145511627197,1184.3632507324219,480.65168380737305,1286.3002395629883,647.5427842140198,1286.9807052612305,544.2441129684448,1289.3532943725586,606.6973972320557,1285.5463027954102,535.4794371128082,1383.098373413086,605.7666921615601,1379.1744232177734,534.015144109726,1497.9679870605469,610.9254169464111,1508.371238708496,533.5388803482056,1635.816993713379,604.7558426856995,1645.0429916381836
108,3.60011320754717,True,86.8,82.1,178.9,176.1,167.5,171.5,20.9,17.3,496.8459713459015,1186.0496520996094,628.8739013671875,1180.309181213379,481.70910716056824,1283.3797073364258,647.8114771842957,1282.4501037597656,546.1145353317261,1289.6970748901367,606.1024618148804,1284.3351745605469,537.9527449607849,1378.9351272583008,605.5872845649719,1374.4944763183594,536.9487190246582,1490.925064086914,609.2669105529785,1502.5199890136719,538.2739341259003,1625.690803527832,603.842453956604,1637.9376983642578
109,3.6334475890985325,True,92.4,95.4,176.3,177.5,165.5,172.5,21.6,18.2,496.6347312927246,1183.4623718261719,630.2321720123291,1177.3992919921875,481.7856788635254,1279.0525817871094,649.3926072120667,1274.0685653686523,542.7218198776245,1291.1396026611328,609.8533487319946,1285.8706283569336,539.2337679862976,1371.1747741699219,606.8655395507812,1368.035659790039,535.8500969409943,1486.1822891235352,608.0280518531799,1498.5591888427734,540.7028889656067,1622.9317474365234,603.1718158721924,1635.1155853271484
110,3.6667819706498954,True,92.4,96.2,174.3,178.1,164.3,172.4,23.3,17.6,499.0048813819885,1182.737159729004,632.3324060440063,1177.290916442871,480.89536786079407,1277.6610946655273,649.3932509422302,1272.9877853393555,541.453800201416,1291.8874740600586,609.5517611503601,1284.6429061889648,540.718080997467,1370.328369140625,607.1308851242065,1368.2161331176758,534.5527875423431,1483.0903244018555,607.363657951355,1498.8289260864258,540.7136392593384,1622.3486709594727,603.1244373321533,1637.607307434082
111,3.700116352201258,True,94.4,99.5,172.3,178.0,163.6,172.3,24.6,17.3,499.7848892211914,1181.9866561889648,632.4424839019775,1176.335334777832,480.098397731781,1273.886489868164,648.4570097923279,1270.1360321044922,537.971316576004,1290.9894561767578,611.0270619392395,1283.129539489746,541.2092471122742,1368.8350296020508,606.8748736381531,1367.5663375854492,533.2003748416901,1486.6975021362305,607.161591053009,1500.4767608642578,542.1899700164795,1623.2746124267578,602.6377129554749,1639.5273971557617
112,3.733450733752621,True,92.8,92.7,170.0,178.3,164.3,172.3,24.5,17.8,500.6387972831726,1182.0323181152344,631.3725399971008,1176.379165649414,480.3065800666809,1274.0082550048828,647.9303097724915,1268.7823104858398,533.2908189296722,1288.4892654418945,611.5864634513855,1277.0805358886719,540.3716897964478,1367.706069946289,605.940113067627,1366.8953704833984,532.8419137001038,1487.0088958740234,606.2071967124939,1499.776268005371,547.3015737533569,1615.8097457885742,602.3845338821411,1635.827407836914
113,3.7667851153039833,True,88.4,95.5,169.6,179.2,164.4,172.7,25.6,17.9,502.1284854412079,1182.1667861938477,630.5900859832764,1176.4252853393555,479.84264373779297,1272.9587173461914,646.4721965789795,1263.28857421875,524.393116235733,1282.5604248046875,611.0895037651062,1273.3100509643555,540.5622339248657,1365.967140197754,605.6994223594666,1365.5760955810547,532.5822007656097,1485.2735137939453,605.1859831809998,1498.1317520141602,547.0875334739685,1612.1038055419922,602.6980304718018,1633.3308792114258
114,3.8001194968553462,True,90.0,104.5,170.8,179.2,165.3,172.6,25.8,15.7,502.70439863204956,1182.315902709961,630.517988204956,1176.6565704345703,479.6090018749237,1272.4834442138672,642.3933291435242,1259.4281387329102,517.3010122776031,1282.1728134155273,611.0286712646484,1272.5142288208008,540.1704597473145,1367.4040603637695,605.2621364593506,1367.1550369262695,533.693311214447,1482.3878860473633,604.9001669883728,1496.8379974365234,546.3129329681396,1602.9426956176758,602.5407671928406,1632.6080703735352
115,3.8334538784067087,True,88.3,108.8,175.3,179.1,167.6,173.1,25.6,14.5,502.73265838623047,1182.8265380859375,628.4647464752197,1176.9478225708008,479.7630786895752,1273.1562423706055,638.7151193618774,1254.6481704711914,509.2051076889038,1279.7182846069336,610.4790544509888,1268.6296463012695,539.8078465461731,1368.3298873901367,605.0191926956177,1367.9604721069336,537.5452959537506,1483.838882446289,604.8440980911255,1495.6736755371094,545.0468444824219,1602.7791595458984,602.4639058113098,1632.392807006836
116,3.866788259958071,True,91.4,109.1,176.8,178.3,168.4,172.6,25.2,14.8,502.86636114120483,1184.8253631591797,625.0554871559143,1178.726692199707,480.7746362686157,1273.3964538574219,635.6864976882935,1252.9441452026367,505.2614235877991,1280.1628875732422,608.1161141395569,1267.159309387207,539.3189013004303,1368.80859375,602.9696202278137,1368.6046600341797,538.5950911045074,1482.956657409668,604.670033454895,1495.2680969238281,544.2486190795898,1596.6999435424805,602.3842763900757,1631.799430847168
117,3.900122641509434,True,90.1,118.1,178.3,176.9,169.7,170.4,23.2,10.2,502.55849719047546,1185.105972290039,622.0499110221863,1179.9040603637695,483.16065430641174,1274.0007019042969,626.0050535202026,1254.111213684082,506.5337562561035,1279.1276550292969,602.5434708595276,1268.3071517944336,537.8356826305389,1368.240737915039,598.5170030593872,1368.1392288208008,539.043642282486,1478.130226135254,603.8927292823792,1490.9989929199219,543.448269367218,1588.2043075561523,602.4013352394104,1628.8030242919922
118,3.9334570230607966,True,91.7,116.9,179.5,179.0,173.2,170.6,19.1,4.7,503.2348644733429,1185.032730102539,616.2702441215515,1179.7571182250977,488.19748878479004,1273.780174255371,613.4501266479492,1252.0320510864258,507.1398603916168,1277.5611877441406,588.1222414970398,1263.6870574951172,533.2931041717529,1364.4225311279297,593.8896775245667,1364.1967391967773,538.5329067707062,1473.574447631836,598.8948726654053,1481.0554504394531,542.9437136650085,1586.2704849243164,602.3775172233582,1618.7690734863281
119,3.9667914046121595,True,81.9,109.6,179.2,179.7,174.6,170.3,15.2,2.2,504.1409146785736,1184.300537109375,611.9826149940491,1178.3980178833008,493.79536628723145,1271.3576889038086,606.611909866333,1242.509651184082,507.4321782588959,1271.0453796386719,578.0895781517029,1250.0459289550781,529.7114217281342,1357.8397750854492,589.9449634552002,1358.3551025390625,535.5666625499725,1469.2552185058594,595.4097175598145,1474.4952392578125,543.0236005783081,1582.284278869629,602.4518036842346,1610.3303146362305
120,4.000125786163522,True,132.4,107.6,173.7,173.7,173.2,173.4,12.8,1.9,506.0294580459595,1181.5490341186523,605.2599477767944,1177.4692153930664,497.82907605171204,1267.5297546386719,599.9762105941772,1243.307762145996,490.9250056743622,1272.7307510375977,562.1371078491211,1252.0838928222656,527.5184905529022,1348.9447402954102,585.5912232398987,1349.992561340332,528.5653567314148,1462.4353408813477,585.8702158927917,1459.680404663086,542.7578043937683,1581.5310287475586,600.217866897583,1586.1336135864258
121,4.0334601677148845,True,141.6,127.2,172.0,171.5,173.3,176.7,7.7,2.3,509.6316111087799,1179.7359466552734,593.792667388916,1176.116065979004,507.5066900253296,1265.9490966796875,591.3986349105835,1242.860984802246,485.3243923187256,1292.541275024414,563.491837978363,1262.5096893310547,527.8317940235138,1344.6110916137695,580.9190940856934,1343.3841705322266,526.8986105918884,1464.2364120483398,578.8256192207336,1456.1913299560547,542.6232004165649,1583.2204055786133,594.4971013069153,1576.373291015625
122,4.066794549266247,True,131.4,144.8,171.2,167.8,174.6,177.3,2.6,1.7,514.5126307010651,1176.8795013427734,587.1379137039185,1175.6898880004883,517.5410270690918,1263.9563369750977,584.3128395080566,1245.4718399047852,480.4809021949768,1299.0506744384766,555.788254737854,1282.643051147461,527.9869329929352,1343.6122512817383,575.3221821784973,1342.9459762573242,526.3822102546692,1466.6831588745117,572.679283618927,1457.6557159423828,543.284182548523,1586.3335418701172,594.555037021637,1571.488151550293
123,4.10012893081761,True,125.1,158.0,168.6,159.9,175.2,178.5,0.0,3.1,521.4555823802948,1175.9428024291992,579.4818377494812,1174.4279479980469,525.3375327587128,1264.1044235229492,571.7610669136047,1246.907844543457,480.4615581035614,1298.6896133422852,543.1846618652344,1300.4634475708008,528.8489842414856,1343.8225936889648,570.6675624847412,1342.6857376098633,523.9835107326508,1467.5988006591797,561.9105792045593,1454.5579147338867,543.3024001121521,1587.8252792358398,591.1430740356445,1558.996238708496
124,4.133463312368973,True,122.7,160.6,166.7,156.7,175.6,176.1,1.2,3.7,525.2514016628265,1174.5503997802734,571.391179561615,1171.9414901733398,529.508228302002,1264.5764923095703,564.0226578712463,1247.2396087646484,481.4267349243164,1298.7876892089844,539.4606828689575,1299.8389434814453,529.5583426952362,1343.5264205932617,565.7558369636536,1340.4901885986328,523.1096792221069,1467.3939514160156,554.6138978004456,1450.6145095825195,545.2218103408813,1588.6863327026367,586.5866231918335,1551.7327880859375
125,4.166797693920335,True,116.0,156.6,164.4,150.4,175.8,170.1,5.9,6.8,529.4018518924713,1172.3379135131836,562.3370504379272,1169.2792510986328,539.72660779953,1263.27392578125,553.803699016571,1249.5988082885742,484.73801851272583,1298.3121871948242,522.9463005065918,1304.1442108154297,531.1725604534149,1340.1469802856445,564.4420480728149,1335.263442993164,523.3073043823242,1464.7093963623047,546.966061592102,1443.7232208251953,549.5166492462158,1588.1220245361328,584.1121244430542,1543.4954452514648
126,4.200132075471698,True,115.5,158.7,161.7,148.9,174.5,168.3,6.3,2.2,532.7399146556854,1171.0628128051758,558.6048316955566,1167.4171829223633,543.8058614730835,1261.7560958862305,557.7388215065002,1249.8255157470703,486.04244112968445,1298.5081100463867,534.7288155555725,1306.9838333129883,534.5048296451569,1335.0010299682617,563.1322503089905,1330.0846481323242,523.6346411705017,1462.203140258789,543.4834170341492,1440.6098556518555,553.7941718101501,1588.260383605957,581.7209887504578,1540.1062774658203
127,4.233466457023061,True,116.3,156.1,159.8,152.5,171.8,168.6,6.1,0.5,534.5244634151459,1171.6644287109375,552.7893733978271,1167.7903747558594,546.5488600730896,1262.2143173217773,555.1617765426636,1250.646743774414,487.2977149486542,1302.0088577270508,531.4622068405151,1308.603286743164,538.6099290847778,1335.9071731567383,558.831102848053,1329.7843551635742,523.7233793735504,1461.778450012207,540.8192753791809,1440.5659103393555,553.9060521125793,1587.6814270019531,574.3702983856201,1542.4270248413086
128,4.266800838574423,True,110.7,151.1,159.1,160.9,170.0,168.5,8.9,2.6,536.1603426933289,1172.1178436279297,548.4503746032715,1168.3385467529297,553.8637590408325,1262.5025939941406,556.5017652511597,1255.7341003417969,489.2427134513855,1302.543067932129,531.8486380577087,1312.1916961669922,542.4524831771851,1337.7899551391602,555.9884548187256,1332.8312301635742,524.7225451469421,1466.667251586914,538.6029124259949,1443.9823150634766,553.1259155273438,1588.886489868164,557.9742336273193,1551.7450332641602
129,4.300135220125786,True,114.3,151.0,158.7,165.3,168.1,169.3,8.2,3.7,537.8693175315857,1171.4307403564453,545.3197860717773,1168.498191833496,555.8249473571777,1262.856216430664,555.4787492752075,1258.2402420043945,492.7925956249237,1307.6578903198242,531.6781139373779,1315.5016708374023,546.3275456428528,1339.0766143798828,553.2309722900391,1334.659652709961,525.9968411922455,1467.7565002441406,537.8706693649292,1444.566764831543,552.6331400871277,1589.530906677246,551.1119413375854,1556.1103820800781
130,4.333469601677149,True,122.5,145.8,159.8,168.9,167.6,170.5,8.1,4.9,538.5590744018555,1170.8683776855469,541.7237162590027,1168.6100006103516,556.8918013572693,1261.8873596191406,554.1962456703186,1258.1642532348633,499.24399495124817,1317.2489547729492,524.9145376682281,1317.480583190918,548.3675265312195,1339.1727447509766,550.6733679771423,1335.468978881836,527.7426052093506,1467.7714920043945,538.3687877655029,1444.8748397827148,552.2742605209351,1592.7933883666992,548.0243539810181,1562.1031951904297
131,4.366803983228512,True,125.9,143.9,159.5,172.0,166.9,173.1,9.6,5.2,542.7725458145142,1170.820198059082,532.8650557994843,1171.816062927246,562.4816966056824,1258.923225402832,546.8451690673828,1258.0851745605469,507.47212171554565,1321.0353469848633,517.3522210121155,1316.2836456298828,551.6710209846497,1338.2707214355469,544.4104528427124,1335.3539657592773,528.7544524669647,1467.685661315918,538.7559914588928,1447.6636505126953,551.770670413971,1592.7876663208008,549.1383934020996,1562.7622604370117
132,4.400138364779874,True,133.3,144.2,161.2,174.3,167.2,176.1,8.7,5.3,545.2567005157471,1170.8818817138672,523.8234794139862,1175.1070404052734,562.9707384109497,1256.7803192138672,538.0253899097443,1257.7484893798828,514.0668797492981,1326.4831924438477,508.0701148509979,1318.9326095581055,553.934633731842,1336.4972305297852,536.0501682758331,1333.0839157104492,531.3929414749146,1467.660255432129,537.0255160331726,1449.1583633422852,551.4578175544739,1592.98828125,549.287416934967,1562.7962493896484
133,4.433472746331237,True,141.1,148.1,164.4,174.6,167.0,174.0,8.0,3.0,551.2850403785706,1169.8337173461914,514.5873355865479,1176.979637145996,567.8390765190125,1252.3694229125977,528.1548500061035,1254.2595291137695,528.4905874729156,1327.7697372436523,503.0751872062683,1316.6435623168945,560.5167102813721,1329.1230010986328,532.96515583992,1327.562141418457,537.979234457016,1461.3689804077148,534.8940289020538,1445.9897232055664,551.3161325454712,1590.2652740478516,547.707896232605,1562.160301208496
134,4.4668071278826,True,142.5,158.5,167.6,173.9,166.4,172.6,7.2,0.8,554.8714542388916,1169.9169158935547,511.6439116001129,1178.6519622802734,571.1197185516357,1250.412826538086,520.9252452850342,1249.9409866333008,534.7501230239868,1324.742088317871,504.5407032966614,1315.437126159668,566.164026260376,1324.9983215332031,532.8086650371552,1324.6053314208984,544.729163646698,1453.4414291381836,534.6571683883667,1442.3002624511719,551.4066410064697,1582.4422073364258,548.7286591529846,1556.370735168457
135,4.500141509433963,True,143.0,172.8,170.6,173.7,169.5,170.9,6.1,8.2,561.9519710540771,1169.9848937988281,505.8924722671509,1178.7804794311523,574.2617654800415,1249.6268463134766,507.80142188072205,1245.3347396850586,535.0545752048492,1322.757339477539,501.17425203323364,1313.3660888671875,569.1852450370789,1322.1116638183594,530.6365263462067,1321.2189102172852,552.4516725540161,1444.7868347167969,532.0615196228027,1436.7997741699219,556.0026168823242,1571.561164855957,545.8616781234741,1549.5466232299805
136,4.533475890985325,True,147.0,176.7,175.1,173.5,173.5,168.4,6.4,14.4,569.2069387435913,1170.0379943847656,499.04913783073425,1179.5354461669922,579.2696642875671,1250.188980102539,496.8547260761261,1246.3237380981445,544.2708277702332,1322.5214767456055,498.5042202472687,1312.9043197631836,571.1334943771362,1318.2408142089844,529.6044981479645,1317.4082565307617,558.8170695304871,1440.9562683105469,531.4660692214966,1432.2371292114258,556.9329357147217,1565.5875778198242,546.1135053634644,1544.501953125
137,4.566810272536688,True,139.9,173.9,179.1,175.0,177.9,167.3,11.7,14.8,573.8557004928589,1170.7559967041016,495.35412669181824,1180.9988021850586,589.7842240333557,1250.9310150146484,494.1685688495636,1246.4055633544922,551.0049533843994,1321.3853073120117,500.08435249328613,1313.093147277832,572.7780318260193,1317.4789810180664,528.926328420639,1317.7233123779297,567.333619594574,1439.0454483032227,531.2110555171967,1432.5687789916992,563.7248682975769,1560.6457901000977,542.7744126319885,1540.3355026245117
138,4.600144654088051,True,134.3,167.8,178.5,174.6,179.0,166.7,14.9,17.5,576.2802457809448,1170.8044052124023,494.2568564414978,1181.0314178466797,596.7101812362671,1249.786491394043,490.6335246562958,1246.5900421142578,555.673348903656,1317.4979782104492,501.1862576007843,1313.2812881469727,575.2995228767395,1313.7114715576172,528.2499289512634,1314.3289947509766,572.4902200698853,1431.2891006469727,530.1898741722107,1425.5791854858398,572.72376537323,1554.8266983032227,542.3493576049805,1534.0810775756836
139,4.6334790356394135,True,125.2,158.4,177.8,175.6,175.7,167.6,19.7,21.9,579.7127437591553,1170.8325576782227,495.522301197052,1180.8491134643555,605.1196146011353,1247.3279571533203,485.82457065582275,1246.9571685791016,560.6362509727478,1307.6305389404297,500.578898191452,1309.6338272094727,576.2875199317932,1316.2366104125977,528.2274627685547,1316.418685913086,582.5391697883606,1436.806755065918,530.5757582187653,1428.7597274780273,583.9976048469543,1552.7441024780273,540.8786916732788,1533.021583557129
140,4.666813417190776,True,118.2,150.2,175.9,175.9,172.7,167.6,24.3,25.9,584.2777562141418,1170.816650390625,495.8466446399689,1180.5192947387695,612.6092863082886,1240.9125137329102,481.55335664749146,1245.6315994262695,566.1420750617981,1296.6820907592773,500.55817008018494,1306.0857009887695,578.4226441383362,1317.5664138793945,528.7722194194794,1317.4384689331055,589.2137503623962,1439.3536376953125,531.0659265518188,1430.039405822754,591.2367367744446,1555.0569534301758,540.5872750282288,1533.7835311889648
141,4.7001477987421385,True,112.1,143.0,176.2,175.4,171.9,167.6,26.3,28.5,587.9325985908508,1170.1076889038086,496.8140423297882,1180.4458236694336,617.8259468078613,1237.518539428711,479.044064283371,1245.4130172729492,569.7907376289368,1287.2515869140625,501.71485662460327,1302.4741744995117,581.6893815994263,1318.978385925293,529.7383296489716,1321.23779296875,593.7833333015442,1440.318374633789,531.2199068069458,1431.7912673950195,597.5029349327087,1553.1766891479492,540.9831690788269,1534.829978942871
142,4.733482180293501,True,102.8,135.7,174.6,176.6,171.2,169.4,28.4,29.9,590.5300498008728,1169.0452194213867,498.09725403785706,1180.0885391235352,623.4961152076721,1235.163345336914,477.47056245803833,1244.5180892944336,574.140100479126,1275.5920028686523,501.9866073131561,1293.5912704467773,585.4883551597595,1324.1190719604492,529.7856438159943,1326.8235397338867,599.7026252746582,1441.3517761230469,532.8387594223022,1434.902114868164,602.5808715820312,1551.105079650879,541.672089099884,1536.0637664794922
143,4.7668165618448635,True,91.5,126.4,176.0,177.0,171.1,170.3,31.5,30.9,593.5822319984436,1168.1264877319336,499.5238244533539,1178.5239028930664,629.7078537940979,1232.4411392211914,477.0067548751831,1242.5109100341797,573.8501000404358,1265.7550048828125,502.41426944732666,1279.9031066894531,587.6885604858398,1324.9665069580078,529.9531102180481,1327.7470779418945,601.5904927253723,1441.6247177124023,533.4582531452179,1435.2524185180664,606.7896437644958,1546.9136810302734,542.1879744529724,1537.104606628418
144,4.800150943396226,True,87.0,117.6,178.0,177.3,171.4,170.5,31.3,30.1,598.0539679527283,1168.040885925293,500.3678512573242,1177.7586364746094,632.9319763183594,1232.4924087524414,478.3835971355438,1242.4177551269531,579.3480062484741,1257.9106521606445,506.6832947731018,1272.139892578125,590.2222180366516,1325.372085571289,530.4724717140198,1327.6237106323242,601.8778538703918,1441.8281936645508,534.0163671970367,1435.3569030761719,608.4589004516602,1542.9063034057617,542.1725249290466,1537.9021453857422
145,4.833485324947589,True,78.1,106.9,178.2,178.0,170.5,170.6,31.6,28.6,601.6171431541443,1167.9656982421875,500.6218349933624,1176.9502258300781,635.4584240913391,1232.614517211914,480.6667149066925,1242.2118759155273,580.4459524154663,1248.0815505981445,511.03973865509033,1262.6179504394531,590.6002807617188,1324.896125793457,530.8923447132111,1324.7582244873047,601.3879752159119,1437.9594039916992,534.9637448787689,1434.5270919799805,607.8018450737,1539.4642639160156,542.4323987960815,1537.9014587402344
146,4.866819706498952,True,68.9,79.9,179.0,179.3,170.0,172.0,32.9,27.6,605.5485320091248,1167.8598403930664,502.6919102668762,1176.1145782470703,639.610161781311,1232.4782180786133,482.6563239097595,1242.4650192260742,582.7811479568481,1239.1059494018555,517.7025711536407,1246.6093826293945,591.6433811187744,1324.9525451660156,531.0047078132629,1324.419822692871,601.5170431137085,1438.2847595214844,536.3378834724426,1434.3110275268555,608.274986743927,1535.1203155517578,542.6129651069641,1537.8126525878906
147,4.900154088050314,True,57.0,66.1,178.6,179.5,170.5,172.3,33.5,28.0,608.5834622383118,1167.1063613891602,505.0002944469452,1175.1837158203125,643.956949710846,1232.36572265625,483.4714472293854,1243.044548034668,586.2979745864868,1227.7907180786133,524.5882630348206,1238.5280227661133,594.5753145217896,1325.0341415405273,532.2083222866058,1323.9616012573242,603.3082866668701,1438.6493682861328,537.3536896705627,1433.75244140625,608.4158992767334,1535.8074188232422,543.1506085395813,1538.0792999267578
148,4.933488469601677,True,47.2,45.0,179.6,179.3,171.1,172.5,35.1,24.9,612.4894881248474,1166.5080642700195,508.7004232406616,1173.2734680175781,648.5641264915466,1230.2208709716797,489.6986997127533,1242.8696823120117,589.9075627326965,1216.406593322754,531.627516746521,1218.9692687988281,596.8974423408508,1324.9420166015625,534.1529667377472,1323.4518814086914,603.3478760719299,1438.7671279907227,538.1656587123871,1433.2752227783203,608.2277369499207,1536.1310577392578,543.2439494132996,1538.2674407958984
149,4.96682285115304,True,38.1,32.5,179.4,179.0,171.6,172.6,34.4,23.7,615.059323310852,1166.0569381713867,512.0101296901703,1171.1477279663086,648.920624256134,1228.5522079467773,493.28858971595764,1242.2685241699219,587.8870868682861,1202.1233367919922,539.9794971942902,1199.0778350830078,598.5442972183228,1324.9558639526367,535.8771979808807,1323.4300231933594,603.4976720809937,1440.1420211791992,538.7692201137543,1433.5502243041992,608.7628698348999,1537.2130966186523,543.2894611358643,1538.4110641479492
150,5.000157232704403,True,29.8,26.3,179.3,178.6,171.5,172.7,32.7,20.7,617.3576974868774,1166.037368774414,515.4606199264526,1170.7884979248047,647.7239298820496,1227.5587463378906,499.4447422027588,1242.6949310302734,589.0629887580872,1188.1703567504883,541.8283867835999,1190.039291381836,599.5642232894897,1324.9278259277344,537.3243999481201,1323.2969284057617,603.8141298294067,1440.3894424438477,539.0111660957336,1433.2794570922852,608.5356974601746,1537.767105102539,543.2550859451294,1538.4440231323242
151,5.033491614255765,True,23.7,23.0,179.9,177.7,171.1,173.1,33.6,16.1,618.7666940689087,1165.7496643066406,520.7819187641144,1169.3829345703125,648.0765652656555,1223.522071838379,509.5635688304901,1238.262062072754,590.3302359580994,1176.0146713256836,546.7827272415161,1179.3004989624023,600.2071809768677,1324.7194290161133,539.198169708252,1322.7225494384766,604.7177982330322,1440.201644897461,539.0537810325623,1432.9386520385742,608.3117437362671,1538.02001953125,543.1528615951538,1539.3098831176758
152,5.066825995807128,True,18.9,21.3,180.0,176.5,170.7,172.9,35.7,15.0,619.9767136573792,1165.781364440918,524.7107005119324,1168.124656677246,649.4957327842712,1219.5494842529297,514.3303263187408,1233.1141662597656,593.9613890647888,1168.879623413086,548.7948989868164,1174.263038635254,600.764844417572,1324.7116470336914,540.7918524742126,1322.5108337402344,605.5573511123657,1440.2800369262695,538.6095106601715,1432.884864807129,609.6021008491516,1538.3109283447266,543.1342577934265,1540.268898010254
153,5.100160377358491,True,13.1,19.4,178.6,175.2,170.5,172.6,37.5,14.3,619.9411153793335,1165.97900390625,526.9217526912689,1166.971206665039,649.3799901008606,1215.2539443969727,517.3565018177032,1228.2957458496094,598.0230045318604,1161.9818115234375,549.9824523925781,1167.5492477416992,601.5665459632874,1324.8545837402344,541.684319972992,1322.5144958496094,607.4370431900024,1441.072769165039,537.7858901023865,1432.9450607299805,609.9284076690674,1538.690299987793,543.0667304992676,1540.3799057006836
154,5.133494758909853,True,9.2,18.2,177.1,174.1,170.3,171.4,38.6,14.9,619.7658276557922,1165.5406951904297,528.2094705104828,1166.4143371582031,649.9008965492249,1212.9883575439453,518.3891093730927,1225.1981735229492,600.2111077308655,1157.1399307250977,550.8765292167664,1163.2558822631836,602.4458169937134,1324.5396423339844,543.0711722373962,1322.2655868530273,609.6745204925537,1441.8359756469727,537.0060431957245,1432.254295349121,610.8193945884705,1538.9619827270508,542.2147536277771,1540.4468536376953
155,5.166829140461216,True,8.2,17.7,175.8,172.2,169.3,169.6,38.9,15.2,620.7869124412537,1164.6518325805664,528.9786314964294,1165.4601287841797,650.4622936248779,1211.4985656738281,519.1278219223022,1221.2305068969727,602.4246382713318,1155.3410339355469,551.6004037857056,1159.3271255493164,602.4124073982239,1324.3952178955078,543.2430481910706,1322.1512603759766,610.973117351532,1441.8880462646484,533.2238066196442,1432.2713470458984,610.9730529785156,1539.338150024414,538.1961071491241,1540.29052734375
156,5.200163522012579,True,6.2,17.2,174.2,171.3,168.3,168.5,40.3,15.0,621.3808822631836,1164.2490005493164,529.1207993030548,1164.2920303344727,650.7927203178406,1208.5859298706055,519.9080228805542,1216.9466400146484,602.0594501495361,1149.9969863891602,552.3059964179993,1153.7742233276367,602.5791335105896,1324.4144439697266,543.0200600624084,1322.190284729004,612.8916907310486,1443.1621170043945,530.5468225479126,1432.6962661743164,611.3939237594604,1539.9674606323242,534.8051297664642,1540.363540649414
157,5.233497903563942,True,5.2,15.3,173.1,171.4,168.1,167.9,41.7,17.5,621.2432527542114,1163.679428100586,530.5834829807281,1163.1525421142578,651.6838359832764,1206.8544387817383,518.63285779953,1214.3907165527344,602.6178216934204,1149.2461395263672,551.012613773346,1154.6028900146484,602.7944612503052,1324.423599243164,542.8597068786621,1322.186622619629,614.026780128479,1444.0706634521484,527.8192090988159,1432.972640991211,611.5131425857544,1540.9025573730469,529.4812560081482,1540.8008193969727
158,5.266832285115304,True,2.7,14.2,173.4,171.7,168.2,166.7,43.2,18.3,620.965096950531,1163.126335144043,530.8196353912354,1162.6031112670898,652.3255705833435,1205.1326751708984,518.1236028671265,1213.3479309082031,603.5137009620667,1145.7740020751953,550.111391544342,1153.769645690918,602.8967499732971,1323.849220275879,542.7368187904358,1322.0416259765625,614.2533087730408,1444.0700912475586,524.889110326767,1433.964729309082,612.2723579406738,1541.759262084961,523.3828139305115,1541.5333557128906
159,5.300166666666667,True,0.9,12.1,174.0,172.8,168.3,165.9,43.7,19.9,621.1234545707703,1163.1826400756836,531.1021041870117,1162.1551895141602,652.159423828125,1204.1996383666992,517.2618412971497,1211.2411880493164,605.6986498832703,1144.8329544067383,549.5069289207458,1150.132827758789,602.7047896385193,1323.6170196533203,542.7007699012756,1321.919288635254,613.6212301254272,1444.0674591064453,523.0464971065521,1434.2378997802734,612.1289992332458,1542.4666213989258,517.841295003891,1541.85791015625
160,5.33350104821803,True,1.3,9.4,174.3,174.0,168.3,165.1,43.8,21.9,621.3504981994629,1163.2239532470703,531.1154937744141,1161.6784286499023,651.6573786735535,1203.277587890625,515.9005129337311,1209.1977310180664,606.6496968269348,1140.9350967407227,549.2425489425659,1144.321174621582,602.5701212882996,1323.4174346923828,542.6290583610535,1321.7164993286133,613.1350207328796,1444.3307876586914,521.1417317390442,1434.9748992919922,611.9533252716064,1543.1464004516602,512.2392010688782,1543.2702255249023
161,5.3668354297693925,True,1.5,7.3,174.4,174.5,168.4,165.0,43.9,25.5,621.1989641189575,1162.3143768310547,530.5974841117859,1161.3325881958008,651.0661768913269,1201.5459823608398,512.4189305305481,1207.9681777954102,605.4338836669922,1138.1184768676758,547.107617855072,1144.336280822754,602.4961566925049,1323.010025024414,542.3467183113098,1321.1037826538086,612.9319882392883,1444.4132995605469,520.5891859531403,1435.3360748291016,611.8254804611206,1543.5400772094727,510.44702410697937,1544.0169525146484
162,5.400169811320755,True,3.2,4.2,175.2,176.4,168.0,166.5,45.2,30.0,619.8690176010132,1162.1507263183594,528.9188289642334,1161.4714050292969,649.1364026069641,1199.106216430664,506.90110087394714,1206.4398193359375,604.6948170661926,1136.0436630249023,544.0487408638,1142.750015258789,600.5544090270996,1323.0311965942383,539.8209142684937,1321.0824966430664,611.4987230300903,1445.0481033325195,520.2508091926575,1436.9078063964844,612.084002494812,1543.9530944824219,508.99563789367676,1544.6835708618164
163,5.4335041928721175,True,6.8,2.3,175.9,177.0,167.4,168.0,49.0,30.7,615.5871176719666,1162.0485305786133,525.2069842815399,1161.5960311889648,647.7978301048279,1197.42919921875,503.3860123157501,1205.0312805175781,603.5339784622192,1135.521011352539,539.4052255153656,1140.109977722168,596.629650592804,1323.1633758544922,536.377762556076,1321.1327362060547,609.2368483543396,1445.4259872436523,519.7599005699158,1438.9731216430664,612.2979140281677,1544.2340469360352,510.41200518608093,1545.1699447631836
164,5.46683857442348,True,9.1,1.3,176.2,176.8,166.2,169.4,53.0,30.6,609.9065852165222,1161.9271087646484,521.0933232307434,1162.145118713379,645.8770036697388,1196.2859344482422,500.555659532547,1203.0029296875,599.3772196769714,1135.1306533813477,534.3750536441803,1139.4853591918945,591.0668563842773,1323.7447357177734,532.130913734436,1321.468849182129,606.3872480392456,1445.419692993164,518.2822823524475,1440.8589935302734,612.23708152771,1544.2322158813477,511.94833159446716,1546.8037033081055
165,5.500172955974843,True,10.0,5.0,176.8,177.9,165.5,170.6,56.0,28.3,605.8312582969666,1161.9525146484375,515.668705701828,1162.221908569336,644.8243117332458,1195.3155899047852,497.8377664089203,1202.197265625,595.3118062019348,1135.0864791870117,532.4039840698242,1139.9518203735352,587.1350169181824,1324.0335845947266,527.5056803226471,1321.9135665893555,604.0720725059509,1445.4286193847656,516.7214941978455,1441.6902923583984,612.2211170196533,1544.186897277832,511.07768654823303,1546.8461608886719
166,5.533507337526205,True,11.3,3.4,178.7,178.0,165.8,171.9,58.7,29.6,601.2934112548828,1161.9561767578125,513.2295477390289,1162.2807312011719,641.4756917953491,1192.8454971313477,494.3135690689087,1201.6471481323242,590.1652479171753,1134.0898132324219,529.0778946876526,1138.9922332763672,583.5087561607361,1324.002342224121,524.1515564918518,1321.9126510620117,600.4213500022888,1445.112419128418,515.4632592201233,1441.7730331420898,612.0411944389343,1544.1149139404297,511.4360511302948,1547.3052978515625
167,5.566841719077568,True,11.8,0.8,179.2,178.1,164.7,174.2,61.0,31.9,597.7843737602234,1161.7983627319336,511.5423631668091,1162.2467422485352,638.9923095703125,1191.6070175170898,489.89967226982117,1201.2801361083984,585.507345199585,1132.7756881713867,525.4298114776611,1139.3440246582031,578.1426215171814,1324.0362167358398,519.7388827800751,1321.9242095947266,595.967767238617,1444.7344207763672,513.6473286151886,1441.7570114135742,612.0008969306946,1544.1094207763672,511.8318486213684,1547.5016784667969
168,5.600176100628931,True,13.8,0.4,178.4,176.9,164.4,174.2,62.2,33.6,593.5009288787842,1161.170768737793,508.53195905685425,1162.1547317504883,637.3802804946899,1191.2919616699219,485.40096402168274,1201.1733627319336,583.7896800041199,1131.1687088012695,521.3312458992004,1139.5209503173828,574.5776438713074,1323.178482055664,516.6059446334839,1321.0688781738281,593.0386662483215,1440.9868240356445,510.4471528530121,1441.6127014160156,611.9784951210022,1542.747688293457,510.7053530216217,1547.5309753417969
169,5.633510482180293,True,14.1,2.2,178.2,177.3,163.1,175.1,62.6,35.0,590.9533023834229,1160.4001235961914,506.44981384277344,1161.8898010253906,636.4856243133545,1191.73828125,481.76047682762146,1200.7226943969727,582.4458932876587,1130.4590606689453,517.0590662956238,1140.2430725097656,570.5963015556335,1323.1914138793945,513.5450398921967,1320.9722900390625,590.8745741844177,1440.351219177246,508.5995829105377,1441.545524597168,611.9675517082214,1542.6950454711914,509.30131316185,1547.479591369629
170,5.666844863731656,True,14.0,4.6,177.6,176.8,162.5,175.9,61.6,37.0,588.4404373168945,1159.3956756591797,504.7948157787323,1161.9086837768555,633.8348078727722,1191.9281387329102,478.3931243419647,1199.8186111450195,579.8229503631592,1128.4654998779297,513.5653817653656,1139.5707321166992,567.7564215660095,1323.4654998779297,510.84861516952515,1321.1084747314453,589.005696773529,1440.0104141235352,506.753751039505,1441.424560546875,611.9567370414734,1541.9253158569336,509.0947723388672,1547.4591064453125
171,5.700179245283019,True,14.2,5.3,177.5,177.8,163.3,175.2,60.4,39.7,585.6695652008057,1158.720817565918,501.1643064022064,1162.7976608276367,628.5958743095398,1189.9480819702148,474.8373520374298,1198.2903671264648,575.479896068573,1126.1083602905273,510.86705803871155,1138.8434600830078,566.9252371788025,1323.775978088379,509.7400152683258,1321.6611099243164,587.7248668670654,1439.2131042480469,506.2573707103729,1440.5461120605469,610.6736540794373,1540.8120346069336,507.29538559913635,1547.4397659301758
172,5.733513626834382,True,14.6,5.4,178.6,177.6,163.3,174.6,60.5,42.3,582.0984077453613,1157.7746200561523,496.6296136379242,1163.445053100586,624.4840478897095,1187.885398864746,470.92501759529114,1196.0136795043945,571.8363189697266,1125.0738143920898,508.8146209716797,1137.384910583496,564.9204683303833,1324.197120666504,507.87174940109253,1322.420883178711,586.8031740188599,1438.6095428466797,504.9800169467926,1440.4772186279297,608.9071941375732,1540.3558731079102,506.7872893810272,1547.3713302612305
173,5.766848008385744,True,16.5,8.6,179.6,178.0,163.7,174.8,62.8,46.1,579.6297669410706,1157.8240585327148,494.7024142742157,1163.6470413208008,622.536506652832,1185.054588317871,468.0387568473816,1193.5007858276367,569.5130324363708,1124.3725204467773,505.41791439056396,1136.3730239868164,564.3890690803528,1324.1258239746094,506.7277443408966,1322.420997619629,586.6627764701843,1437.967758178711,504.86974596977234,1438.5749816894531,605.9352207183838,1540.4871368408203,506.9481897354126,1547.1881103515625
174,5.800182389937107,True,18.8,12.0,178.0,177.5,163.9,174.6,64.3,49.6,577.9317998886108,1157.8541564941406,493.0112385749817,1164.2034530639648,618.64914894104,1181.9111251831055,466.68991684913635,1190.5109024047852,567.8860688209534,1122.8070831298828,502.65515327453613,1135.2654647827148,563.6238670349121,1324.2415237426758,505.60633420944214,1322.5243377685547,586.1424493789673,1437.6442337036133,503.82529377937317,1437.209815979004,602.7858996391296,1540.528907775879,506.9501531124115,1546.955337524414
175,5.83351677148847,True,21.9,15.6,176.8,177.5,163.9,174.7,69.4,52.5,575.8746957778931,1157.7618026733398,492.7655267715454,1165.2703857421875,616.578848361969,1177.1579360961914,466.6889190673828,1188.7478256225586,565.4251527786255,1121.4819717407227,502.32752680778503,1132.628517150879,561.5937995910645,1324.3024063110352,505.0916075706482,1322.614402770996,583.9333605766296,1436.8193435668945,503.43100905418396,1435.2913284301758,598.4617710113525,1539.8492431640625,506.67460441589355,1546.750259399414
176,5.866851153039833,True,23.7,20.1,175.1,177.7,164.0,174.6,71.1,57.4,574.9219751358032,1157.797508239746,491.73494696617126,1166.0430908203125,615.7779836654663,1175.6778717041016,465.7045269012451,1185.9143829345703,564.9137091636658,1120.4195022583008,502.37603187561035,1128.3378982543945,561.2266159057617,1324.299201965332,504.84586358070374,1322.6835250854492,583.6847519874573,1436.718978881836,503.62528681755066,1434.891242980957,595.281229019165,1539.7129440307617,506.8025779724121,1546.728515625
177,5.900185534591195,True,26.0,22.1,174.6,177.7,164.4,174.6,73.1,59.6,574.7180414199829,1157.8375625610352,491.89343333244324,1166.037483215332,613.7564778327942,1173.1888961791992,464.5700490474701,1185.2703094482422,564.4373488426208,1119.3352890014648,502.33126044273376,1126.6839981079102,561.3089489936829,1324.3108749389648,504.91329431533813,1322.7343368530273,583.0734014511108,1436.5412521362305,503.682256937027,1434.2824172973633,593.0302977561951,1539.2316055297852,506.90731287002563,1546.6678619384766
178,5.933519916142558,True,28.2,23.4,173.9,177.6,164.4,174.4,76.2,60.8,574.9513936042786,1157.9761505126953,491.72078490257263,1165.9989166259766,611.9283485412598,1170.3703308105469,463.83880376815796,1184.8905944824219,563.6028814315796,1118.9701080322266,501.82889342308044,1125.3235244750977,561.2775993347168,1324.416275024414,505.09138226509094,1322.8759002685547,582.8584599494934,1436.4141082763672,503.6605632305145,1434.1501235961914,591.5401911735535,1539.1243743896484,506.9737458229065,1546.574821472168
179,5.966854297693921,True,30.8,24.1,173.6,177.2,164.3,174.2,80.1,61.2,574.3648266792297,1158.3626174926758,492.03840136528015,1166.0712432861328,610.9815502166748,1167.8414154052734,463.2917618751526,1185.1967239379883,563.1068229675293,1119.492416381836,500.34709095954895,1126.475715637207,560.892584323883,1324.6260452270508,505.38192987442017,1323.0168914794922,582.8549194335938,1436.41845703125,503.48653078079224,1433.961067199707,591.337673664093,1539.1386795043945,507.0297181606293,1546.5338516235352
180,6.000188679245283,True,29.6,24.1,173.2,176.4,164.2,173.6,79.0,60.9,574.3054747581482,1158.4343719482422,492.04142689704895,1166.4396286010742,610.8998608589172,1168.6172103881836,463.3108162879944,1185.889892578125,562.1824908256531,1119.7003555297852,499.678738117218,1127.270851135254,561.0700607299805,1324.6639251708984,505.68931102752686,1323.163833618164,583.152129650116,1436.023063659668,502.86800265312195,1433.2098770141602,591.0490250587463,1539.155502319336,507.05955505371094,1546.5061569213867
181,6.033523060796646,True,30.0,26.6,171.9,175.0,163.5,172.6,80.1,64.2,574.7280836105347,1160.306282043457,491.3259208202362,1169.802017211914,611.0452151298523,1169.7246551513672,462.02168226242065,1187.4823379516602,561.3303852081299,1120.876579284668,499.5038044452667,1128.0829238891602,561.2343406677246,1326.6372299194336,505.7839071750641,1325.8129119873047,584.2474365234375,1436.0663223266602,501.8410921096802,1432.3457336425781,591.0741949081421,1539.1069793701172,507.5184381008148,1546.4403533935547
182,6.066857442348009,True,26.4,23.3,166.9,171.9,160.8,170.7,77.5,61.3,575.184166431427,1163.8644790649414,490.9204351902008,1173.848762512207,611.7398643493652,1175.1578521728516,462.2671043872833,1193.309326171875,561.1747312545776,1127.0039749145508,499.6819245815277,1134.7168350219727,561.6693735122681,1330.3684616088867,505.88870644569397,1329.8816299438477,589.0729665756226,1436.0499572753906,498.99924874305725,1432.4519348144531,591.5873122215271,1539.1251754760742,507.3805510997772,1545.2208709716797
183,6.1001918238993715,True,17.6,12.4,160.9,169.1,157.9,168.9,68.9,52.3,575.4668927192688,1167.2016906738281,490.26814341545105,1177.7109146118164,613.3925127983093,1185.3840637207031,462.1803939342499,1204.3225479125977,561.7360639572144,1136.8019485473633,499.7444951534271,1148.8434219360352,562.2086262702942,1334.758071899414,506.01590752601624,1334.018211364746,594.373505115509,1436.5887451171875,496.6263949871063,1433.445053100586,591.5979337692261,1539.0582275390625,507.08041191101074,1542.4388122558594
184,6.133526205450734,True,14.2,8.1,153.7,164.5,154.9,166.3,68.0,47.4,575.5561137199402,1172.5940322875977,490.273357629776,1182.330665588379,616.2825393676758,1192.7722549438477,462.46138215065,1213.7202072143555,562.0654606819153,1146.3364791870117,500.0438940525055,1156.8690490722656,563.003568649292,1338.9020919799805,506.4051389694214,1338.677101135254,600.6687355041504,1438.1457138061523,493.1359934806824,1435.2406311035156,590.7657837867737,1539.8136520385742,507.5756013393402,1542.2994232177734
185,6.1668605870020965,True,9.9,4.7,150.7,161.6,153.8,164.8,67.7,42.6,575.738160610199,1177.5434875488281,490.2742266654968,1185.4046630859375,617.9405307769775,1198.6471939086914,462.50760197639465,1222.7251052856445,560.4238843917847,1156.1916732788086,500.2797245979309,1162.1135330200195,563.4530210494995,1341.7222595214844,506.6656243801117,1342.9352188110352,602.9302883148193,1439.7677993774414,491.2586832046509,1437.1577453613281,589.8475027084351,1540.4730606079102,508.1980240345001,1542.2487258911133
186,6.200194968553459,True,5.6,0.8,150.6,158.7,155.1,163.2,66.4,36.5,575.7088708877563,1180.3609085083008,491.0468316078186,1186.6123580932617,617.8814363479614,1202.223014831543,465.73394536972046,1229.7605895996094,555.9335446357727,1162.0579147338867,500.6666386127472,1168.194351196289,564.9983596801758,1343.4900283813477,507.8927993774414,1344.9707794189453,603.9130711555481,1444.2212677001953,489.5584309101105,1441.4964294433594,589.629213809967,1542.5035858154297,508.33150148391724,1542.3036575317383
187,6.233529350104822,True,3.4,1.0,150.4,157.3,156.2,163.0,64.7,32.2,575.7277321815491,1182.0497131347656,492.4223864078522,1187.4999618530273,617.877767086029,1205.0034713745117,469.12176847457886,1234.7480392456055,552.6032710075378,1164.1910934448242,500.7669961452484,1173.3120346069336,566.3285636901855,1345.6463241577148,508.9452660083771,1346.557273864746,604.2793536186218,1447.0741653442383,489.6634876728058,1444.8311233520508,588.8316965103149,1544.0786361694336,509.752117395401,1542.3622512817383
188,6.266863731656184,True,2.8,0.0,150.4,157.2,156.9,162.8,65.6,33.8,575.8209443092346,1180.9174346923828,492.66706824302673,1186.8071365356445,617.5860929489136,1202.585678100586,469.048672914505,1231.9505310058594,548.7288522720337,1162.4733352661133,500.7777786254883,1171.351661682129,567.1222186088562,1346.0688400268555,509.81900095939636,1346.330223083496,604.6209812164307,1448.8140106201172,490.1595461368561,1446.482162475586,588.5803842544556,1544.4231033325195,509.9602997303009,1542.2943878173828
189,6.300198113207547,True,4.9,4.5,151.6,157.4,157.4,163.5,66.1,38.5,576.3698530197144,1179.5935821533203,494.9407231807709,1185.9568405151367,618.604474067688,1201.131591796875,468.25141310691833,1227.0289993286133,550.2862930297852,1158.5499572753906,500.5827605724335,1167.5598907470703,567.2042942047119,1345.378303527832,510.22661089897156,1344.8529052734375,603.7536835670471,1448.873176574707,490.64569115638733,1445.8499908447266,588.6547994613647,1544.4236755371094,510.51702976226807,1542.3051452636719
190,6.33353249475891,True,10.2,18.3,152.6,157.2,157.5,164.4,70.7,50.5,578.4973812103271,1177.0322799682617,498.0045247077942,1182.6627731323242,614.219319820404,1192.2198486328125,468.2236361503601,1211.3732528686523,551.0806560516357,1150.9247589111328,500.2548122406006,1150.517921447754,567.6241993904114,1344.535903930664,510.73509335517883,1344.6281433105469,603.1087946891785,1448.5717391967773,490.8913064002991,1445.4449844360352,588.6945819854736,1544.4877624511719,510.97578406333923,1542.4975204467773
191,6.366866876310272,True,15.2,38.1,155.1,159.8,158.9,165.5,75.2,69.5,580.5481767654419,1168.264045715332,498.62929701805115,1174.1790390014648,608.8643860816956,1177.8416061401367,467.92845368385315,1188.4513092041016,551.7885661125183,1139.4633865356445,498.9154028892517,1127.4983596801758,568.6856460571289,1341.4551544189453,511.6560459136963,1341.167221069336,601.771445274353,1448.1708526611328,493.3177185058594,1444.625358581543,588.7760782241821,1544.458351135254,511.10832810401917,1543.6360931396484
192,6.400201257861635,True,42.3,74.0,158.0,163.8,160.4,167.5,90.7,104.0,582.6251077651978,1163.829574584961,498.85473132133484,1167.0944595336914,598.6550831794739,1164.8527908325195,470.32251834869385,1162.3222732543945,554.6381664276123,1119.2922592163086,500.00964760780334,1099.9737167358398,569.5501756668091,1336.537971496582,512.1195638179779,1335.080451965332,600.021014213562,1447.87353515625,496.787713766098,1444.4876861572266,588.7939095497131,1543.667106628418,511.1249041557312,1543.586311340332
193,6.433535639412998,True,82.3,119.3,161.7,167.8,162.6,169.0,125.8,140.3,582.3749542236328,1159.5770645141602,499.1501712799072,1160.4052734375,593.51567029953,1152.7582168579102,479.6417999267578,1140.472755432129,554.3349695205688,1104.5947265625,502.64984250068665,1061.8083572387695,569.825177192688,1325.5455780029297,512.5704324245453,1323.354721069336,597.8706979751587,1446.7316436767578,499.5758056640625,1440.9093475341797,588.9054679870605,1543.3353424072266,510.0821900367737,1543.4006881713867
194,6.466870020964361,True,153.8,142.3,164.5,170.4,163.8,170.6,172.4,158.4,582.2630739212036,1157.5516891479492,501.3046395778656,1160.1618576049805,580.8518242835999,1132.7410125732422,487.12738394737244,1130.7994079589844,548.2561612129211,1075.0624465942383,504.03395891189575,1050.9468841552734,569.8048996925354,1320.4093551635742,512.8794550895691,1319.0045928955078,595.574963092804,1443.3808135986328,502.00167059898376,1438.249855041504,589.2037725448608,1543.3243560791016,510.08151412010193,1544.7389602661133
195,6.500204402515723,True,156.8,163.1,167.9,172.0,165.4,171.5,173.3,174.0,582.2104167938232,1155.3364562988281,503.6237096786499,1157.402458190918,580.5714797973633,1116.4179611206055,497.5501477718353,1121.5013122558594,553.7291550636292,1060.371437072754,506.82050585746765,1048.9065170288086,570.0048422813416,1318.5266876220703,513.7568914890289,1317.685432434082,592.3576641082764,1441.006736755371,503.5632634162903,1437.5712203979492,589.2496705055237,1543.3210372924805,509.4622778892517,1544.8762893676758
196,6.533538784067086,True,163.0,172.5,170.1,173.2,166.4,172.0,170.2,176.9,582.1429538726807,1153.4797668457031,504.5106089115143,1153.535270690918,577.8788208961487,1109.483871459961,504.34285283088684,1110.9213638305664,554.9553966522217,1054.2741394042969,513.4524071216583,1039.1619873046875,570.0410842895508,1317.242317199707,514.1310274600983,1316.916275024414,590.1543045043945,1438.6444473266602,504.45624589920044,1436.561050415039,589.264862537384,1542.1562576293945,508.52758169174194,1544.9803161621094
197,6.566873165618449,True,157.8,167.8,171.5,174.0,167.0,172.1,176.0,178.3,582.0481324195862,1153.0424880981445,505.152086019516,1152.553596496582,582.2396421432495,1100.8870697021484,503.825261592865,1102.5381088256836,556.1007857322693,1036.3045120239258,517.1380519866943,1031.941795349121,570.0474572181702,1316.6176986694336,514.3668901920319,1315.986213684082,588.6574387550354,1437.1089935302734,504.5283114910126,1435.7359313964844,589.1175127029419,1541.605567932129,506.92617416381836,1544.6827697753906
198,6.600207547169812,True,160.2,172.1,172.6,175.1,167.6,172.1,178.6,175.0,582.0398926734924,1152.5566864013672,505.01323342323303,1150.6114196777344,584.7301697731018,1096.23779296875,506.7036044597626,1094.1216659545898,565.6751775741577,1034.348487854004,518.2485830783844,1025.705680847168,570.0646448135376,1316.6828155517578,514.562326669693,1316.4058685302734,587.4797987937927,1436.400489807129,505.0066030025482,1435.499153137207,589.1275548934937,1541.2338638305664,505.69401025772095,1544.6754455566406
199,6.633541928721174,True,159.6,171.4,174.6,176.3,168.3,172.5,179.5,175.8,582.7167749404907,1152.128791809082,505.205934047699,1150.1791763305664,586.3664674758911,1097.4034881591797,506.11294984817505,1094.2910385131836,567.0612573623657,1032.550392150879,518.2068371772766,1021.8863296508789,570.1268935203552,1317.5080490112305,514.7295999526978,1317.0783233642578,585.5460977554321,1436.594009399414,506.01030707359314,1435.5878448486328,589.1507291793823,1540.7988739013672,505.0210225582123,1544.696159362793
200,6.666876310272537,True,163.9,176.8,176.9,176.4,168.9,172.9,178.8,171.4,583.8119530677795,1152.5737380981445,506.01693749427795,1149.1487503051758,587.3411393165588,1096.062126159668,511.83130145072937,1090.546760559082,572.9122495651245,1031.2298583984375,523.2959747314453,1017.4065399169922,570.0795793533325,1318.333740234375,514.7059428691864,1317.7270889282227,583.2825493812561,1436.7798614501953,506.0561728477478,1436.4179992675781,589.1630244255066,1540.5571746826172,505.0687551498413,1544.7927474975586
201,6.7002106918239,True,166.5,178.8,178.2,176.2,169.1,173.1,177.6,169.8,584.9848937988281,1153.077163696289,506.5646553039551,1148.78173828125,587.6359677314758,1098.1630325317383,514.3434906005859,1089.239501953125,574.9641394615173,1031.4415740966797,525.3666937351227,1016.6046524047852,570.0218367576599,1318.9003372192383,514.6867597103119,1318.0019760131836,581.8886804580688,1436.9596481323242,505.9394323825836,1437.1523666381836,588.9777588844299,1540.5671310424805,505.12189507484436,1545.2776336669922
202,6.733545073375263,True,165.5,175.2,178.5,176.1,168.9,173.1,179.2,171.8,585.7227373123169,1153.428840637207,506.72343134880066,1148.8813018798828,590.1647973060608,1098.5579681396484,512.3179292678833,1091.0459518432617,578.1688857078552,1029.9214553833008,525.6058394908905,1018.3243560791016,569.887683391571,1319.2513275146484,514.6213889122009,1317.996597290039,581.5114545822144,1436.6727447509766,505.76327562332153,1437.161865234375,588.9787244796753,1540.0300598144531,505.17545342445374,1545.2729415893555
203,6.766879454926625,True,165.4,174.0,179.1,175.9,168.9,173.5,179.7,172.9,586.5423345565796,1153.560676574707,508.1011426448822,1149.364242553711,592.3394465446472,1099.551773071289,512.9782676696777,1092.5066757202148,582.1288561820984,1031.176872253418,526.8485605716705,1020.6906509399414,569.8107576370239,1318.8195419311523,514.5974743366241,1316.5932083129883,580.7352447509766,1436.250228881836,505.70141315460205,1436.8114471435547,588.7637829780579,1540.3266906738281,505.4216158390045,1545.2150344848633
204,6.800213836477988,True,159.2,171.8,179.1,175.9,168.9,173.8,175.9,173.6,586.6201615333557,1153.769760131836,508.86425256729126,1149.6581268310547,595.7900333404541,1101.4226531982422,513.38751912117,1091.0847473144531,582.9542469978333,1034.3219375610352,528.6010193824768,1022.8847122192383,569.8686933517456,1318.7579727172852,514.6543478965759,1316.092872619629,580.7449650764465,1436.0436630249023,505.7504975795746,1436.465835571289,588.8020205497742,1540.3129577636719,505.43455481529236,1544.9070739746094
205,6.8335482180293505,True,156.3,169.4,179.5,176.2,169.0,174.2,173.7,175.0,586.836519241333,1154.245491027832,509.7736179828644,1150.052490234375,598.0438613891602,1102.346305847168,513.1049859523773,1091.8040084838867,584.3995499610901,1035.6215286254883,529.7990655899048,1024.0363311767578,569.8631572723389,1318.473243713379,514.7073912620544,1315.6551361083984,580.3159832954407,1435.4854202270508,506.046484708786,1436.0115051269531,588.837296962738,1540.2112197875977,505.46493887901306,1544.4573211669922
206,6.866882599580713,True,153.0,167.8,179.8,176.4,169.0,174.3,171.8,175.7,587.0620822906494,1154.6030044555664,510.13095259666443,1150.3202819824219,600.1893496513367,1102.642478942871,512.8998935222626,1091.3294219970703,585.1007008552551,1036.149787902832,530.7402956485748,1024.2170333862305,569.9232172966003,1318.5978698730469,514.7826433181763,1315.8715438842773,580.1768088340759,1435.4175567626953,506.2852120399475,1436.0245513916016,588.997392654419,1540.0657653808594,505.4889500141144,1543.5739517211914
207,6.9002169811320755,True,151.3,166.4,179.8,176.6,169.0,174.5,170.5,175.6,587.3562026023865,1154.889793395996,510.30823588371277,1150.3557586669922,601.7854142189026,1103.0596160888672,513.207950592041,1090.7718658447266,586.0517477989197,1035.7921600341797,532.6559400558472,1024.797592163086,570.1095128059387,1318.674659729004,514.88489985466,1315.9816360473633,580.2989888191223,1435.396957397461,506.68471097946167,1435.996971130371,589.1220831871033,1539.781150817871,505.65619111061096,1543.0986785888672
208,6.933551362683438,True,148.5,164.7,179.9,176.8,169.1,174.5,168.7,175.6,587.7074217796326,1155.5009078979492,510.38429260253906,1150.3789901733398,603.8687825202942,1103.6989974975586,513.3389174938202,1090.656852722168,586.9077157974243,1036.2921524047852,534.8196458816528,1025.0303649902344,570.4978108406067,1318.6097717285156,515.0473773479462,1315.865135192871,580.4627537727356,1435.3715515136719,506.9719433784485,1435.9141159057617,589.1297435760498,1539.6735763549805,505.669162273407,1543.0248641967773
209,6.966885744234801,True,146.7,164.7,180.0,177.2,169.3,174.7,167.7,175.6,587.9051113128662,1155.6788635253906,510.4105567932129,1150.2257537841797,604.8924422264099,1104.1088104248047,513.31294298172,1090.828857421875,586.5717530250549,1036.278419494629,535.0416362285614,1024.1920852661133,570.8673763275146,1318.5490036010742,515.1541078090668,1315.8209609985352,580.5186295509338,1435.3336715698242,507.43707060813904,1435.9161758422852,589.213879108429,1539.6511459350586,505.73028445243835,1543.0242919921875
210,7.000220125786163,True,144.6,163.8,179.8,177.3,169.5,174.7,166.5,176.0,588.1893181800842,1156.186637878418,510.7677626609802,1150.2840042114258,606.3782358169556,1104.5605087280273,513.2800161838531,1091.5602493286133,586.9759511947632,1036.9023513793945,535.7153964042664,1024.9406433105469,571.2492370605469,1318.5034561157227,515.351185798645,1315.7548141479492,580.5775952339172,1435.2849197387695,507.6472806930542,1435.9014129638672,589.2204451560974,1539.4611740112305,505.7639515399933,1543.0658340454102
211,7.033554507337526,True,142.0,162.9,179.9,177.4,169.6,174.7,164.6,175.8,588.2262682914734,1156.545639038086,510.7902932167053,1150.5519104003906,607.866153717041,1106.0920715332031,513.3997821807861,1091.6616439819336,587.2770881652832,1037.4175643920898,536.754344701767,1026.2630081176758,571.5461897850037,1318.3214950561523,515.5509030818939,1315.5309677124023,580.6873512268066,1435.1454162597656,507.79578924179077,1435.7168197631836,588.9853549003601,1539.2712020874023,505.76263189315796,1543.059425354004
212,7.066888888888889,True,139.9,163.0,179.9,177.6,169.9,174.6,163.3,175.6,588.2679176330566,1156.8177795410156,510.7492232322693,1151.1555862426758,609.0555095672607,1106.575584411621,513.4521496295929,1092.0566940307617,587.1773099899292,1037.6456451416016,536.8945813179016,1026.364402770996,571.9659662246704,1318.3433532714844,515.7620143890381,1315.5455017089844,580.7722592353821,1435.202522277832,508.12380194664,1435.6587982177734,588.7503933906555,1539.217414855957,505.7560980319977,1543.1529235839844
213,7.100223270440252,True,134.3,162.6,180.0,177.8,170.4,174.4,159.8,175.5,588.4047746658325,1157.1552658081055,510.6678879261017,1152.564468383789,611.580798625946,1108.8704681396484,513.3406233787537,1093.0049514770508,587.1608304977417,1042.1345901489258,536.5894210338593,1028.9337158203125,572.9118633270264,1318.4503555297852,516.1640560626984,1315.6791687011719,581.2802267074585,1435.345573425293,508.4557092189789,1435.656852722168,588.7129926681519,1539.166603088379,505.700318813324,1543.154411315918
214,7.133557651991614,True,126.4,160.1,179.8,177.9,170.4,174.3,156.7,176.7,589.7409653663635,1157.3809432983398,510.9411835670471,1153.0344772338867,615.8438372612,1110.4744720458984,512.3779249191284,1093.1080627441406,587.1292877197266,1047.4262237548828,537.0998024940491,1029.5529556274414,573.4851694107056,1318.6428451538086,516.4728856086731,1315.865249633789,581.3299870491028,1435.3575897216797,508.7087917327881,1435.5950546264648,588.6088371276855,1538.9815521240234,505.71171283721924,1543.0146789550781
215,7.166892033542977,True,117.7,154.2,179.8,178.1,170.5,174.1,152.0,178.6,590.8001589775085,1158.5020065307617,511.06284856796265,1154.4857025146484,620.3009605407715,1114.669418334961,510.2523601055145,1093.860969543457,587.4354457855225,1053.7521743774414,538.9130294322968,1032.5895309448242,574.2324113845825,1318.667221069336,517.10773229599,1316.008529663086,581.5592837333679,1435.3312683105469,509.22622203826904,1435.5417251586914,588.5044240951538,1538.9361190795898,505.71943759918213,1542.9834365844727
216,7.20022641509434,True,109.9,140.6,179.9,178.2,170.4,174.0,147.0,174.7,591.816930770874,1159.368782043457,511.0750472545624,1156.2255477905273,623.2005143165588,1120.8420181274414,503.73237133026123,1101.181411743164,588.1427764892578,1062.3859405517578,539.8212361335754,1043.0322647094727,574.7357439994812,1318.6750030517578,517.3642587661743,1316.0397720336914,581.8993663787842,1435.3367614746094,509.5139694213867,1435.5384063720703,588.5081577301025,1538.9770889282227,505.80888390541077,1543.0216598510742
217,7.233560796645702,True,102.2,127.6,179.7,178.2,170.6,173.5,140.2,167.9,592.0581364631653,1159.4451141357422,511.064715385437,1157.0133590698242,625.35475730896,1127.0110702514648,498.8967025279999,1110.4294967651367,588.5245728492737,1068.1840896606445,542.8566813468933,1053.643569946289,575.5241203308105,1318.626594543457,518.0098235607147,1316.066551208496,582.578501701355,1435.25390625,509.836220741272,1434.4020080566406,589.3595552444458,1538.9764022827148,505.8018672466278,1542.8510284423828
218,7.266895178197065,True,85.8,103.4,179.8,178.3,171.1,173.0,125.4,153.2,592.593719959259,1159.361915588379,510.81230878829956,1155.9134674072266,630.6360483169556,1137.6477813720703,491.90054655075073,1122.7613067626953,591.2212872505188,1078.974494934082,542.3704719543457,1075.6079864501953,576.6377091407776,1318.8545608520508,518.8371455669403,1316.6586685180664,583.1745314598083,1436.2598419189453,510.2138328552246,1434.3974304199219,589.3766784667969,1539.5962142944336,505.5591809749603,1542.8923416137695
219,7.300229559748428,True,61.2,81.1,179.7,178.6,171.1,172.3,102.1,133.8,595.0478768348694,1159.2125701904297,510.8496129512787,1153.685417175293,638.7821316719055,1154.487533569336,486.91269993782043,1133.239517211914,594.2235803604126,1090.8753204345703,542.2102475166321,1085.7770919799805,578.4339737892151,1318.8626861572266,520.3441822528839,1316.7201232910156,584.5676279067993,1436.4350509643555,511.3116502761841,1433.8784408569336,589.3678593635559,1540.0289154052734,505.5363607406616,1542.8931427001953
220,7.333563941299791,True,46.0,45.6,179.4,178.7,171.0,171.8,91.0,95.0,596.2801051139832,1158.9397430419922,511.3086247444153,1153.777198791504,645.9953212738037,1163.3869171142578,481.9886791706085,1153.0396270751953,599.0583157539368,1105.180778503418,531.3455951213837,1105.165901184082,579.0976595878601,1319.0935134887695,521.5416169166565,1317.070655822754,585.0582790374756,1436.436996459961,512.0514571666718,1433.6396026611328,589.1896748542786,1540.0538635253906,505.6265151500702,1543.0787658691406
221,7.366898322851153,True,33.2,31.3,179.3,178.5,170.8,170.6,78.2,80.5,598.9497828483582,1159.9238204956055,511.46411776542664,1156.6300964355469,652.146098613739,1177.6441955566406,481.96717858314514,1163.7919235229492,604.6081709861755,1117.5557327270508,528.1320297718048,1117.716064453125,580.3401875495911,1320.5588150024414,523.2070434093475,1318.447151184082,585.6032609939575,1436.9050598144531,512.7746558189392,1432.8347396850586,589.0645980834961,1540.418586730957,505.70939540863037,1543.161392211914
222,7.400232704402516,True,21.5,13.7,180.0,178.7,171.6,169.8,70.4,62.3,600.7629132270813,1160.7071685791016,511.6339659690857,1160.1993942260742,659.0044641494751,1189.4031143188477,482.1821200847626,1178.910140991211,610.9774947166443,1136.6551208496094,528.6024034023285,1130.698127746582,582.0016551017761,1321.0237884521484,524.7010445594788,1318.8237762451172,585.5182242393494,1436.9002532958984,513.8034009933472,1432.3116302490234,588.5409879684448,1539.4474411010742,505.7377517223358,1543.2482528686523
223,7.433567085953879,True,13.4,8.2,179.3,179.5,171.2,169.6,60.0,46.2,605.9036135673523,1162.225112915039,511.6268527507782,1161.679344177246,658.5897088050842,1203.1926727294922,483.03351759910583,1194.4388580322266,617.6241374015808,1152.0865631103516,522.6532101631165,1160.383415222168,583.888750076294,1322.0503234863281,525.7378041744232,1319.7514343261719,585.7194542884827,1437.334098815918,515.3160381317139,1432.5522994995117,588.6445641517639,1539.3928527832031,505.96160888671875,1543.4531021118164
224,7.466901467505242,True,28.8,11.4,178.8,179.4,171.2,168.6,57.2,37.8,609.710955619812,1166.7321395874023,511.63673400878906,1167.9909896850586,661.2478637695312,1212.198715209961,481.06141805648804,1216.8553161621094,652.5472068786621,1188.0206680297852,518.7204051017761,1177.11181640625,586.0480785369873,1323.1368255615234,527.0922768115997,1320.5158996582031,586.5450382232666,1438.9557266235352,515.9186339378357,1433.4204483032227,589.0888023376465,1539.4500732421875,506.2519955635071,1543.846206665039
225,7.500235849056604,True,20.0,27.7,178.0,179.6,172.6,167.5,51.8,31.0,611.4002323150635,1170.7350540161133,511.6094720363617,1170.7460403442383,658.8059377670288,1220.679817199707,482.8881311416626,1234.4535827636719,649.7875356674194,1199.9393463134766,520.7317399978638,1204.8216247558594,588.8627243041992,1325.2482604980469,529.4107031822205,1322.344093322754,587.1413254737854,1440.5694580078125,517.9594838619232,1434.0726470947266,589.084746837616,1539.9378204345703,507.53746032714844,1543.879623413086
226,7.533570230607967,True,46.4,32.6,177.9,179.4,174.1,165.6,45.6,24.2,612.6985716819763,1171.362190246582,511.6099548339844,1173.061637878418,655.8831453323364,1226.7470169067383,488.55778455734253,1251.5711975097656,646.067419052124,1225.7789611816406,521.1836063861847,1223.2201766967773,591.7955589294434,1327.0705032348633,532.4881517887115,1324.475440979004,588.3780598640442,1441.9108200073242,519.758677482605,1434.9259185791016,589.0882873535156,1541.4764785766602,508.3404815196991,1543.886604309082
227,7.5669046121593295,True,126.7,66.1,177.2,178.6,175.9,162.4,39.5,19.0,616.4715385437012,1173.042869567871,514.0354657173157,1173.7224197387695,653.617537021637,1232.1922302246094,500.35330295562744,1253.0329513549805,645.2074599266052,1253.8544082641602,516.3218343257904,1249.0242004394531,596.4308023452759,1328.1649017333984,538.528014421463,1325.3455352783203,589.8921132087708,1442.5260543823242,522.2935903072357,1435.5373764038086,588.9955902099609,1541.4535903930664,509.09950375556946,1543.8298416137695
228,7.6002389937106924,True,157.8,154.4,177.3,179.4,176.9,163.2,32.8,19.7,619.582622051239,1176.0438537597656,518.1314563751221,1173.2874298095703,648.3614802360535,1236.3126754760742,504.4560205936432,1243.0747604370117,651.0981702804565,1283.5124588012695,518.0608069896698,1295.6118392944336,599.8683214187622,1330.0639343261719,541.3246035575867,1326.3590240478516,591.546049118042,1442.6133728027344,525.6140792369843,1435.7537841796875,588.8421893119812,1541.0857772827148,509.0699243545532,1543.3782577514648
229,7.6335733752620545,True,176.8,168.9,177.9,177.7,177.5,163.3,23.6,16.9,623.9323711395264,1177.6476287841797,522.5966906547546,1173.7007904052734,645.0552821159363,1251.0813903808594,510.94189167022705,1251.1000442504883,659.1374588012695,1312.8559112548828,513.8564443588257,1317.0145797729492,603.6538410186768,1330.6733322143555,545.0162672996521,1326.8569564819336,593.7077593803406,1443.5015487670898,528.6289572715759,1438.7465286254883,588.7239360809326,1540.9704208374023,509.02135491371155,1543.509635925293
230,7.666907756813417,True,174.4,178.3,179.0,177.8,179.0,162.1,18.4,14.9,626.1103677749634,1177.0666122436523,526.9142532348633,1174.3414306640625,642.029492855072,1254.5782470703125,517.5756919384003,1255.378189086914,661.1241388320923,1316.4055252075195,511.5308082103729,1326.5457916259766,607.9706954956055,1330.430030822754,549.3319630622864,1327.3249053955078,596.6082787513733,1444.0077209472656,529.9028992652893,1442.962303161621,588.6001467704773,1541.6140365600586,508.73920798301697,1544.6564483642578
231,7.70024213836478,True,175.2,179.6,178.9,177.5,178.2,161.9,15.3,15.4,629.6533298492432,1176.4774703979492,530.9585523605347,1175.2119827270508,640.7048892974854,1254.6807861328125,520.1537990570068,1256.8359375,656.3681316375732,1323.6539840698242,509.9795472621918,1329.7295379638672,610.1392292976379,1330.27587890625,551.9153165817261,1327.3266220092773,599.2990064620972,1443.866958618164,530.9742271900177,1443.3921432495117,588.0639839172363,1541.6840744018555,508.00020575523376,1544.8872756958008
232,7.733576519916142,True,176.4,178.3,177.8,176.9,178.9,161.6,13.1,17.5,632.9381561279297,1176.046485900879,535.1804888248444,1174.753074645996,640.8931803703308,1251.1811828613281,521.3871538639069,1253.375129699707,652.5773978233337,1319.9132537841797,511.2794315814972,1323.416862487793,613.8905668258667,1329.678611755371,555.3779411315918,1326.606216430664,602.1529197692871,1442.0563888549805,533.1024312973022,1443.3246231079102,587.8331422805786,1541.6584396362305,508.05147886276245,1544.8833847045898
233,7.766910901467505,True,178.5,175.7,176.8,175.8,179.2,162.4,10.8,19.3,636.2112021446228,1175.676498413086,538.0604732036591,1174.3457794189453,641.0273337364197,1249.364891052246,521.6813385486603,1251.2538528442383,647.2015428543091,1317.1331405639648,511.7194855213165,1324.7748184204102,617.0531487464905,1329.5827102661133,557.4623394012451,1325.8612060546875,604.801676273346,1441.450080871582,536.4595484733582,1441.0029602050781,588.043384552002,1541.6432189941406,509.691606760025,1543.9757537841797
234,7.800245283018868,True,179.9,173.9,175.8,174.0,179.2,164.1,9.5,19.6,638.6542868614197,1175.6150436401367,540.167498588562,1174.083480834961,641.557252407074,1247.9308319091797,523.5519862174988,1250.9343338012695,644.3471789360046,1319.4633865356445,515.5987000465393,1324.771957397461,619.4232988357544,1328.8750076293945,559.6798610687256,1324.6369171142578,607.0121169090271,1441.0121154785156,542.72136926651,1438.3787155151367,588.3025503158569,1541.6879653930664,515.518684387207,1543.9751815795898
235,7.833579664570231,True,179.8,170.8,174.4,174.5,178.0,166.3,8.5,18.8,641.2528967857361,1175.885238647461,542.7605080604553,1174.006690979004,642.1964764595032,1248.1233215332031,526.6248321533203,1249.7174835205078,642.9371523857117,1321.383934020996,523.0501019954681,1322.6528549194336,620.3082990646362,1329.3770599365234,560.7676362991333,1324.614486694336,608.954701423645,1441.043472290039,547.0196199417114,1438.271598815918,588.6694121360779,1542.0033645629883,523.6279141902924,1544.8305130004883
236,7.866914046121593,True,173.8,164.9,174.3,175.3,177.2,168.1,10.0,17.7,644.505922794342,1175.727424621582,545.3098726272583,1173.936538696289,646.1691284179688,1245.4988479614258,530.4188168048859,1247.318458557129,640.433042049408,1313.0098342895508,534.4935965538025,1311.5998077392578,621.0256719589233,1329.5439147949219,561.8059730529785,1324.3634033203125,609.4007420539856,1442.2819519042969,550.6228351593018,1438.153953552246,588.950400352478,1542.000732421875,530.9668564796448,1545.6787490844727
237,7.900248427672956,True,170.7,161.0,173.6,174.8,175.5,171.1,10.4,15.6,646.0613679885864,1175.566749572754,547.8116011619568,1173.402328491211,647.0330142974854,1244.2948150634766,534.2892444133759,1246.1116790771484,637.1262001991272,1310.4618072509766,543.6514949798584,1309.3731307983398,620.0320744514465,1329.6372985839844,561.0877633094788,1324.2497634887695,609.817750453949,1443.4685897827148,553.2899379730225,1438.1777572631836,589.7262239456177,1542.0534896850586,535.379079580307,1550.0597763061523
238,7.933582809224319,True,166.4,159.9,173.9,176.9,175.2,172.0,12.2,13.2,647.8084516525269,1175.5162811279297,549.2223358154297,1173.1254959106445,650.2449703216553,1243.6427307128906,538.2360184192657,1245.8219146728516,636.9512987136841,1308.4363174438477,550.1695847511292,1304.6688079833984,620.3181481361389,1329.4671249389648,561.4301633834839,1323.8794326782227,609.7096681594849,1443.0384063720703,554.7494673728943,1438.1224822998047,590.0110101699829,1540.5094528198242,541.5814518928528,1555.2527618408203
239,7.966917190775682,True,161.7,159.6,174.3,179.9,174.7,173.8,14.3,11.6,649.0941095352173,1175.481834411621,551.0939812660217,1172.958641052246,653.3893990516663,1243.17626953125,541.4738845825195,1244.3907165527344,636.8647170066833,1306.3664245605469,555.064058303833,1304.3749237060547,620.1611423492432,1328.6543655395508,561.567599773407,1323.6008834838867,609.3334722518921,1443.0900192260742,557.1659016609192,1438.5154724121094,590.3834080696106,1540.0801849365234,552.7994155883789,1558.8513565063477
240,8.000251572327045,True,163.4,159.5,174.7,179.5,173.3,176.2,13.9,12.1,651.6871190071106,1176.6816329956055,552.536838054657,1173.014030456543,654.1462969779968,1244.1880416870117,541.6649436950684,1244.252700805664,637.1367573738098,1309.9673080444336,554.0436172485352,1303.5368728637695,619.8414015769958,1328.5965728759766,561.4223742485046,1323.5951614379883,609.4559097290039,1444.9459075927734,560.512912273407,1442.4486923217773,591.8758964538574,1540.5488204956055,560.6471943855286,1564.9647903442383
241,8.033585953878408,True,166.4,159.7,174.9,179.0,172.5,177.8,16.5,13.6,654.3357467651367,1179.9123001098633,553.9182186126709,1174.1255950927734,658.7918400764465,1249.6056747436523,540.6735992431641,1244.780502319336,646.0065865516663,1322.471923828125,550.9269332885742,1305.128059387207,620.2017617225647,1329.4728469848633,561.8842506408691,1324.573745727539,609.354522228241,1445.9431457519531,563.7132167816162,1444.2834091186523,591.9082760810852,1541.011848449707,563.5359978675842,1566.0986709594727
242,8.066920335429769,True,171.1,157.2,175.0,179.9,171.7,178.5,17.1,16.0,656.3036298751831,1181.6007614135742,555.8195400238037,1176.7010879516602,660.700306892395,1253.9698791503906,539.0873515605927,1246.212158203125,653.6610531806946,1328.152084350586,548.9519691467285,1306.5733337402344,620.0757837295532,1330.6855773925781,562.2922468185425,1326.0157012939453,609.0867304801941,1448.0887985229492,564.2698502540588,1445.0178909301758,591.5778493881226,1543.871841430664,566.0817575454712,1573.9327239990234
243,8.100254716981132,True,176.8,153.3,176.0,177.8,171.2,178.5,17.0,18.3,657.651858329773,1183.4643173217773,557.6311254501343,1178.7548446655273,661.3896775245667,1257.8456497192383,538.1153512001038,1246.9183731079102,661.013867855072,1331.396484375,549.2263269424438,1305.5500030517578,620.2674865722656,1331.8080139160156,563.5867238044739,1327.2382736206055,609.3666243553162,1447.9011154174805,565.2252101898193,1446.6048431396484,593.4376502037048,1544.7481155395508,572.1997046470642,1581.3189697265625
244,8.133589098532495,True,178.6,153.2,178.4,177.3,171.7,178.3,17.7,19.2,658.4572291374207,1185.0135040283203,557.3817443847656,1180.8528900146484,663.2894539833069,1260.117301940918,537.4130094051361,1249.1938018798828,666.2025904655457,1332.5525665283203,548.5256910324097,1309.0415954589844,621.2344980239868,1334.0607833862305,564.9667525291443,1329.452018737793,609.7205471992493,1449.9137878417969,567.576756477356,1448.8458251953125,597.551600933075,1545.344581604004,576.7339468002319,1582.052879333496
245,8.166923480083858,True,177.9,154.3,179.7,177.2,173.1,178.3,17.0,19.4,658.829755783081,1185.3784561157227,556.5678119659424,1182.5184631347656,663.6590838432312,1259.952163696289,536.9536113739014,1253.1932830810547,670.9220337867737,1331.6119766235352,547.8256344795227,1313.811264038086,622.7071595191956,1338.7662506103516,566.8691039085388,1333.956527709961,610.1105189323425,1451.7411804199219,571.383261680603,1452.557373046875,599.0194344520569,1547.2544860839844,583.6861038208008,1592.7675247192383
246,8.20025786163522,True,174.7,156.9,179.2,178.0,173.9,178.5,17.5,19.1,658.8854384422302,1186.0605239868164,555.8591938018799,1183.732681274414,665.4550266265869,1259.6991348266602,536.6600382328033,1256.6625595092773,678.1136584281921,1328.8817596435547,546.1212301254272,1321.1263275146484,624.3336725234985,1342.7030181884766,567.6283192634583,1338.4269332885742,611.4476108551025,1458.6285781860352,573.8444352149963,1463.4095764160156,599.0171813964844,1558.469581604004,585.7206773757935,1602.7726364135742
247,8.233592243186584,True,169.7,163.5,179.4,178.7,174.4,177.4,16.4,19.2,658.5324168205261,1185.9290313720703,555.3371930122375,1184.4821548461914,665.5730223655701,1259.3717193603516,536.5246617794037,1261.0862731933594,684.8666453361511,1327.5856018066406,539.8371684551239,1331.927146911621,627.4837017059326,1347.3115539550781,570.6399464607239,1345.2106475830078,617.1266627311707,1459.134292602539,576.6735005378723,1468.516502380371,610.8693480491638,1536.0884857177734,586.6010427474976,1607.6126861572266
248,8.266926624737946,True,169.0,168.7,172.0,179.3,172.3,176.8,15.8,19.0,658.713755607605,1185.5544662475586,555.03901720047,1185.3212356567383,666.238124370575,1258.7720489501953,536.5560758113861,1265.2086639404297,686.8755340576172,1326.8791580200195,534.4160270690918,1337.5785827636719,630.5774688720703,1346.9519805908203,571.9114422798157,1345.5424118041992,626.2433624267578,1458.2538986206055,577.8374290466309,1467.9111099243164,613.3301997184753,1529.827995300293,586.2307047843933,1607.212028503418
249,8.300261006289308,True,168.8,170.8,162.7,178.5,171.9,176.6,15.9,19.0,659.5274949073792,1184.9384307861328,554.9266862869263,1185.2540588378906,667.9508972167969,1258.1888580322266,536.7291748523712,1267.3839569091797,689.75590467453,1326.3117599487305,532.4399363994598,1342.5598526000977,632.6888394355774,1348.1968688964844,573.3726453781128,1347.6469802856445,630.2095770835876,1467.0319747924805,580.1822805404663,1474.885368347168,610.2182149887085,1526.9282913208008,590.6755328178406,1607.3308181762695
250,8.33359538784067,True,169.0,173.8,147.1,179.4,169.0,177.0,16.6,17.8,659.6763896942139,1183.0046081542969,553.8797235488892,1185.4114151000977,670.110354423523,1257.9231262207031,536.9008255004883,1272.7133560180664,693.353841304779,1325.8821487426758,530.4180765151978,1350.37353515625,634.042797088623,1351.351089477539,573.7271475791931,1351.2321853637695,639.1480922698975,1475.221824645996,582.5423884391785,1483.7606048583984,608.9201974868774,1526.4923858642578,592.166862487793,1608.9353942871094
251,8.366929769392033,True,171.8,174.8,141.9,179.2,166.9,175.8,18.0,17.7,660.6334233283997,1180.8662796020508,553.6281538009644,1185.1932907104492,673.5646748542786,1257.6517868041992,537.044860124588,1274.4707107543945,695.3177976608276,1325.5650329589844,529.8043119907379,1352.9072570800781,635.3506636619568,1350.2372360229492,574.6089935302734,1350.8465194702148,645.013439655304,1470.7459259033203,581.8246936798096,1485.5184173583984,613.5026550292969,1518.3053970336914,590.4300141334534,1612.401008605957
252,8.400264150943396,True,174.9,174.7,137.9,178.6,165.7,174.5,18.5,18.1,662.6647138595581,1179.8371124267578,553.4680581092834,1185.1159286499023,677.2931599617004,1257.5297927856445,537.4512469768524,1273.4779357910156,696.3061809539795,1324.907455444336,530.6172466278076,1352.4475479125977,639.1516971588135,1350.9239959716797,576.4091205596924,1352.0573043823242,652.807080745697,1471.449966430664,581.8850755691528,1487.757911682129,616.3515472412109,1522.3075103759766,589.797420501709,1610.683479309082
253,8.43359853249476,True,176.3,175.0,141.2,177.9,166.6,172.5,17.7,18.9,665.0976920127869,1179.1358184814453,553.6293768882751,1184.135513305664,679.7206020355225,1257.520523071289,537.9915297031403,1271.6140365600586,696.7488098144531,1324.713020324707,531.078382730484,1348.79150390625,643.6565852165222,1350.0700378417969,579.4206833839417,1351.5869522094727,656.949291229248,1470.7680130004883,582.2742104530334,1486.409912109375,621.1409640312195,1527.022590637207,589.4002389907837,1608.0447006225586
254,8.466932914046122,True,175.7,174.6,150.4,177.7,166.5,171.4,16.9,19.3,666.6638875007629,1178.221549987793,555.001745223999,1182.3612213134766,681.0168170928955,1257.2920989990234,539.3234395980835,1268.7712097167969,698.5392165184021,1324.5935440063477,532.6721942424774,1345.8842468261719,646.8047475814819,1349.8064804077148,581.7097878456116,1351.475830078125,661.725640296936,1473.3665084838867,582.6856827735901,1492.6885986328125,624.6545720100403,1562.0499801635742,588.2067632675171,1609.947395324707
255,8.500267295597485,True,175.8,172.7,157.8,176.8,167.8,169.8,16.0,20.1,669.0903639793396,1178.2485580444336,558.0424046516418,1181.5783309936523,683.0356192588806,1257.2035217285156,541.838686466217,1265.123062133789,700.1392078399658,1324.4907760620117,536.9495236873627,1342.225685119629,650.6212306022644,1353.8248443603516,585.899441242218,1355.874137878418,664.410252571106,1480.8237075805664,583.2535171508789,1495.7171630859375,633.7392783164978,1587.9328536987305,587.5784182548523,1612.8718185424805
256,8.533601677148846,True,176.2,170.8,164.8,176.3,168.1,169.4,16.3,19.8,672.0240354537964,1178.283576965332,560.9084844589233,1181.5734100341797,686.2072777748108,1257.1495056152344,544.9845957756042,1263.900032043457,703.0576229095459,1324.859390258789,542.7278065681458,1336.391944885254,653.1407260894775,1355.9241485595703,588.3310031890869,1358.0802154541016,666.3782644271851,1485.2592086791992,584.1114807128906,1496.4430618286133,647.222785949707,1601.3494491577148,588.1884813308716,1613.9167785644531
257,8.56693605870021,True,174.6,164.6,174.4,176.4,168.1,170.1,16.0,19.5,675.4233169555664,1178.961181640625,564.7659730911255,1181.568946838379,688.9993286132812,1259.1096496582031,547.885115146637,1264.0229415893555,707.4868726730347,1328.0659103393555,552.497763633728,1332.44384765625,655.4020857810974,1357.715721130371,589.5873713493347,1359.2483139038086,668.4889268875122,1492.7992630004883,584.8902010917664,1496.6556930541992,668.3215570449829,1613.0950927734375,588.3534693717957,1614.573097229004
258,8.600270440251572,True,174.0,157.6,178.9,175.3,168.2,168.9,15.2,20.5,679.1167831420898,1180.1673889160156,569.5403265953064,1181.7212677001953,692.1243166923523,1262.8339004516602,550.8804559707642,1264.0079498291016,710.3662776947021,1331.0406875610352,562.0854163169861,1330.2222061157227,659.4044780731201,1360.8256530761719,593.8834977149963,1362.2945022583008,673.0377817153931,1499.908447265625,585.8712458610535,1497.8886795043945,688.6428308486938,1632.1449279785156,588.5888171195984,1614.3365478515625
259,8.633604821802935,True,172.7,151.2,174.5,172.9,168.0,167.8,15.2,20.6,684.0214276313782,1183.6067962646484,574.671950340271,1182.9322814941406,696.9797158241272,1267.6674270629883,555.3344893455505,1263.9094161987305,716.9761633872986,1336.9830322265625,571.9872736930847,1324.632225036621,663.6150527000427,1364.2832565307617,597.6480317115784,1365.1725769042969,677.2869801521301,1505.6965255737305,585.9309196472168,1499.5233535766602,702.5327253341675,1635.81298828125,590.1584243774414,1614.4806289672852
260,8.666939203354298,True,175.2,148.2,172.2,173.5,165.9,167.8,15.7,20.0,689.544632434845,1188.1954193115234,580.286500453949,1184.084129333496,702.4812912940979,1274.4449615478516,561.0491394996643,1265.006217956543,719.4277453422546,1345.9768295288086,581.2600779533386,1325.5680084228516,667.0782566070557,1367.281723022461,601.3940906524658,1366.142807006836,684.0579915046692,1507.1015167236328,588.1824946403503,1501.4128875732422,718.6344766616821,1639.0778732299805,589.9735450744629,1617.2661209106445
261,8.700273584905661,True,178.6,142.3,173.1,173.9,163.8,167.8,16.3,20.6,696.7665767669678,1192.4725341796875,586.0386157035828,1185.099220275879,709.8371958732605,1279.2766571044922,564.3800568580627,1267.4834060668945,722.5751996040344,1351.5949630737305,589.2454218864441,1326.2480163574219,672.4351859092712,1371.1132049560547,604.9805045127869,1368.5499572753906,692.7482199668884,1508.1330871582031,590.3301072120667,1500.4156494140625,728.1481003761292,1637.2967147827148,589.7864127159119,1617.2153091430664
262,8.733607966457024,True,179.5,137.7,177.6,174.7,162.1,166.7,14.9,20.0,706.5012574195862,1197.3645401000977,592.4685788154602,1186.6178512573242,716.6430974006653,1286.733055114746,570.8322930335999,1272.0330047607422,725.728189945221,1360.740852355957,600.2313208580017,1327.1675491333008,679.826238155365,1377.7570724487305,611.331353187561,1373.2844924926758,702.8210520744324,1515.5144119262695,594.340353012085,1501.692123413086,731.4868068695068,1652.0058059692383,589.8872208595276,1616.5522384643555
263,8.766942348008387,True,178.7,138.4,177.6,176.1,160.0,166.5,13.4,18.7,715.0121426582336,1201.944351196289,600.0685858726501,1188.2937240600586,722.118730545044,1294.7401428222656,579.0813088417053,1275.300178527832,729.6900272369385,1370.4877853393555,609.1320490837097,1331.6440200805664,686.0052108764648,1385.0786590576172,617.110698223114,1378.7816619873047,713.030161857605,1523.7359619140625,598.6130475997925,1503.9864349365234,733.2018971443176,1657.3686218261719,589.8083639144897,1616.2411880493164
264,8.800276729559748,True,177.5,137.5,174.8,178.1,159.2,167.9,11.9,19.2,722.7537059783936,1203.6504364013672,608.529839515686,1189.939956665039,727.7520775794983,1296.7988204956055,585.408661365509,1278.7475967407227,735.3928327560425,1375.6867218017578,618.223385810852,1340.8141708374023,694.0213894844055,1387.8796005249023,624.1084313392639,1381.7817306518555,723.9033436775208,1529.849510192871,607.6418781280518,1507.8538513183594,739.920380115509,1665.7759094238281,589.7287344932556,1616.356201171875
265,8.83361111111111,True,177.8,142.6,171.8,172.8,158.1,170.0,11.1,17.6,730.4728031158447,1205.4544830322266,615.6414484977722,1189.7879791259766,733.4658908843994,1299.9476623535156,593.3234524726868,1283.507308959961,738.8396215438843,1376.894760131836,624.0279006958008,1352.3573684692383,701.0544633865356,1385.741844177246,629.7731924057007,1380.9468841552734,732.3409080505371,1525.777244567871,617.0243096351624,1506.9440460205078,743.1749510765076,1667.7590560913086,592.5906300544739,1612.7652740478516
266,8.866945492662474,True,176.3,145.8,170.1,172.6,159.5,169.0,10.1,17.8,735.1734495162964,1206.258773803711,622.3371434211731,1189.661750793457,738.0331563949585,1304.022102355957,599.3735504150391,1285.6718444824219,745.5246949195862,1384.2535400390625,628.9530801773071,1363.7464141845703,708.2538771629333,1387.6655960083008,637.1460270881653,1383.866844177246,738.6696767807007,1529.7898864746094,622.1091985702515,1512.4469375610352,744.0924596786499,1671.214256286621,598.5741019248962,1606.0890197753906
267,8.900279874213837,True,174.7,151.3,169.9,167.1,159.7,171.1,8.9,16.6,743.7971806526184,1206.613655090332,627.0711350440979,1189.6223831176758,742.9804801940918,1305.7967376708984,605.2214527130127,1287.125587463379,749.6702527999878,1385.500717163086,628.0338335037231,1366.1511611938477,713.3699226379395,1391.1938095092773,640.7641768455505,1387.9488372802734,741.0743308067322,1534.4938659667969,629.129011631012,1522.5415420532227,743.2193684577942,1676.7011260986328,603.6287355422974,1601.864891052246
268,8.9336142557652,True,176.8,157.3,172.7,168.4,162.2,170.9,10.2,15.0,750.5316925048828,1205.456314086914,631.7058634757996,1189.2069625854492,751.3449811935425,1303.9680862426758,613.1302571296692,1288.4309005737305,756.5615773200989,1385.9753036499023,630.8982396125793,1371.4849090576172,718.7131404876709,1390.7939529418945,646.8444657325745,1387.8107070922852,739.3244791030884,1536.221694946289,635.27991771698,1525.843734741211,741.1233186721802,1676.1450576782227,613.348867893219,1600.6103897094727
269,8.966948637316563,True,178.3,162.2,173.6,172.8,163.4,171.5,12.8,13.8,757.0973539352417,1204.720573425293,635.3628945350647,1188.1114196777344,761.3643193244934,1302.832260131836,619.0181994438171,1288.761978149414,767.3450875282288,1385.0054168701172,632.0350027084351,1374.8309326171875,723.3807635307312,1390.6918716430664,651.4791941642761,1388.0361557006836,739.8764777183533,1539.675521850586,641.7680740356445,1531.142349243164,739.7138714790344,1675.0225067138672,627.5046873092651,1603.9044570922852
270,9.000283018867925,True,178.6,163.2,175.8,176.2,165.3,173.7,15.8,14.5,760.8094882965088,1203.464584350586,639.5042681694031,1185.8177947998047,770.3259444236755,1301.055679321289,620.9103798866272,1287.4818420410156,776.312313079834,1383.7657928466797,630.5012512207031,1372.3808670043945,727.399570941925,1389.3574905395508,653.8956928253174,1386.6114807128906,739.0787672996521,1536.5354919433594,648.3200240135193,1528.7287902832031,739.8694610595703,1674.5554733276367,639.2614531517029,1613.7422561645508
271,9.033617400419287,True,178.0,164.1,177.3,178.6,167.3,173.3,17.0,15.5,764.6549391746521,1200.9467697143555,642.5459575653076,1184.8630142211914,777.1074485778809,1299.9999618530273,622.7452683448792,1286.8640899658203,784.810516834259,1385.3295135498047,630.3871822357178,1375.7823944091797,732.0744037628174,1388.8530349731445,658.4858107566833,1386.540756225586,739.4799399375916,1534.987449645996,652.9912519454956,1530.9147262573242,739.9474167823792,1674.8064422607422,651.6665840148926,1628.5101699829102
272,9.06695178197065,True,177.1,163.5,177.4,174.3,168.2,173.1,17.6,17.0,768.6014556884766,1198.2600402832031,645.3111004829407,1183.6810684204102,783.0102610588074,1299.4016647338867,623.1600880622864,1286.6140365600586,790.7358598709106,1384.8250579833984,629.8891925811768,1375.1133728027344,736.5831542015076,1388.9189529418945,662.5088667869568,1387.0038986206055,742.5614762306213,1540.521354675293,657.03284740448,1538.1303405761719,741.8414640426636,1678.0786514282227,664.5742106437683,1657.8301620483398
273,9.100286163522012,True,177.4,162.2,176.9,174.7,167.4,174.4,17.7,18.5,775.1685976982117,1198.146858215332,647.7648711204529,1183.604393005371,788.3051347732544,1299.305076599121,622.1533584594727,1287.0972061157227,795.5798649787903,1385.38330078125,628.148353099823,1374.3803787231445,740.1286911964417,1391.8745040893555,664.3696975708008,1388.543472290039,746.5251159667969,1546.296272277832,661.7147612571716,1543.6943435668945,744.7578835487366,1679.8970031738281,671.9450497627258,1679.2535018920898
274,9.133620545073375,True,176.1,162.1,178.1,174.9,168.3,175.5,18.3,19.6,779.2561554908752,1198.1447982788086,650.1866483688354,1183.6572647094727,793.6880707740784,1299.407844543457,622.4207639694214,1287.1348571777344,800.320680141449,1388.7245178222656,626.8265175819397,1375.5925369262695,743.5997486114502,1395.7391738891602,667.0050001144409,1392.1608352661133,747.6869201660156,1552.2201919555664,667.2550892829895,1551.9883346557617,746.7089653015137,1681.2284088134766,680.6106877326965,1699.9015045166016
275,9.166954926624738,True,173.8,162.4,178.8,176.3,168.6,176.6,19.7,20.0,781.3201475143433,1198.0967330932617,650.501754283905,1184.6038055419922,798.5251879692078,1299.8094177246094,622.4300336837769,1288.582992553711,804.0232229232788,1392.725601196289,626.3056111335754,1379.1376876831055,745.4447436332703,1398.537826538086,668.6949849128723,1395.750503540039,748.7874412536621,1553.9520263671875,673.055419921875,1559.3717193603516,748.7755966186523,1681.9498443603516,687.1224045753479,1713.8033294677734
276,9.200289308176101,True,172.3,160.1,178.7,178.0,169.3,175.8,20.4,21.7,784.3083429336548,1199.3308639526367,650.2696251869202,1187.8114700317383,802.8652167320251,1300.9223556518555,621.6050934791565,1290.186767578125,807.4048018455505,1399.288101196289,628.4695744514465,1383.0847549438477,747.9531669616699,1404.3098831176758,672.9259014129639,1402.690658569336,749.6035623550415,1553.3448028564453,678.1200957298279,1568.3846282958984,748.1300640106201,1680.0939559936523,689.2316508293152,1737.3537826538086
277,9.233623689727464,True,172.6,156.7,178.8,177.9,172.3,173.7,19.9,23.1,784.1309952735901,1202.6719665527344,649.5692467689514,1192.701072692871,803.946361541748,1305.4006576538086,621.1109018325806,1291.6026306152344,810.0723552703857,1406.0728454589844,633.1074571609497,1385.8292770385742,751.3715028762817,1409.0273666381836,676.221284866333,1408.5844802856445,747.8213953971863,1557.9185485839844,678.3995389938354,1573.4314727783203,747.5413727760315,1688.5652160644531,687.0073699951172,1747.4460983276367
278,9.266958071278827,True,172.9,153.8,176.3,177.9,175.9,170.9,19.4,24.6,783.314037322998,1207.294692993164,648.8022422790527,1198.9099502563477,805.7009768486023,1313.37158203125,620.7873630523682,1295.8135986328125,814.1759419441223,1414.5898818969727,637.6536083221436,1390.6535339355469,755.9175252914429,1416.0552978515625,681.1158871650696,1415.6965255737305,747.5078988075256,1557.9801177978516,679.2854404449463,1578.1081008911133,748.2062816619873,1693.8045501708984,683.8041687011719,1759.6097946166992
279,9.300292452830188,True,172.6,150.9,176.2,179.0,177.1,169.6,18.9,25.1,782.1003484725952,1210.605697631836,647.8168845176697,1204.3088150024414,804.8838901519775,1317.1092224121094,620.3243923187256,1301.5910339355469,813.6156392097473,1422.7716064453125,642.1571445465088,1393.4822845458984,756.9016599655151,1421.9655990600586,683.5395956039429,1422.659683227539,747.5882363319397,1559.0607833862305,680.4126119613647,1589.4150924682617,747.4915480613708,1696.5549087524414,680.1868557929993,1772.683982849121
280,9.333626834381551,True,172.2,149.0,178.0,179.9,177.0,168.8,18.3,25.5,781.5133309364319,1214.9843215942383,646.9887900352478,1209.481315612793,804.9539923667908,1324.6601486206055,619.9435615539551,1307.0991897583008,812.8965926170349,1431.789779663086,645.4392671585083,1398.830795288086,758.3497953414917,1427.592544555664,685.753448009491,1428.7544631958008,750.7035684585571,1562.4834823608398,682.1687722206116,1599.1247177124023,747.9313445091248,1693.374252319336,678.899073600769,1776.4684295654297
281,9.366961215932914,True,172.5,147.9,178.7,179.1,174.6,169.8,17.7,25.2,779.9400544166565,1220.6403350830078,645.4916024208069,1214.8106002807617,803.1818675994873,1332.4977493286133,618.1931948661804,1313.529281616211,811.1547231674194,1440.2831268310547,646.0145044326782,1406.7218399047852,757.6357054710388,1434.6489715576172,683.3827829360962,1435.4742050170898,756.4182829856873,1567.3095703125,681.9744300842285,1610.2067184448242,752.543671131134,1691.7457580566406,683.415355682373,1787.365379333496
282,9.400295597484277,True,173.2,148.5,179.0,176.5,174.9,168.9,16.3,25.2,779.0413427352905,1225.7470321655273,641.1632251739502,1222.792739868164,801.2387681007385,1337.7778244018555,616.3184595108032,1320.4261779785156,809.4458770751953,1443.7049102783203,644.8031330108643,1412.2966003417969,760.5219340324402,1434.770164489746,683.1139612197876,1439.5829772949219,760.5570816993713,1564.5604705810547,682.6633501052856,1619.3894577026367,762.5998306274414,1684.1369247436523,693.5463166236877,1802.5091171264648
283,9.43362997903564,True,171.8,151.0,171.3,174.7,172.0,167.4,16.1,23.7,775.1004910469055,1229.0691375732422,635.8302426338196,1231.2794494628906,800.0283622741699,1340.9944152832031,615.2370572090149,1329.851417541504,808.0532312393188,1447.2348403930664,643.6923122406006,1422.0525741577148,761.6626238822937,1448.9958572387695,682.9471063613892,1455.0117874145508,771.9326949119568,1580.8496475219727,680.6366300582886,1636.501350402832,763.268473148346,1698.193016052246,695.2632737159729,1819.310188293457
284,9.466964360587003,True,167.1,154.7,175.9,174.8,169.8,165.3,17.4,22.2,768.0961918830872,1232.52685546875,629.8667907714844,1237.9167938232422,799.6898889541626,1345.0608444213867,615.2223801612854,1337.0085525512695,804.9858570098877,1453.2433319091797,643.0420160293579,1428.475227355957,761.4295291900635,1451.7023849487305,683.1000566482544,1454.1974258422852,781.021842956543,1582.8684997558594,680.3119325637817,1634.5426940917969,791.9630026817322,1725.3309631347656,693.6520171165466,1813.186912536621
285,9.500298742138366,True,162.9,156.7,179.7,174.4,166.8,163.1,18.5,21.7,762.1210885047913,1237.0048141479492,624.6326851844788,1247.3894119262695,799.129650592804,1348.5411071777344,614.4716620445251,1343.0764389038086,801.674702167511,1460.6744384765625,642.5847101211548,1433.8574981689453,761.5160465240479,1451.4310455322266,682.9489088058472,1455.604133605957,791.8862700462341,1582.9383087158203,679.1394424438477,1633.425407409668,830.3011250495911,1753.7491607666016,693.097186088562,1814.9785995483398
286,9.533633123689727,True,158.4,160.0,176.6,173.6,170.6,160.5,19.6,20.6,756.8485522270203,1245.4627990722656,617.9770946502686,1257.923698425293,798.6066842079163,1356.771469116211,613.9657545089722,1353.8932800292969,796.5139174461365,1474.0912628173828,642.4033069610596,1443.735122680664,760.4310393333435,1452.513427734375,682.4019956588745,1454.3016815185547,786.339762210846,1593.2421112060547,678.3656144142151,1633.619155883789,804.3375563621521,1738.7504196166992,694.752345085144,1818.420066833496
287,9.56696750524109,True,156.0,161.0,176.1,171.9,172.7,157.0,18.7,21.3,754.3836450576782,1257.2706985473633,614.3897795677185,1270.9363174438477,798.1398510932922,1370.4848098754883,613.6245775222778,1365.0251770019531,792.0955467224121,1490.8909606933594,643.1983780860901,1453.425064086914,762.5144720077515,1451.8243789672852,683.8682198524475,1453.3250427246094,786.9328951835632,1595.038833618164,677.1994972229004,1635.1623916625977,800.9699463844299,1734.4458389282227,696.9336247444153,1822.1437454223633
288,9.600301886792453,True,154.3,161.6,172.4,169.2,179.3,155.0,16.3,21.6,753.8897752761841,1281.4001083374023,615.1906442642212,1287.0726013183594,797.1519184112549,1402.529067993164,614.2618703842163,1374.858283996582,784.4435906410217,1522.635498046875,644.9992775917053,1470.772590637207,765.1696014404297,1473.3500289916992,686.0186004638672,1471.6059494018555,771.2561345100403,1604.9905014038086,673.8645243644714,1643.8556671142578,796.1766028404236,1743.3230209350586,695.4427456855774,1824.616813659668
289,9.633636268343816,True,150.1,163.5,171.4,166.4,173.0,149.5,15.6,22.7,746.1835527420044,1291.0107421875,612.9480171203613,1303.1016540527344,796.5650296211243,1412.0599365234375,615.3418564796448,1389.2547225952148,779.8445892333984,1541.762351989746,645.6038689613342,1481.791877746582,768.2024073600769,1470.3861236572266,688.8078188896179,1471.0012435913086,768.261308670044,1614.224510192871,670.6850123405457,1637.7592849731445,792.4101376533508,1774.3852615356445,694.5183491706848,1820.4209518432617
290,9.666970649895179,True,150.5,165.0,172.3,162.5,175.3,145.7,12.8,23.2,744.2799139022827,1307.9181289672852,614.5135045051575,1316.5570449829102,795.1273226737976,1440.3013229370117,617.3693490028381,1401.884651184082,775.237090587616,1573.8147354125977,645.7055139541626,1494.7716522216797,769.5884871482849,1482.7630233764648,693.1092238426208,1483.9806747436523,779.5140981674194,1642.7032470703125,667.8090190887451,1640.2380752563477,811.3625192642212,1802.178726196289,694.1646838188171,1819.764747619629
291,9.700305031446542,True,151.8,165.6,172.7,157.8,174.5,141.7,11.3,25.2,743.2068800926208,1336.6968154907227,624.3061852455139,1338.9984512329102,791.7230844497681,1469.4227600097656,624.1013503074646,1420.1557159423828,771.4989495277405,1610.452880859375,645.5082106590271,1504.2642974853516,769.2440915107727,1504.3791961669922,698.614661693573,1497.9655838012695,779.1043639183044,1672.0228958129883,665.2285623550415,1640.2350997924805,810.2607107162476,1837.0471572875977,693.774003982544,1819.9599838256836
292,9.733639412997904,True,152.5,159.2,160.3,157.7,164.0,143.0,6.6,31.5,743.6824679374695,1371.0552978515625,631.4260339736938,1345.8610153198242,789.4171786308289,1502.728500366211,622.622766494751,1417.5428009033203,769.6509289741516,1638.230094909668,645.9571480751038,1512.9111099243164,772.3712682723999,1500.0636291503906,697.21435546875,1490.5399703979492,762.1814060211182,1667.7555084228516,663.9851975440979,1640.0412368774414,809.4385385513306,1829.7772979736328,694.8996949195862,1819.6549987792969
293,9.766973794549266,True,158.2,157.6,159.6,157.4,158.0,138.5,2.4,37.2,755.3814268112183,1413.0712509155273,630.9460043907166,1372.0837783813477,789.486894607544,1549.698715209961,622.4700736999512,1430.5242919921875,770.5854320526123,1687.7625274658203,645.8483576774597,1523.4940338134766,778.8372159004211,1492.5789642333984,696.2490177154541,1490.083122253418,763.2096362113953,1653.2641983032227,663.0767011642456,1638.9278411865234,807.6806402206421,1821.6153717041016,696.0201716423035,1824.2460250854492
294,9.800308176100629,True,160.5,160.4,155.2,157.0,148.4,130.7,11.9,44.7,758.5532784461975,1439.3017959594727,629.4467568397522,1381.9068145751953,789.2196822166443,1575.8150482177734,622.0441174507141,1435.8611297607422,770.9599542617798,1727.098159790039,641.6908264160156,1529.879035949707,782.5278496742249,1491.7838287353516,695.5824995040894,1470.0627136230469,763.6167311668396,1644.8612594604492,659.7074818611145,1632.810173034668,817.3139977455139,1812.5819778442383,695.7799315452576,1826.6423034667969
295,9.833642557651991,True,170.9,173.7,157.0,156.7,74.9,118.7,89.3,39.2,774.3681836128235,1488.8899612426758,629.0571069717407,1405.4254531860352,787.2509622573853,1618.747901916504,637.929961681366,1458.1843185424805,778.3925271034241,1766.982421875,642.3682236671448,1535.3623580932617,790.977258682251,1487.4507522583008,698.1548452377319,1466.0127639770508,763.9909958839417,1638.4882736206055,658.8902020454407,1641.7716979980469,806.3350510597229,1823.3362197875977,695.5491542816162,1834.841079711914
296,9.866976939203354,True,175.6,85.9,166.8,156.6,5.8,92.0,165.4,151.5,775.7295441627502,1554.2134094238281,627.7484679222107,1431.4097213745117,786.4369010925293,1673.3364486694336,580.2138233184814,1443.771629333496,788.2235741615295,1810.902214050293,596.2227487564087,1491.2014389038086,787.1251130104065,1485.9435653686523,696.5303921699524,1448.4687423706055,777.1765851974487,1639.5499420166016,656.2805199623108,1639.1101455688477,806.0070705413818,1811.5005111694336,695.364339351654,1830.732192993164
297,9.900311320754717,True,177.9,142.7,176.5,157.7,18.0,66.5,160.9,97.5,772.5652241706848,1566.8503189086914,614.2443609237671,1480.4676818847656,784.5237350463867,1699.870719909668,623.5689210891724,1558.5881423950195,792.5852966308594,1850.3987503051758,674.9587368965149,1611.6661834716797,794.5012950897217,1478.9230728149414,684.4415903091431,1462.5054931640625,806.7471671104431,1655.0291061401367,656.0759425163269,1638.4063339233398,828.4570956230164,1821.1994934082031,700.4248309135437,1828.1553268432617
298,9.93364570230608,True,177.6,155.5,170.9,159.1,12.6,67.5,159.5,95.4,771.544976234436,1615.4768371582031,612.3871350288391,1491.2712478637695,790.8586192131042,1737.4596405029297,626.7256450653076,1570.484619140625,811.4037179946899,1913.9656448364258,685.7233214378357,1655.3925704956055,794.9664545059204,1499.981689453125,681.4906668663025,1471.9204330444336,798.701183795929,1695.1444244384766,660.2705526351929,1649.0138626098633,827.4022150039673,1854.5554733276367,705.5195689201355,1829.8334884643555
299,9.966980083857443,True,172.9,159.9,178.0,159.1,13.7,66.3,159.6,96.7,781.92795753479,1635.2914810180664,611.990532875061,1517.6239013671875,801.3548970222473,1754.6276092529297,627.1634459495544,1601.0871505737305,807.0189499855042,1907.4896621704102,687.5837016105652,1704.0113067626953,803.1776833534241,1527.755355834961,698.6875319480896,1491.1034774780273,810.9261345863342,1704.0755081176758,678.7472820281982,1662.03369140625,821.696834564209,1839.9803924560547,716.3615298271179,1810.4011917114258
300,10.000314465408806,True,112.8,44.8,174.4,159.0,8.4,58.7,115.9,160.7,780.9057784080505,1633.9237976074219,612.3859119415283,1526.7451858520508,835.2550792694092,1672.3996353149414,589.6500062942505,1528.5039138793945,810.799834728241,1782.7253723144531,661.0415482521057,1445.6679153442383,799.959933757782,1519.2301940917969,700.8820724487305,1487.9355239868164,796.5076732635498,1719.0364837646484,676.9416832923889,1666.3124084472656,808.8935565948486,1871.297721862793,715.965313911438,1830.9844207763672
301,10.033648846960167,True,119.1,68.3,172.0,158.0,6.5,71.0,113.1,149.0,781.7344522476196,1628.0441665649414,611.0215258598328,1515.5904006958008,874.7106528282166,1687.7204132080078,573.1662011146545,1501.6029739379883,867.9677724838257,1796.451530456543,619.9581098556519,1449.6812438964844,797.7121567726135,1534.0166473388672,702.7730941772461,1498.1696319580078,786.4341330528259,1736.9086074829102,676.6601157188416,1679.022331237793,798.8637900352478,1883.5749435424805,713.4524488449097,1829.5040130615234
302,10.06698322851153,True,112.7,48.6,168.0,156.8,6.2,63.9,110.3,131.2,781.367461681366,1630.484275817871,608.9936470985413,1527.8155517578125,870.8624339103699,1681.9171142578125,583.7404990196228,1511.94580078125,858.9160895347595,1777.0097351074219,626.5565371513367,1499.2912673950195,797.6259613037109,1534.4221115112305,705.5892205238342,1498.9495468139648,786.0448050498962,1731.5201568603516,675.6598234176636,1678.52783203125,807.5744891166687,1873.0084991455078,712.3295259475708,1828.8511276245117
303,10.100317610062893,True,135.2,153.2,169.6,155.5,9.2,67.6,128.8,102.9,785.995044708252,1617.5604629516602,606.4466643333435,1533.0081939697266,865.9080290794373,1712.9821014404297,606.0952520370483,1638.109130859375,854.1985774040222,1849.7987365722656,677.8980088233948,1781.6870498657227,804.2584419250488,1525.7549285888672,705.148651599884,1510.7378768920898,797.1636986732483,1727.8330993652344,675.5940985679626,1683.240852355957,816.8432378768921,1861.82373046875,713.8765382766724,1828.4389114379883
304,10.133651991614256,True,141.4,169.9,179.5,157.6,9.0,46.7,139.4,109.4,799.6817135810852,1592.8221130371094,603.0110764503479,1578.5151672363281,872.054750919342,1689.8356246948242,642.5177621841431,1701.1753463745117,867.6851105690002,1822.9333877563477,726.1784791946411,1859.0410995483398,804.8761653900146,1516.8663024902344,694.0446925163269,1509.2976379394531,822.9112315177917,1719.4387435913086,675.2793145179749,1685.016746520996,833.1921172142029,1848.6275482177734,715.8493137359619,1823.609848022461
305,10.166986373165619,True,145.9,173.8,174.6,162.9,7.4,50.9,144.9,111.1,798.5638117790222,1585.382080078125,601.7700934410095,1555.6910705566406,861.6044998168945,1676.5092086791992,638.5606241226196,1665.38818359375,862.8409123420715,1805.6060028076172,704.9752306938171,1809.5947265625,799.2763566970825,1494.0423202514648,670.6111764907837,1498.7430953979492,824.3791937828064,1698.9423751831055,672.128963470459,1679.9187469482422,828.6415243148804,1850.6814193725586,722.8373265266418,1840.4182434082031
306,10.200320754716982,True,174.2,173.4,165.2,166.3,28.8,57.6,159.9,106.3,773.5435652732849,1575.721435546875,601.2194466590881,1531.3501739501953,786.352379322052,1701.3735580444336,645.2494955062866,1670.9643173217773,786.3951230049133,1855.9848403930664,717.7787661552429,1833.171157836914,797.0782113075256,1483.2654190063477,667.9538583755493,1486.706771850586,846.7399334907532,1674.5182800292969,672.0020842552185,1656.3513565063477,846.1321234703064,1848.6975860595703,721.2230443954468,1839.5625686645508
307,10.233655136268345,True,168.4,169.5,169.5,168.7,29.0,60.4,154.9,98.2,769.9791669845581,1554.2490005493164,596.7268538475037,1513.245849609375,790.6862282752991,1687.9878616333008,639.6888899803162,1622.043342590332,783.7956762313843,1829.3816757202148,670.0420546531677,1670.5276107788086,794.3726134300232,1470.8746719360352,670.7653498649597,1470.9181594848633,837.7501773834229,1663.773422241211,671.3703274726868,1641.8689727783203,844.4926071166992,1845.2140045166016,711.0507559776306,1836.5971755981445
308,10.266989517819706,True,175.5,156.2,178.4,168.5,24.9,64.0,158.9,102.5,765.4851579666138,1487.5456237792969,598.1578660011292,1465.8570098876953,771.598470211029,1607.9035949707031,618.0204176902771,1554.2803573608398,767.4184727668762,1759.8187637329102,641.6854190826416,1586.2803268432617,777.1004962921143,1452.099266052246,673.6213874816895,1430.3584671020508,801.3811612129211,1657.4553680419922,670.8958983421326,1627.6032257080078,829.0009188652039,1845.1324081420898,710.1497912406921,1835.5648040771484
309,10.300323899371069,True,168.5,178.5,179.2,170.4,77.1,93.0,98.4,76.3,743.1639432907104,1459.4831085205078,607.8601670265198,1428.8091659545898,759.9431562423706,1571.272087097168,617.2265696525574,1489.3095016479492,752.2115063667297,1722.491340637207,628.0239844322205,1574.0616989135742,769.2793035507202,1451.5242004394531,680.8046436309814,1435.0036239624023,782.0043039321899,1630.3574752807617,674.754159450531,1617.3942947387695,792.8652548789978,1821.361427307129,702.1139788627625,1819.940185546875
310,10.333658280922432,True,163.5,176.4,175.5,165.3,145.1,111.3,27.8,55.4,747.3105955123901,1420.2111053466797,609.3201470375061,1391.9368743896484,762.7511072158813,1549.006118774414,618.002393245697,1452.7207946777344,739.6594762802124,1685.2245712280273,627.2634172439575,1568.9878463745117,766.6604161262512,1448.2026672363281,681.161527633667,1427.7452087402344,765.8840775489807,1643.0938339233398,663.6297297477722,1619.5334243774414,779.2479801177979,1822.8285598754883,697.2532367706299,1820.9823989868164
311,10.366992662473795,True,154.9,178.5,167.4,166.5,163.0,122.1,11.2,52.0,747.2726154327393,1393.2373809814453,611.5181636810303,1385.3699111938477,756.1193346977234,1523.6223220825195,616.0620617866516,1475.8843231201172,710.2526593208313,1641.734962463379,623.3598375320435,1571.2266540527344,760.6493926048279,1442.9832458496094,671.0342359542847,1427.1882247924805,753.5620522499084,1647.0874786376953,660.7941627502441,1623.7121200561523,787.0200562477112,1825.0117492675781,697.8750157356262,1823.2743072509766
312,10.400327044025158,True,168.7,172.6,165.4,163.4,170.5,136.9,12.3,38.8,736.7666172981262,1373.9845275878906,616.3155627250671,1362.429084777832,720.2888631820679,1508.8324356079102,615.3543448448181,1453.7077331542969,687.5132131576538,1608.113136291504,628.4985423088074,1563.7017059326172,743.5060214996338,1446.221580505371,672.800760269165,1434.345588684082,728.7696862220764,1650.1239395141602,656.9546985626221,1618.2078552246094,762.4726939201355,1831.9255828857422,698.0241680145264,1817.6030731201172
313,10.43366142557652,True,159.0,174.4,156.8,165.7,173.9,162.6,0.4,12.5,725.1745176315308,1351.4255905151367,619.6297430992126,1337.7265548706055,726.3651609420776,1463.9009857177734,626.1835598945618,1435.7771301269531,685.0532627105713,1575.3024673461914,622.9076170921326,1538.7591934204102,727.3659038543701,1482.3441696166992,657.9265379905701,1468.3451843261719,709.902663230896,1675.1909637451172,654.6982955932617,1639.3628311157227,765.823438167572,1846.8103408813477,696.3678503036499,1816.5501022338867
314,10.466995807127883,True,135.4,157.5,165.6,166.0,174.7,166.8,9.8,2.2,698.9289951324463,1318.3399200439453,603.3838605880737,1320.3924179077148,731.1008262634277,1428.7220764160156,622.0459842681885,1407.7069473266602,673.0612134933472,1536.4979553222656,606.4164090156555,1492.8607177734375,717.4660420417786,1483.5393905639648,641.2362241744995,1469.0272521972656,721.1345314979553,1673.6513900756836,644.6670484542847,1643.686637878418,770.8028197288513,1852.4650955200195,691.4636564254761,1816.9255828857422
315,10.500330188679246,True,120.4,174.2,169.3,166.3,176.4,162.0,15.8,16.3,686.7256736755371,1297.7604675292969,582.1718573570251,1325.573959350586,737.1361827850342,1409.0849304199219,589.7634315490723,1423.9976119995117,667.3994779586792,1507.7057647705078,601.2055420875549,1487.453269958496,714.64515209198,1483.2221603393555,639.0501809120178,1475.9660339355469,730.944013595581,1672.730827331543,647.3412322998047,1653.962631225586,780.7797360420227,1851.4028549194336,695.7402777671814,1819.2911911010742
316,10.533664570230608,True,103.4,158.3,163.6,163.1,172.2,156.6,14.5,13.8,679.8597121238708,1273.2341766357422,567.8999090194702,1321.1708450317383,740.6604766845703,1397.6212692260742,588.4318113327026,1429.0743255615234,652.6852226257324,1470.0560760498047,586.5179371833801,1438.985481262207,722.6281785964966,1483.399772644043,643.8838219642639,1487.4952697753906,734.9147343635559,1672.0976257324219,647.4525332450867,1666.135025024414,791.9174265861511,1827.6839447021484,697.6112151145935,1820.002326965332
317,10.56699895178197,True,106.5,163.7,165.9,166.2,168.3,155.1,15.9,18.2,670.9320116043091,1252.7324295043945,554.7681999206543,1305.3302764892578,740.8104658126831,1371.7397689819336,571.6907715797424,1410.6428146362305,660.0619840621948,1458.094367980957,591.2604260444641,1451.7291641235352,727.1964740753174,1470.0926971435547,647.3481845855713,1484.487648010254,736.3395023345947,1658.719139099121,654.7437429428101,1661.6056823730469,787.2270798683167,1826.697120666504,700.9252023696899,1820.4039001464844
318,10.600333333333333,True,104.6,164.5,166.6,165.0,165.5,152.2,16.5,20.2,666.6331171989441,1236.6364288330078,553.730571269989,1285.7536697387695,743.0349397659302,1356.243667602539,568.6152219772339,1395.4738998413086,660.8683204650879,1444.889259338379,591.3174605369568,1448.3801651000977,731.3179564476013,1461.0229110717773,656.9999527931213,1480.3020858764648,736.4403104782104,1651.0963439941406,657.526524066925,1658.2991409301758,781.8901062011719,1820.8525085449219,701.7051458358765,1820.8721923828125
319,10.633667714884696,True,98.7,159.7,167.8,167.6,164.5,152.1,18.2,20.8,661.07257604599,1223.477439880371,551.6843461990356,1281.9559478759766,744.1867661476135,1341.0029983520508,568.3556699752808,1392.2798538208008,656.3992238044739,1425.7349395751953,595.2599215507507,1441.1248397827148,732.6484179496765,1457.1915435791016,660.9130597114563,1476.188735961914,737.4781322479248,1643.3577346801758,665.5040788650513,1654.5134353637695,775.7285785675049,1800.908088684082,706.8724966049194,1821.4468002319336
320,10.66700209643606,True,95.4,167.1,168.7,167.0,160.3,151.4,19.1,20.1,659.0539026260376,1215.3538513183594,557.1335864067078,1276.1033248901367,744.2311835289001,1327.1097564697266,573.0525827407837,1378.4888076782227,653.6724472045898,1410.6067657470703,593.4094548225403,1429.522819519043,737.3368334770203,1452.9364013671875,665.448009967804,1471.747055053711,732.5216674804688,1645.6618881225586,666.4828062057495,1652.3133087158203,760.450029373169,1806.3709259033203,706.6419768333435,1821.8459701538086
321,10.700336477987422,True,90.2,156.7,171.9,166.8,158.8,151.9,18.2,13.1,657.3814916610718,1212.8954315185547,560.8686375617981,1270.7048034667969,743.3658814430237,1327.5604248046875,589.2080855369568,1377.5707626342773,645.9881114959717,1401.1403274536133,584.5117521286011,1409.0980911254883,738.9148736000061,1454.2974472045898,666.4465641975403,1469.7675704956055,730.2045607566833,1647.1924209594727,666.0799598693848,1646.3908767700195,746.2064695358276,1811.6008758544922,706.7855286598206,1821.8928909301758
322,10.733670859538785,True,85.6,112.1,173.2,166.2,160.2,152.8,19.6,7.6,657.1401572227478,1209.3603515625,562.9310202598572,1262.2234725952148,741.8097925186157,1320.1294326782227,598.1549048423767,1363.0795669555664,642.4834513664246,1384.5307159423828,556.2809658050537,1399.9822998046875,735.3454542160034,1453.0347061157227,665.0745177268982,1464.415283203125,728.570065498352,1646.165542602539,663.9252662658691,1641.8408203125,742.4989056587219,1814.0607833862305,707.1968722343445,1823.2928466796875
323,10.767005241090146,True,87.2,105.2,173.9,167.1,162.0,155.4,19.8,1.9,654.6481490135193,1202.7334213256836,564.2121720314026,1256.3665008544922,736.5974450111389,1314.419288635254,606.9738793373108,1355.570411682129,636.4942502975464,1380.479621887207,547.1768832206726,1403.2481002807617,727.9091477394104,1449.9008560180664,660.4856872558594,1460.6235122680664,722.9240369796753,1643.151969909668,662.6310467720032,1640.7558059692383,736.64302110672,1811.1496353149414,707.1493649482727,1825.1648712158203
324,10.80033962264151,True,88.2,114.8,175.7,167.0,161.1,155.3,18.3,0.6,651.8528151512146,1199.3817901611328,565.029194355011,1254.4099044799805,729.9128866195679,1310.1422882080078,608.9747214317322,1349.6745300292969,632.1964502334595,1374.4911575317383,558.3035016059875,1409.095802307129,724.2234063148499,1438.0969619750977,657.9339408874512,1450.2556228637695,717.2442770004272,1633.0286407470703,660.2560687065125,1633.956413269043,723.6412167549133,1796.2050247192383,707.0907855033875,1825.1774597167969
325,10.833674004192872,True,85.3,112.8,173.7,166.0,161.1,156.7,17.0,2.3,653.5736989974976,1196.7197799682617,565.570764541626,1247.2867584228516,728.3190107345581,1314.2563247680664,611.2743186950684,1341.9042205810547,626.4062261581421,1367.9768371582031,565.7413530349731,1393.5009384155273,719.9603033065796,1437.0248794555664,652.2456192970276,1446.3490676879883,708.390862941742,1630.6267547607422,653.070752620697,1630.448112487793,716.5440917015076,1794.7067642211914,702.0688533782959,1823.4204483032227
326,10.867008385744235,True,84.4,106.6,171.9,164.6,160.0,156.3,15.6,3.5,655.5021214485168,1197.2299575805664,566.733341217041,1242.5267028808594,725.7122898101807,1317.9558563232422,613.1754469871521,1336.5988540649414,622.585301399231,1365.0207138061523,567.18665599823,1379.2497253417969,716.2537050247192,1430.5650329589844,648.541853427887,1436.9939804077148,698.4330010414124,1619.8847579956055,645.775294303894,1621.395149230957,706.1382579803467,1784.5041275024414,695.5333828926086,1813.1641387939453
327,10.900342767295598,True,85.7,127.7,173.9,159.7,160.2,153.1,16.7,1.9,655.053699016571,1196.524887084961,572.6363468170166,1235.4517364501953,720.9198474884033,1311.8570709228516,615.1865243911743,1334.9293899536133,622.82142162323,1358.4028244018555,594.1107988357544,1372.7767181396484,708.146116733551,1426.5472412109375,648.5605216026306,1430.2766418457031,686.3579106330872,1610.0545120239258,632.0144033432007,1598.9991760253906,684.4153904914856,1779.382438659668,682.869987487793,1792.3723983764648
328,10.93367714884696,True,86.0,130.0,174.8,155.7,159.7,152.3,16.7,2.4,650.5928421020508,1194.9334716796875,580.2746558189392,1226.8456649780273,716.8057036399841,1309.7521591186523,619.4583177566528,1329.126205444336,623.1745076179504,1355.3949737548828,600.3285241127014,1363.5417938232422,704.2263793945312,1422.8126907348633,647.1795916557312,1425.7513046264648,681.4954948425293,1607.5144958496094,620.541844367981,1591.0854721069336,676.2100839614868,1772.464599609375,670.5457735061646,1775.299415588379
329,10.967011530398324,True,86.6,127.1,175.4,155.6,160.7,153.2,17.1,3.3,650.8133840560913,1194.3659591674805,584.3833923339844,1225.378189086914,714.2411470413208,1308.1357955932617,623.00945520401,1329.587173461914,621.6129469871521,1352.702522277832,602.4499368667603,1361.828269958496,699.0506601333618,1419.7441864013672,644.3885064125061,1421.2371826171875,675.8138036727905,1603.4526443481445,615.1399183273315,1592.0463180541992,668.3897280693054,1765.7834243774414,661.0053706169128,1766.5777587890625
330,11.000345911949687,True,86.4,126.6,179.7,150.9,163.0,150.8,17.1,5.4,651.0829782485962,1189.7319030761719,588.0253601074219,1222.3997497558594,714.082145690918,1303.564567565918,627.461428642273,1330.2751922607422,619.2052030563354,1348.5435104370117,604.6582531929016,1364.9363708496094,698.6300468444824,1415.6823348999023,639.3184232711792,1418.3696365356445,682.8069019317627,1592.3369979858398,598.7753319740295,1575.1842498779297,668.9311051368713,1757.3827743530273,647.4348306655884,1762.3516845703125
331,11.033680293501048,True,85.7,131.7,176.3,145.9,165.4,148.4,18.8,7.4,650.8515572547913,1187.3003768920898,588.6163687705994,1221.3040924072266,714.6132230758667,1297.6524353027344,630.3934907913208,1332.6950454711914,619.0834736824036,1343.6833190917969,610.0144743919373,1371.503562927246,695.9792947769165,1414.409294128418,634.3214678764343,1417.4071884155273,685.6950616836548,1587.7886581420898,584.8912310600281,1565.6230545043945,664.9301290512085,1755.2275085449219,637.1847796440125,1752.3400497436523
332,11.06701467505241,True,86.0,136.2,174.3,144.3,166.5,146.0,20.0,6.8,649.6495842933655,1185.871696472168,589.4340348243713,1218.5749053955078,714.1049337387085,1294.8614501953125,628.0936360359192,1327.5815963745117,619.5947885513306,1342.1107864379883,609.1142177581787,1369.5761489868164,691.9228935241699,1411.3849639892578,633.7871718406677,1414.954490661621,683.1508469581604,1586.334228515625,577.461748123169,1559.8447036743164,658.7019109725952,1748.85498046875,623.8791346549988,1739.7294616699219
333,11.100349056603774,True,85.2,134.0,173.6,142.4,168.8,144.1,21.5,9.1,649.419322013855,1183.3644104003906,588.3916425704956,1217.252540588379,714.8928594589233,1292.2160339355469,627.377679347992,1324.3454360961914,619.5423889160156,1339.2679595947266,608.9299821853638,1362.1848678588867,687.5977993011475,1411.1302185058594,626.3020706176758,1413.8590621948242,682.50563621521,1587.7050018310547,562.6119875907898,1550.3596115112305,660.3854584693909,1743.6029434204102,601.3331937789917,1723.344497680664
334,11.133683438155137,True,84.2,136.9,171.5,140.4,171.4,141.0,23.6,8.4,647.6096677780151,1183.9068603515625,588.0720949172974,1214.9534225463867,714.3147897720337,1289.0638732910156,621.8974757194519,1315.7615661621094,618.7019991874695,1336.8921661376953,603.9055395126343,1355.2248001098633,682.0221948623657,1407.227783203125,622.831335067749,1408.762321472168,682.5446462631226,1582.3223876953125,553.3871412277222,1535.137596130371,660.1359486579895,1734.5149612426758,584.5201206207275,1698.8147735595703
335,11.1670178197065,True,83.3,133.3,174.3,144.1,172.3,142.1,25.0,8.2,647.7621674537659,1185.5408477783203,583.5314798355103,1210.1639556884766,713.7374925613403,1287.0711135864258,611.8025636672974,1296.5277099609375,618.4259676933289,1334.216079711914,587.530460357666,1341.1116027832031,678.6484694480896,1405.726661682129,617.3957419395447,1403.906135559082,679.6710991859436,1580.8395767211914,549.0610814094543,1532.548942565918,664.9324464797974,1737.466163635254,568.5751175880432,1673.2114791870117
336,11.200352201257862,True,81.7,139.0,175.1,145.0,173.6,144.3,26.5,7.5,644.787232875824,1187.010841369629,573.95747423172,1209.5195388793945,712.5652599334717,1286.8165969848633,599.5763254165649,1291.0234451293945,618.6901545524597,1332.4231338500977,578.6834192276001,1338.958625793457,674.1668200492859,1405.147590637207,607.861647605896,1403.4387588500977,677.9644417762756,1580.364875793457,543.4063625335693,1536.6596603393555,667.9249548912048,1739.007339477539,562.7442097663879,1656.884536743164
337,11.233686582809225,True,83.8,140.5,176.0,146.1,175.9,146.9,27.5,5.3,645.2514910697937,1187.9081726074219,563.5138535499573,1211.9504928588867,710.3149724006653,1285.462875366211,585.5890345573425,1293.5773086547852,619.871141910553,1332.4470520019531,563.9864158630371,1341.3375091552734,668.5325717926025,1402.9829406738281,596.5414595603943,1401.5874481201172,674.9535870552063,1581.3811111450195,539.8250663280487,1533.5317611694336,669.6218919754028,1739.6452331542969,559.1258025169373,1636.6313552856445
338,11.267020964360587,True,85.1,148.5,175.2,146.3,179.2,149.8,29.2,1.3,645.653886795044,1188.5624313354492,557.6924085617065,1213.9173889160156,709.6825075149536,1285.096206665039,573.5142660140991,1298.9587783813477,621.8655467033386,1333.1411361694336,555.5729269981384,1345.6962203979492,662.0278716087341,1404.4869232177734,588.4009766578674,1402.8472137451172,673.1020903587341,1583.2460403442383,536.9150519371033,1537.353630065918,669.6619319915771,1741.8113708496094,557.2222280502319,1626.9099426269531
339,11.30035534591195,True,87.5,151.7,175.3,158.3,178.5,155.0,29.7,2.0,645.7846927642822,1191.1944580078125,552.2787022590637,1217.1882247924805,706.4218211174011,1286.2519454956055,568.7504053115845,1302.4848175048828,622.0184969902039,1335.1360702514648,554.487726688385,1348.080940246582,656.2923645973206,1405.3120422363281,581.794695854187,1404.250717163086,669.5115566253662,1582.792625427246,542.4637484550476,1541.1553573608398,668.2939410209656,1743.3135223388672,550.7783603668213,1625.602684020996
340,11.333689727463312,True,92.1,157.2,177.5,167.6,178.0,157.3,28.8,1.1,644.4658184051514,1192.0508193969727,542.5502014160156,1219.1838455200195,700.0767660140991,1285.077781677246,560.1175332069397,1304.380989074707,621.3711619377136,1336.1187744140625,551.6056823730469,1347.729606628418,652.0806312561035,1403.5353469848633,576.8608903884888,1403.9653015136719,664.4426965713501,1578.4342575073242,546.9964456558228,1542.8700256347656,668.9567255973816,1743.9007186889648,547.4209213256836,1634.8748016357422
341,11.367024109014675,True,94.7,169.3,178.6,166.8,178.0,157.7,28.6,1.2,638.6819672584534,1192.1458053588867,533.8029062747955,1223.1533432006836,693.6197018623352,1283.6834335327148,549.9836754798889,1305.552749633789,619.363431930542,1336.8909072875977,550.2247524261475,1340.581169128418,647.5241804122925,1402.8830337524414,573.2545852661133,1404.199104309082,660.6891059875488,1573.004379272461,548.7540864944458,1543.7206649780273,669.4446730613708,1736.4571380615234,554.2553400993347,1640.3116607666016
342,11.400358490566038,True,94.3,179.7,179.8,167.6,177.7,158.4,29.3,3.8,630.0917100906372,1192.2314071655273,529.4590473175049,1223.2293319702148,686.9181489944458,1283.0727767944336,542.8544926643372,1303.4027481079102,613.104829788208,1337.4480056762695,548.295042514801,1334.812889099121,639.8204040527344,1396.5987396240234,571.0676407814026,1398.9565658569336,654.6620535850525,1563.9833450317383,550.5804133415222,1539.7217559814453,669.3869304656982,1723.681411743164,557.7724885940552,1639.607276916504
343,11.433692872117401,True,95.2,172.3,177.3,168.5,177.9,159.2,28.7,5.2,624.5663809776306,1191.4508056640625,526.0082352161407,1223.246841430664,680.2744030952454,1282.148780822754,538.3446800708771,1304.1729354858398,607.1671271324158,1336.7899703979492,547.0475578308105,1333.8745880126953,634.8452711105347,1394.9028396606445,568.6761832237244,1396.380615234375,648.7926506996155,1554.8319625854492,551.5373826026917,1536.4112091064453,669.2530345916748,1706.8553924560547,559.8749756813049,1641.2678146362305
344,11.467027253668764,True,99.1,164.6,178.3,171.7,176.6,161.9,25.9,9.6,622.3079824447632,1187.6425552368164,523.0606591701508,1219.7747039794922,672.1425461769104,1279.592056274414,528.9401364326477,1302.2989654541016,601.4558243751526,1333.996238708496,538.7419903278351,1330.0091171264648,631.102044582367,1382.724266052246,563.541533946991,1386.7612838745117,648.0295729637146,1543.4687805175781,552.3358654975891,1531.541748046875,668.3403539657593,1692.6143646240234,559.9465584754944,1643.5750579833984
345,11.500361635220125,True,102.2,179.6,179.4,173.3,176.1,162.2,23.9,12.2,622.1352052688599,1183.216209411621,520.6112015247345,1215.1523208618164,666.4564776420593,1274.7132110595703,523.6742627620697,1297.994499206543,599.0809106826782,1327.3640441894531,524.9773013591766,1327.4328231811523,628.5189485549927,1371.082878112793,561.426944732666,1374.942283630371,644.9665117263794,1532.7634048461914,552.3847246170044,1524.6673965454102,661.870801448822,1683.1427764892578,559.1037225723267,1644.1569900512695
346,11.533696016771488,True,103.4,176.0,177.2,174.2,176.0,162.3,22.9,12.1,621.0133123397827,1178.8362121582031,518.4058785438538,1209.4913864135742,662.95574426651,1269.6799850463867,522.6742601394653,1295.1934432983398,599.1831994056702,1319.8008728027344,526.1092042922974,1323.867073059082,627.0835590362549,1363.739891052246,560.3755402565002,1367.1998977661133,643.3615636825562,1522.588233947754,552.8471803665161,1521.3932418823242,651.034505367279,1667.816276550293,559.2256450653076,1644.0285873413086
347,11.567030398322851,True,101.3,173.0,175.2,175.1,176.1,164.1,24.6,12.1,619.2162108421326,1175.694351196289,516.1450660228729,1205.9383392333984,663.1297445297241,1264.618263244629,519.4038212299347,1292.8009414672852,598.2678151130676,1314.5037460327148,523.2974231243134,1316.9670867919922,624.9524259567261,1367.5006484985352,557.6600933074951,1369.6937942504883,639.744508266449,1519.2832946777344,553.2206726074219,1520.7885360717773,641.5855121612549,1653.8511657714844,560.1196575164795,1641.877098083496
348,11.600364779874214,True,99.0,161.1,172.6,175.5,176.2,164.6,23.6,13.8,619.9978280067444,1172.936782836914,515.8183085918427,1202.706527709961,662.1302247047424,1264.3703842163086,516.3076078891754,1290.878791809082,594.4006705284119,1309.6751403808594,524.400680065155,1314.0498733520508,623.9200758934021,1364.088478088379,556.9512820243835,1366.1735916137695,636.5969252586365,1509.7606658935547,553.5083556175232,1517.5622177124023,631.3086819648743,1633.4995651245117,560.4992651939392,1640.8543395996094
349,11.633699161425577,True,96.1,164.4,170.7,177.0,176.5,166.5,23.0,14.4,620.5448698997498,1171.292610168457,516.2838220596313,1199.637680053711,660.814311504364,1263.11279296875,514.5145297050476,1286.85791015625,591.3530588150024,1302.8886795043945,521.5958833694458,1314.4428634643555,622.8182673454285,1364.2670059204102,555.1878476142883,1364.9023818969727,633.2511377334595,1508.302345275879,554.6315360069275,1515.289649963379,622.5609683990479,1626.0346984863281,560.7671213150024,1641.8103790283203
350,11.66703354297694,True,94.7,166.9,167.0,177.7,175.9,168.1,23.5,14.5,621.1347198486328,1169.974479675293,516.2587809562683,1197.8846740722656,660.3814673423767,1261.6392517089844,513.325914144516,1284.7800064086914,590.7124185562134,1298.5542297363281,519.6494686603546,1316.8188858032227,620.1537394523621,1363.853645324707,552.9161238670349,1362.2066116333008,629.6380734443665,1504.4799041748047,554.5604038238525,1509.9395370483398,612.830536365509,1608.8581466674805,561.0650396347046,1637.5334930419922
351,11.700367924528303,True,92.5,166.9,164.4,177.1,177.2,168.8,23.9,15.2,621.2093925476074,1170.640754699707,516.5702497959137,1197.4977493286133,660.5623555183411,1261.589126586914,512.0311796665192,1282.2481155395508,590.633819103241,1295.5706405639648,517.6995778083801,1314.294204711914,619.3714785575867,1365.9799575805664,552.2798609733582,1364.003562927246,624.7253179550171,1503.7615585327148,554.5667123794556,1508.2418060302734,603.2667016983032,1593.900375366211,563.1761527061462,1638.6060333251953
352,11.733702306079666,True,89.7,165.4,164.7,175.2,177.5,169.6,25.2,16.0,621.5946006774902,1171.556625366211,517.0431661605835,1197.176284790039,660.9930109977722,1262.1781539916992,510.48893094062805,1279.3627166748047,588.8563513755798,1293.0333709716797,515.981011390686,1310.3409576416016,615.9176731109619,1365.8722686767578,550.7306599617004,1363.0650329589844,617.9894542694092,1502.6860427856445,553.2966327667236,1504.3640899658203,599.8992204666138,1572.9878997802734,567.164511680603,1639.3845748901367
353,11.767036687631027,True,87.8,161.0,163.9,175.4,177.7,170.4,26.2,18.0,621.9933915138245,1171.9250106811523,517.6300549507141,1196.3104248046875,661.9653010368347,1262.8740692138672,507.96653866767883,1274.490737915039,588.5259890556335,1291.8993759155273,515.4245710372925,1309.683952331543,613.7441182136536,1364.4013595581055,549.463541507721,1360.4574966430664,613.3327746391296,1499.1237258911133,552.7745032310486,1502.559471130371,592.9025173187256,1569.2844772338867,567.1455216407776,1639.8771286010742
354,11.80037106918239,True,87.1,161.1,173.2,175.5,179.5,170.4,26.8,18.2,622.693190574646,1172.3713302612305,518.2123410701752,1196.9401931762695,662.5720810890198,1263.3075714111328,508.4198212623596,1274.1893005371094,587.0683908462524,1292.029037475586,515.2668571472168,1307.4675750732422,612.4603271484375,1362.9251861572266,549.4782185554504,1358.60595703125,604.1414022445679,1497.4976348876953,552.8365588188171,1500.8769607543945,589.1271042823792,1579.5598983764648,567.0911908149719,1639.7749328613281
355,11.833705450733753,True,86.1,155.6,178.8,175.4,176.5,170.7,26.8,20.4,624.8722171783447,1175.723876953125,521.2995743751526,1197.1310806274414,662.9768586158752,1265.5597686767578,507.9470980167389,1272.3186492919922,587.1789193153381,1291.7627334594727,515.7178223133087,1302.843246459961,612.644305229187,1360.3282928466797,550.2308678627014,1355.2024841308594,595.4507231712341,1495.1704788208008,552.9219818115234,1496.5425109863281,585.1880550384521,1591.6273498535156,566.8799185752869,1637.2841262817383
356,11.867039832285116,True,83.8,152.7,177.2,175.5,177.7,171.5,26.1,22.2,628.4055233001709,1180.693016052246,525.5471956729889,1197.1075057983398,663.1433272361755,1271.3970565795898,508.603413105011,1270.5144882202148,587.273097038269,1291.34033203125,516.5151464939117,1301.587257385254,612.4999809265137,1358.214454650879,550.887086391449,1352.9134368896484,595.0533485412598,1492.0660400390625,552.8117108345032,1493.6090469360352,587.1566462516785,1590.0138473510742,565.832633972168,1633.8332748413086
357,11.900374213836479,True,84.2,146.3,178.4,175.3,178.4,172.2,25.9,26.5,631.046941280365,1183.5799026489258,528.3601677417755,1196.608772277832,663.3904552459717,1273.0355072021484,506.9571053981781,1261.904525756836,586.9751787185669,1292.2063064575195,517.1504437923431,1298.4253692626953,612.534806728363,1358.265151977539,551.3228917121887,1352.5983810424805,595.0741410255432,1488.0561447143555,552.6507139205933,1490.632209777832,584.3600249290466,1589.4464492797852,565.7635617256165,1634.3504333496094
358,11.933708595387841,True,84.0,137.5,178.1,174.9,178.6,172.4,25.9,31.3,632.8566598892212,1185.7991409301758,529.9981069564819,1195.0585556030273,663.536388874054,1274.7497177124023,503.9503061771393,1255.082015991211,586.2043762207031,1292.6701354980469,517.5961947441101,1294.6943664550781,612.0976495742798,1358.4087753295898,551.6217112541199,1352.4253463745117,593.8334155082703,1484.7904586791992,552.0653057098389,1487.0891189575195,582.7494120597839,1585.2729034423828,565.7342076301575,1633.611946105957
359,11.967042976939204,True,83.2,130.1,178.9,174.0,178.6,172.6,25.7,38.0,634.010546207428,1186.450538635254,531.5324699878693,1191.7076110839844,663.6014699935913,1276.212158203125,501.0285758972168,1242.8961181640625,586.270101070404,1291.812515258789,517.8823328018188,1291.5373992919922,611.345386505127,1358.9515686035156,551.7963552474976,1352.8615951538086,591.4205861091614,1485.7312774658203,551.2838816642761,1485.644760131836,577.9079174995422,1583.8703155517578,565.7217836380005,1627.7513122558594
360,12.000377358490566,True,83.3,121.2,178.3,173.2,180.0,172.7,26.3,42.3,635.2715492248535,1186.3710021972656,531.8568134307861,1187.0560455322266,663.7956833839417,1275.7848358154297,496.8469047546387,1235.9189987182617,587.7278923988342,1290.574951171875,517.276486158371,1283.5704803466797,609.0818381309509,1359.3691635131836,551.2584543228149,1352.981185913086,589.8522019386292,1485.7976531982422,549.8053622245789,1483.648910522461,577.8277087211609,1584.2088317871094,564.9289011955261,1623.1988525390625
361,12.033711740041928,True,80.8,114.8,176.4,173.7,179.2,172.9,28.2,47.6,635.809965133667,1186.2255477905273,534.0046513080597,1183.4989929199219,665.9474802017212,1275.505485534668,495.06834268569946,1226.7689895629883,587.9919505119324,1288.4187698364258,514.1398787498474,1271.2733459472656,606.6737079620361,1358.994140625,550.57532787323,1351.684455871582,587.4570751190186,1483.5944366455078,547.3199200630188,1481.4324188232422,578.4143400192261,1583.9824676513672,558.9203238487244,1618.5859680175781
362,12.067046121593291,True,76.7,112.8,174.3,173.9,179.0,172.9,29.9,52.0,636.1623430252075,1186.2880325317383,536.0867321491241,1181.2012481689453,668.3046913146973,1275.4448318481445,494.24694299697876,1219.9432754516602,589.9351143836975,1284.4123077392578,509.86953377723694,1262.801628112793,606.0020399093628,1356.0482025146484,550.2085304260254,1348.5392761230469,586.0993838310242,1480.1853561401367,545.056049823761,1478.7385940551758,579.7968792915344,1584.953956604004,553.954074382782,1610.9787368774414
363,12.100380503144654,True,73.7,109.4,174.8,175.2,177.3,173.6,32.4,53.3,636.248152256012,1186.3501739501953,538.0117106437683,1177.8596878051758,670.6750988960266,1273.586196899414,492.53896594047546,1216.3958358764648,596.2677454948425,1280.408592224121,508.591890335083,1258.4806823730469,604.1414666175842,1353.5968780517578,548.3699727058411,1345.3951263427734,586.2675261497498,1477.4321365356445,541.7504954338074,1476.2127685546875,580.7582902908325,1583.8554382324219,546.0567283630371,1607.2546005249023
364,12.133714884696017,True,73.9,105.8,177.0,176.5,175.4,174.6,34.5,55.2,636.5245699882507,1186.2868881225586,538.1417119503021,1175.3846740722656,671.945436000824,1269.9696350097656,490.7751131057739,1211.4318466186523,602.6283144950867,1278.324851989746,508.0030059814453,1255.2297592163086,602.6902413368225,1351.0451889038086,545.3325963020325,1341.7378234863281,587.5244736671448,1474.7880935668945,538.9177286624908,1468.2670211791992,579.9599361419678,1584.3511962890625,540.3964734077454,1600.3945541381836
365,12.16704926624738,True,75.3,103.9,178.1,176.4,173.9,174.4,37.2,55.2,636.4566564559937,1186.237678527832,538.0052411556244,1172.4456024169922,672.6975059509277,1264.1796112060547,488.91981840133667,1208.7648010253906,607.3983550071716,1275.9575271606445,507.39635467529297,1253.0828475952148,601.1284232139587,1348.6126327514648,542.9392075538635,1339.2795181274414,587.8762078285217,1471.7547225952148,534.5749962329865,1463.1063079833984,579.6610522270203,1581.3847732543945,533.9496445655823,1594.8347854614258
366,12.200383647798743,True,75.4,98.8,179.1,177.7,172.6,174.5,39.5,57.1,636.7519998550415,1186.1806869506836,538.0162811279297,1170.1915740966797,674.3279457092285,1261.387710571289,485.51055908203125,1205.0858688354492,612.1556496620178,1274.56787109375,507.15370059013367,1251.9748306274414,599.5193552970886,1347.6803970336914,540.2074098587036,1338.3697128295898,587.6745271682739,1469.552879333496,530.0993657112122,1461.0399627685547,578.5661315917969,1580.3624725341797,524.5850121974945,1589.992790222168
367,12.233718029350106,True,75.8,94.0,179.5,177.5,171.6,174.1,41.7,58.5,637.0709681510925,1186.1254119873047,537.8444695472717,1169.1987991333008,675.0654029846191,1257.2038650512695,481.8019652366638,1203.336524963379,614.8975539207458,1272.1015548706055,507.17819452285767,1252.4969100952148,598.2326674461365,1347.374496459961,537.4724578857422,1337.9911422729492,587.1504020690918,1470.9346389770508,524.1802990436554,1463.1678771972656,578.2355117797852,1580.3566360473633,516.5467536449432,1587.2114181518555
368,12.267052410901467,True,74.4,91.5,179.4,178.2,171.2,172.4,42.7,59.3,637.3668909072876,1185.8438873291016,537.7236413955688,1167.4372100830078,675.8222365379333,1255.8075714111328,479.1028690338135,1201.1773681640625,614.825713634491,1270.082015991211,506.7082715034485,1252.1467208862305,597.7821207046509,1346.1046600341797,535.3851306438446,1336.808853149414,586.7209053039551,1469.7996139526367,517.3062586784363,1459.566993713379,578.1406903266907,1577.607307434082,503.34227085113525,1580.2197647094727
369,12.30038679245283,True,73.8,87.3,179.3,176.9,170.3,171.0,44.2,60.1,637.5532507896423,1185.6976318359375,537.3171901702881,1166.4269256591797,676.8357253074646,1254.905776977539,474.63802099227905,1200.618896484375,614.7440886497498,1269.7169494628906,505.9701383113861,1252.2064590454102,596.0427618026733,1345.0419616699219,533.4132564067841,1335.597038269043,585.4355049133301,1469.7431945800781,511.05589628219604,1457.7734756469727,577.4350333213806,1578.4582901000977,496.40971541404724,1572.6096725463867
370,12.333721174004193,True,73.0,85.1,179.0,174.9,169.2,169.0,45.6,60.1,637.4973106384277,1185.072898864746,535.6547248363495,1165.348892211914,677.2034883499146,1252.950096130371,471.78513765335083,1200.1000213623047,614.6558976173401,1267.7351760864258,505.47311425209045,1251.0343551635742,593.9528918266296,1344.0428924560547,531.6857421398163,1334.813117980957,584.1179180145264,1469.3391036987305,505.0979804992676,1455.967025756836,577.5108003616333,1579.0345001220703,490.6505835056305,1569.7218704223633
371,12.367055555555556,True,72.1,84.9,178.9,173.2,168.2,167.2,46.9,59.1,637.3443603515625,1184.4643020629883,533.8001704216003,1164.4457244873047,677.1297812461853,1250.5810546875,470.7055699825287,1200.2579498291016,614.3357062339783,1265.2347564697266,504.5131516456604,1249.0901184082031,592.1071887016296,1343.9091110229492,529.7432863712311,1334.0840148925781,583.2671642303467,1469.3339538574219,500.49402236938477,1450.2008056640625,577.6347184181213,1578.1621170043945,486.281361579895,1560.022315979004
372,12.400389937106919,True,68.1,84.4,179.0,170.7,167.6,166.1,48.0,57.7,635.7491970062256,1183.9067459106445,531.6910529136658,1164.4210052490234,676.9655656814575,1249.7260665893555,469.84670519828796,1201.4159774780273,613.7609839439392,1261.0593795776367,503.8491117954254,1247.3261260986328,590.062894821167,1343.6186599731445,527.5286936759949,1333.1018829345703,582.3449563980103,1469.0860748291016,496.2276363372803,1447.4831771850586,577.4549889564514,1578.123435974121,484.697881937027,1556.6100311279297
373,12.433724318658282,True,66.2,82.3,179.3,171.5,166.8,165.9,48.6,56.5,633.3879947662354,1183.656120300293,528.9315748214722,1164.5172500610352,675.2362489700317,1249.057388305664,467.77514934539795,1202.7013778686523,613.2279109954834,1258.703842163086,503.0237853527069,1245.1459121704102,587.4574613571167,1343.8719177246094,524.6135938167572,1332.5152587890625,581.3361024856567,1468.6498260498047,493.2387971878052,1444.9532318115234,577.2686290740967,1578.387680053711,479.45170640945435,1555.393295288086
374,12.467058700209645,True,63.8,76.7,179.6,174.3,165.9,166.6,46.9,55.0,630.2589511871338,1183.3832931518555,525.9425103664398,1164.601936340332,670.2502369880676,1249.991111755371,464.90121603012085,1205.116310119629,605.3723430633545,1255.448112487793,503.26045274734497,1241.0370254516602,584.4583868980408,1343.6484146118164,521.7926716804504,1332.085189819336,580.602056980133,1466.253547668457,492.1524381637573,1444.244499206543,577.8198552131653,1577.6961135864258,474.15589928627014,1556.026725769043
375,12.500393081761006,True,61.3,74.0,179.7,176.5,164.7,167.4,43.5,51.6,626.9086575508118,1182.8606414794922,522.9185235500336,1164.0468978881836,662.2824668884277,1250.6089782714844,463.7206470966339,1208.338737487793,597.1094870567322,1249.325180053711,503.7848675251007,1238.7137603759766,581.1339712142944,1343.565902709961,518.2943844795227,1331.6988372802734,579.7493076324463,1465.8698272705078,489.29054260253906,1446.3396835327148,577.839617729187,1577.7805709838867,467.7437353134155,1560.9106063842773
376,12.533727463312369,True,57.4,66.9,179.4,176.1,164.0,168.1,39.9,46.4,621.8325233459473,1182.0870208740234,517.1939599514008,1163.7900924682617,653.106415271759,1250.99853515625,463.0465006828308,1213.9845657348633,590.897490978241,1242.0991516113281,506.17284893989563,1233.2171630859375,577.0787286758423,1343.4868240356445,514.9660098552704,1331.8523025512695,578.1137180328369,1464.6145248413086,488.90018463134766,1447.6936340332031,577.8638863563538,1577.3961639404297,471.1145317554474,1562.8984451293945
377,12.567061844863732,True,51.4,58.7,179.8,177.0,163.7,168.8,38.2,42.9,617.1639347076416,1180.4692840576172,510.8110213279724,1163.5054779052734,646.5867805480957,1249.5707702636719,459.8311650753021,1218.3303451538086,586.3674974441528,1232.779312133789,508.58168721199036,1228.3735656738281,573.07208776474,1343.1177520751953,510.7250511646271,1331.843605041504,575.345356464386,1462.9815673828125,487.5811171531677,1448.2422637939453,577.8986477851868,1577.2765731811523,470.90596318244934,1562.9658508300781
378,12.600396226415095,True,46.4,50.5,179.3,178.0,163.3,170.0,35.6,39.1,611.8048810958862,1178.961524963379,505.8701026439667,1163.3429718017578,638.833372592926,1248.8178634643555,458.66771936416626,1222.4576568603516,581.9760346412659,1225.385513305664,510.28258323669434,1221.6618347167969,569.7415566444397,1342.7027893066406,507.3889195919037,1331.7311096191406,574.5254373550415,1463.1012725830078,487.8804838657379,1448.7646865844727,577.5899147987366,1577.3283004760742,473.15380454063416,1561.332778930664
379,12.633730607966458,True,40.7,41.1,179.3,178.5,163.3,170.6,34.6,36.9,605.8971762657166,1176.0480880737305,502.0029580593109,1162.5334167480469,631.4071083068848,1242.626724243164,457.32502698898315,1224.4563674926758,576.3246631622314,1212.923927307129,514.0463769435883,1211.2477111816406,565.8658504486084,1340.9080123901367,505.11600494384766,1330.747947692871,572.2955560684204,1462.126693725586,487.8599810600281,1448.6381149291992,576.9981980323792,1577.3134231567383,474.4187021255493,1561.3417053222656
380,12.66706498951782,True,32.0,35.5,179.6,179.4,164.7,171.2,35.7,35.0,598.2369804382324,1171.6271209716797,496.41000509262085,1162.1728134155273,627.2063827514648,1237.5831985473633,455.0770568847656,1225.7362747192383,568.563723564148,1197.5959396362305,513.9401292800903,1202.570571899414,562.4719762802124,1339.4029998779297,502.25871205329895,1329.9274063110352,569.5621490478516,1462.3225021362305,488.08032989501953,1448.8935470581055,576.8784642219543,1576.838035583496,475.91312170028687,1561.2509536743164
381,12.700399371069183,True,26.0,28.5,177.9,179.4,165.4,172.6,37.4,32.8,592.2791934013367,1168.1564712524414,492.4822533130646,1162.2853088378906,622.006459236145,1228.6467361450195,453.90971660614014,1227.4589538574219,561.975531578064,1181.9636535644531,511.38941287994385,1193.0514907836914,558.7178063392639,1336.6246032714844,498.91823530197144,1328.2209777832031,565.9125852584839,1461.8127822875977,487.9476571083069,1448.822135925293,576.5976691246033,1575.721549987793,476.76764130592346,1559.5844650268555
382,12.733733752620545,True,22.7,22.5,176.2,179.6,166.0,173.4,35.8,31.8,587.4244379997253,1165.7344436645508,489.49695467948914,1162.0600891113281,614.5066165924072,1223.8604736328125,453.0264222621918,1226.1418533325195,559.9726939201355,1174.1282272338867,505.74557304382324,1185.1995849609375,555.2030396461487,1335.0810241699219,495.62198281288147,1327.5933837890625,562.3473501205444,1461.9370651245117,486.18528485298157,1448.9424133300781,576.3544678688049,1575.1380157470703,476.88840508461,1559.0283966064453
383,12.767068134171907,True,15.9,14.3,176.6,179.9,166.1,174.3,35.3,31.1,580.0553369522095,1164.737777709961,487.23588466644287,1161.8272018432617,605.1569509506226,1217.0001983642578,452.85396695137024,1223.2230377197266,555.0742292404175,1160.423698425293,504.6950697898865,1168.6420440673828,551.3700127601624,1334.3030548095703,492.61183619499207,1327.1071243286133,560.9020471572876,1461.2269592285156,484.47795152664185,1448.9226150512695,576.29234790802,1574.9994277954102,477.1277439594269,1557.4004745483398
384,12.80040251572327,True,11.7,15.4,176.6,179.5,166.1,174.2,41.0,30.0,573.3027362823486,1163.8691711425781,482.52880096435547,1161.1460494995117,602.6333999633789,1210.3447723388672,453.291220664978,1217.4119567871094,550.9795904159546,1156.6981887817383,504.3197429180145,1162.3433303833008,547.396137714386,1332.3859405517578,489.7912037372589,1326.6792297363281,558.8466811180115,1459.4343566894531,482.76289343833923,1448.4619903564453,576.1045074462891,1574.6167373657227,477.46612071990967,1556.5031433105469
385,12.833736897274633,True,7.0,15.0,176.8,179.1,167.5,173.8,46.1,32.5,567.7845525741577,1164.3962860107422,479.40268635749817,1161.2117385864258,601.1651158332825,1205.9405136108398,451.0379719734192,1211.5410232543945,548.0979323387146,1154.2167663574219,498.67223381996155,1162.936019897461,546.3824558258057,1331.6916275024414,488.31693291664124,1326.485481262207,557.8404664993286,1456.8839263916016,481.7720639705658,1447.5468063354492,575.1636958122253,1573.810043334961,477.66738295555115,1553.7500381469727
386,12.867071278825996,True,1.9,11.4,177.1,177.9,167.7,173.7,49.2,33.1,564.6993470191956,1163.0256271362305,477.8458893299103,1161.2274169921875,597.2784662246704,1198.7092208862305,450.6522810459137,1208.2564544677734,545.9479379653931,1146.04248046875,496.2000846862793,1156.6384506225586,544.861900806427,1330.4909133911133,486.6710114479065,1325.705337524414,557.1176862716675,1455.611572265625,479.88471150398254,1446.7830276489258,574.5402431488037,1572.71484375,477.9113566875458,1553.5078811645508
387,12.90040566037736,True,3.5,9.7,177.7,176.6,167.2,173.2,45.0,32.7,564.372718334198,1161.0674285888672,474.90700364112854,1160.8724212646484,590.299723148346,1194.1119003295898,450.4877758026123,1204.8137283325195,540.2396607398987,1137.839241027832,495.50485610961914,1148.719596862793,543.960485458374,1329.810447692871,485.29420137405396,1325.6331253051758,556.9312620162964,1454.230842590332,478.6147606372833,1446.774787902832,573.7667369842529,1570.9879302978516,479.13193345069885,1554.1447448730469
388,12.933740041928722,True,0.6,6.2,178.1,176.2,168.0,172.7,44.9,35.4,561.6463923454285,1160.8400344848633,473.4913766384125,1161.18896484375,582.5418090820312,1186.834373474121,449.724440574646,1200.2318572998047,536.8059718608856,1131.177635192871,494.29036259651184,1142.1408462524414,543.6957836151123,1329.8353958129883,485.1521944999695,1325.7392120361328,556.560537815094,1453.6406707763672,478.33702325820923,1446.6221237182617,572.6786398887634,1570.2107620239258,479.43751215934753,1554.528923034668
389,12.967074423480085,True,5.7,0.2,180.0,176.3,167.4,173.2,49.3,38.5,560.1114821434021,1159.3363952636719,473.3915662765503,1161.5716552734375,580.9528255462646,1181.3959121704102,448.5469615459442,1197.5675582885742,537.5167143344879,1125.2428436279297,492.95716524124146,1133.6254119873047,542.5070071220398,1329.1215133666992,484.42696809768677,1325.7500839233398,556.814296245575,1450.8885955810547,478.229455947876,1446.1948013305664,570.4439306259155,1566.7323303222656,479.5668053627014,1554.7820663452148
390,13.000408805031446,True,15.1,8.5,177.5,176.5,165.8,174.0,57.6,46.2,559.9737238883972,1159.9116897583008,475.0083267688751,1162.5962448120117,578.0506324768066,1174.4583892822266,447.2816777229309,1192.371482849121,537.2246861457825,1118.3299255371094,492.62821912765503,1126.2199401855469,541.043164730072,1327.8681564331055,484.1696047782898,1325.2718353271484,557.2858285903931,1446.9804382324219,478.31201434135437,1445.5284118652344,567.7711629867554,1561.805648803711,479.7484016418457,1554.972267150879
391,13.033743186582809,True,25.4,15.8,174.7,176.3,165.0,174.4,68.6,52.9,560.7192921638489,1159.7035217285156,475.9565734863281,1162.6266860961914,578.1920599937439,1169.0816116333008,447.26481199264526,1186.6375350952148,537.3622512817383,1113.5543060302734,491.8466341495514,1121.2709426879883,540.8476638793945,1326.148567199707,483.8728129863739,1324.3812561035156,557.5397157669067,1442.329444885254,478.0703580379486,1444.0862274169922,563.4228301048279,1558.542823791504,479.887318611145,1555.0613021850586
392,13.067077568134172,True,31.8,18.4,172.6,175.9,163.4,174.9,76.3,54.3,561.3771200180054,1159.2893600463867,476.7210030555725,1161.5106582641602,579.8994898796082,1166.477165222168,447.49723076820374,1184.3724060058594,538.5536348819733,1111.607894897461,491.0500180721283,1118.8395309448242,539.6550250053406,1323.3591842651367,483.3071029186249,1321.424789428711,557.6403307914734,1435.8301162719727,477.61977910995483,1440.6431579589844,561.1838722229004,1553.0693435668945,480.3486478328705,1553.8534927368164
393,13.100411949685535,True,35.6,21.1,171.8,174.8,163.2,175.2,80.4,57.0,562.0971965789795,1159.1148376464844,477.0307660102844,1160.7745742797852,581.5348219871521,1165.1395797729492,447.6804041862488,1181.4430618286133,539.7189795970917,1109.9878692626953,490.77051043510437,1116.873893737793,539.9913418292999,1323.88916015625,482.991224527359,1321.7127227783203,557.7383065223694,1434.349021911621,477.40673661231995,1438.945655822754,559.7016835212708,1549.4425964355469,482.288818359375,1550.4790878295898
394,13.133746331236898,True,39.0,22.4,171.4,172.7,163.0,174.6,84.3,57.9,562.5969886779785,1158.9117050170898,477.209529876709,1160.5537033081055,582.3925280570984,1163.646240234375,447.8339982032776,1180.5160903930664,540.4255056381226,1109.0137481689453,490.6914281845093,1115.4262161254883,539.9660110473633,1324.310417175293,482.9938316345215,1321.7597579956055,557.6596426963806,1433.459701538086,476.1673307418823,1437.3946380615234,558.7876510620117,1546.0418701171875,483.8914167881012,1550.1254653930664
395,13.16708071278826,True,40.6,24.8,170.4,171.5,162.7,174.2,85.8,60.0,562.3651814460754,1159.2621231079102,477.23434567451477,1161.672592163086,583.297483921051,1163.7436294555664,448.1803250312805,1179.7643280029297,540.8018946647644,1108.0785369873047,490.9812355041504,1114.6450424194336,539.3300700187683,1326.2175750732422,482.5693881511688,1324.050407409668,557.356767654419,1435.0545501708984,474.7607481479645,1437.9174041748047,557.0470690727234,1547.5070571899414,483.88407826423645,1551.0694885253906
396,13.200415094339624,True,45.2,29.6,170.5,172.1,163.0,174.1,90.7,64.9,562.2881269454956,1162.228889465332,477.36122488975525,1165.5885314941406,583.6123323440552,1164.873390197754,448.97613644599915,1180.0496292114258,540.9897351264954,1109.8111724853516,491.067430973053,1116.27685546875,539.6379339694977,1327.7919387817383,482.7622175216675,1325.8759689331055,557.14768409729,1436.132698059082,474.9111557006836,1438.1024551391602,556.5194034576416,1548.8612365722656,482.73582458496094,1552.284049987793
397,13.233749475890985,True,52.1,38.2,170.2,172.2,162.9,173.9,98.2,73.5,562.550961971283,1167.5146865844727,477.4645757675171,1172.599754333496,584.1021466255188,1167.3318099975586,449.9560868740082,1181.7428970336914,541.1153268814087,1112.9960632324219,490.8551609516144,1119.8487854003906,539.8967778682709,1335.018424987793,482.8166127204895,1333.1053161621094,557.1086740493774,1439.2554473876953,474.8727571964264,1442.1940612792969,556.29075050354,1550.0054168701172,481.97953820228577,1554.6263122558594
398,13.267083857442348,True,55.3,40.9,170.3,172.3,163.6,173.7,100.6,75.5,562.6369643211365,1174.4107818603516,477.43013620376587,1179.5745849609375,584.458966255188,1173.2135009765625,450.94205617904663,1187.3708724975586,541.2183880805969,1117.628288269043,490.2766728401184,1126.1587142944336,540.7080388069153,1342.8941345214844,482.87805676460266,1340.9742736816406,557.5317335128784,1449.4245529174805,474.49865341186523,1450.4790115356445,556.3331079483032,1550.6996154785156,480.83131670951843,1559.3547821044922
399,13.30041823899371,True,43.2,32.2,170.1,171.8,163.4,173.3,89.4,67.0,562.6894927024841,1179.7023010253906,477.2069549560547,1184.9552536010742,585.5122375488281,1182.9104232788086,451.5500271320343,1196.924057006836,541.7578983306885,1128.4588623046875,489.98467683792114,1137.2776794433594,540.7435727119446,1347.7290344238281,482.982759475708,1346.898422241211,557.5581908226013,1451.7749404907227,474.1010856628418,1455.344352722168,556.2976384162903,1551.020622253418,480.66150069236755,1560.6056213378906
400,13.333752620545074,True,34.0,23.4,169.8,170.8,163.4,172.7,81.2,58.2,562.6560831069946,1184.4023895263672,476.85625076293945,1190.5066680908203,586.90584897995,1191.4695739746094,451.6573691368103,1207.5287246704102,541.9830751419067,1137.5506210327148,490.07100105285645,1147.2676849365234,540.9481501579285,1351.1661529541016,483.0256962776184,1351.4266204833984,557.5784039497375,1454.0556335449219,473.4304475784302,1458.0306243896484,555.9068298339844,1551.0251998901367,480.6602454185486,1561.0717391967773
401,13.367087002096437,True,30.0,16.3,169.7,170.8,163.5,172.6,79.3,51.2,562.3284888267517,1186.4381790161133,476.7650020122528,1191.4790725708008,589.3639969825745,1195.2268981933594,452.134405374527,1212.9024124145508,540.5795502662659,1140.948486328125,490.64157128334045,1152.9798889160156,541.0729694366455,1351.8412399291992,483.0712401866913,1352.1857070922852,557.5522041320801,1453.311424255371,473.5232734680176,1457.5320053100586,555.6481790542603,1550.474510192871,480.6966805458069,1560.8087539672852
402,13.4004213836478,True,29.6,13.2,169.6,170.6,163.5,172.6,80.9,47.8,562.391767501831,1186.3362121582031,477.29366540908813,1191.0746383666992,590.4811263084412,1194.6240234375,453.35057258605957,1214.4418716430664,539.704270362854,1141.9172286987305,491.56062483787537,1154.4672775268555,541.1585855484009,1352.0269775390625,483.16747784614563,1352.0147323608398,557.567138671875,1453.0284118652344,473.3992266654968,1457.4623107910156,555.6019592285156,1549.9898529052734,480.8618938922882,1560.6104278564453
403,13.433755765199162,True,30.1,17.4,169.6,170.6,163.5,172.9,79.7,51.6,562.2201490402222,1184.8403549194336,477.91499376296997,1190.237159729004,590.4470086097717,1193.7545013427734,453.81125807762146,1210.667381286621,541.3263416290283,1139.842529296875,491.5626847743988,1150.9039306640625,541.1127519607544,1350.5115509033203,483.2035267353058,1349.6553039550781,557.5814938545227,1452.2918701171875,473.43836545944214,1456.4680480957031,555.481903553009,1549.6273040771484,480.9388840198517,1560.432472229004
404,13.467090146750525,True,48.9,26.8,169.9,170.7,163.9,173.6,99.8,60.9,562.6773905754089,1176.0686874389648,479.51823592185974,1183.1534957885742,587.6236081123352,1174.9467086791992,453.32443714141846,1198.561134338379,542.5530338287354,1127.750473022461,491.2952148914337,1139.4887924194336,541.1588430404663,1345.2973937988281,483.2556688785553,1344.5093536376953,557.592887878418,1450.8576965332031,473.4652090072632,1454.1452407836914,555.43452501297,1549.533920288086,481.1692750453949,1558.6236190795898
405,13.500424528301886,True,64.5,48.1,170.6,170.7,164.9,173.9,114.5,79.7,561.9433450698853,1168.3367156982422,480.07120013237,1171.0917663574219,584.5306777954102,1161.189079284668,455.08336544036865,1176.1364364624023,542.5688052177429,1116.2793731689453,489.01087403297424,1118.3952713012695,541.5030455589294,1336.8110275268555,483.29400300979614,1336.3865661621094,557.5977802276611,1448.624267578125,473.49459528923035,1448.602180480957,555.4218435287476,1549.324607849121,481.64557099342346,1557.6438903808594
406,13.53375890985325,True,115.5,115.0,171.0,171.1,165.2,174.4,157.2,139.6,561.770761013031,1166.2947463989258,480.0434875488281,1165.4236221313477,577.8120017051697,1138.322982788086,463.9993178844452,1147.2722625732422,541.2300395965576,1085.5192565917969,492.46931433677673,1081.9214630126953,541.5148258209229,1329.5491790771484,483.03622126579285,1328.2660675048828,557.4546146392822,1447.3740005493164,473.77049803733826,1444.343490600586,555.1763892173767,1549.4044876098633,482.3273777961731,1556.604881286621
407,13.567093291404612,True,135.4,155.7,172.3,171.3,166.4,174.5,172.4,175.2,559.9219036102295,1161.8339538574219,480.02562403678894,1159.9152374267578,570.561797618866,1119.990119934082,475.2227854728699,1113.2817077636719,538.5870444774628,1065.3392028808594,497.8489029407501,1045.3202819824219,541.340696811676,1321.739501953125,483.0555009841919,1320.7883834838867,556.2815451622009,1444.6707916259766,473.7836945056915,1440.5541229248047,554.8684930801392,1549.4559860229492,482.3252213001251,1555.0110626220703
408,13.600427672955975,True,145.2,167.1,172.3,171.5,166.5,174.6,176.4,178.1,558.0561804771423,1155.6690216064453,479.9547815322876,1151.586799621582,565.5067133903503,1113.3576965332031,480.6623375415802,1101.8450546264648,534.4926631450653,1046.253318786621,497.81954884529114,1031.8037796020508,540.2132678031921,1313.9560317993164,482.97664403915405,1312.6522064208984,555.8537220954895,1439.205436706543,473.6606454849243,1436.5128707885742,554.753007888794,1549.5451354980469,482.35872745513916,1554.8825454711914
409,13.633762054507338,True,141.6,178.6,172.9,171.6,167.2,174.8,174.1,171.1,556.7304825782776,1153.6976623535156,479.9392354488373,1151.1997604370117,566.8343424797058,1106.1798477172852,486.56572937965393,1103.3873748779297,534.100695848465,1040.1214599609375,498.4248483181,1031.2377548217773,539.7183680534363,1313.2151412963867,482.8771233558655,1312.2379302978516,554.1600680351257,1435.8155822753906,473.749383687973,1436.4531326293945,553.3472943305969,1548.9245223999023,482.33120799064636,1553.9440155029297
410,13.667096436058701,True,139.4,179.3,174.5,171.7,168.2,174.9,174.4,169.6,556.5725755691528,1151.894302368164,479.95030760765076,1150.0325775146484,567.690954208374,1097.4933242797852,489.3059277534485,1093.2769775390625,531.8571031093597,1032.9701614379883,501.81514978408813,1022.57080078125,539.647171497345,1314.0885543823242,482.88835644721985,1312.2991561889648,552.1496987342834,1435.5754852294922,474.00623202323914,1436.5703201293945,552.9283547401428,1548.1901550292969,482.6465713977814,1553.9176940917969
411,13.700430817610064,True,138.0,176.6,175.8,172.2,169.1,175.0,172.1,169.5,555.7265210151672,1152.564926147461,479.65673446655273,1149.506492614746,568.9589738845825,1097.6709365844727,489.1698753833771,1091.7346572875977,532.6438057422638,1030.5261611938477,505.00335216522217,1021.5108489990234,539.6629106998444,1315.6194305419922,482.94625997543335,1313.9484786987305,550.8328199386597,1436.553955078125,474.5843017101288,1437.4970626831055,552.9781150817871,1548.0411529541016,482.6456379890442,1553.9824676513672
412,13.733765199161425,True,137.5,174.3,178.2,172.7,171.0,174.4,171.0,169.3,555.4031753540039,1152.890281677246,478.78840684890747,1150.1534271240234,569.8166799545288,1095.6492233276367,487.32407569885254,1096.9092178344727,533.1680917739868,1027.6582717895508,505.63491582870483,1027.6469421386719,540.7962942123413,1316.770362854004,483.4219765663147,1315.3424835205078,548.9343953132629,1436.9903182983398,474.9089992046356,1438.0129623413086,552.9306077957153,1548.2588195800781,481.6300570964813,1554.0351104736328
413,13.767099580712788,True,136.9,173.2,179.6,173.7,172.4,174.1,170.2,169.3,555.4002785682678,1153.699722290039,478.083039522171,1151.5554428100586,570.3025674819946,1096.0570907592773,486.35587334632874,1097.3626327514648,532.5958156585693,1026.9815826416016,506.48776173591614,1024.7319030761719,541.8298673629761,1317.8956604003906,483.8245975971222,1316.5447998046875,547.7712392807007,1437.110595703125,475.55742859840393,1438.3506774902344,552.5820279121399,1548.4333419799805,480.34752130508423,1554.1529846191406
414,13.800433962264151,True,136.1,170.8,179.4,175.4,173.3,174.4,169.7,169.8,555.5424785614014,1153.275032043457,477.9507851600647,1151.2155532836914,570.7115292549133,1095.8288955688477,485.95808029174805,1094.8834991455078,531.2170422077179,1024.8577880859375,508.14836025238037,1023.5445785522461,542.5149893760681,1318.6547470092773,484.00171995162964,1317.3131561279297,547.0731139183044,1437.6690673828125,476.5059971809387,1439.7344970703125,552.4481964111328,1549.0398788452148,478.76835465431213,1554.5118713378906
415,13.833768343815514,True,135.7,169.9,179.2,176.0,174.0,174.1,168.8,169.9,555.6071734428406,1152.8435897827148,477.9170536994934,1151.0025787353516,570.9948348999023,1097.102279663086,485.83075046539307,1093.978385925293,531.467581987381,1025.5389404296875,509.26352620124817,1021.9749069213867,543.3625245094299,1319.113655090332,484.43321228027344,1317.7712631225586,547.1646523475647,1437.9956817626953,476.6827976703644,1439.8920822143555,552.3800897598267,1549.632453918457,477.44861125946045,1554.5302963256836
416,13.867102725366877,True,134.6,169.7,179.1,176.1,174.4,173.9,167.9,169.1,555.676953792572,1152.7020263671875,477.9660415649414,1151.224594116211,571.3361406326294,1098.5053253173828,486.62858963012695,1093.6261367797852,532.0518958568573,1028.5773468017578,510.905681848526,1022.5766372680664,544.0901970863342,1319.3782424926758,484.94710206985474,1318.0071258544922,547.4361777305603,1438.4466934204102,477.0648193359375,1440.062026977539,552.3790597915649,1549.7363662719727,477.5517690181732,1554.5495223999023
417,13.90043710691824,True,134.1,170.6,179.1,176.0,174.6,173.3,167.3,167.8,555.6660747528076,1152.960205078125,477.98638343811035,1151.4601135253906,571.6096615791321,1099.3854904174805,488.19658756256104,1090.1974868774414,532.4589908123016,1029.5704650878906,511.9953238964081,1020.4561614990234,544.373824596405,1319.209213256836,485.9295630455017,1317.5543975830078,547.6321291923523,1438.6529159545898,477.4536967277527,1440.153465270996,552.3561429977417,1549.7953033447266,477.501300573349,1554.5068359375
418,13.933771488469603,True,134.7,170.0,179.0,176.0,174.9,172.6,167.3,167.6,555.6916308403015,1153.084487915039,477.99848556518555,1151.3273620605469,571.632707118988,1099.1374969482422,488.06636095046997,1089.4620895385742,532.6153528690338,1028.2218933105469,512.240424156189,1020.1156997680664,544.8544979095459,1318.7596893310547,487.0325303077698,1316.9282913208008,547.6672768592834,1438.754653930664,477.7888548374176,1440.245704650879,552.2656989097595,1549.482650756836,477.1523344516754,1554.6575546264648
419,13.967105870020966,True,134.5,170.5,178.9,176.5,175.2,172.2,167.1,167.4,555.6614398956299,1153.1718063354492,478.00392508506775,1151.0755920410156,571.7669248580933,1098.9864349365234,487.77413964271545,1090.8592987060547,532.6982975006104,1028.4881973266602,511.74063205718994,1020.237922668457,545.2309513092041,1318.5344696044922,487.9131531715393,1316.5452575683594,547.7803802490234,1439.2429733276367,478.4254717826843,1440.303611755371,552.237696647644,1549.3446350097656,476.7517411708832,1554.5859146118164
420,14.000440251572327,True,134.0,170.6,178.7,176.8,175.5,172.2,167.0,167.4,555.6699371337891,1153.0036926269531,478.10296297073364,1150.8671951293945,571.9706654548645,1097.9084014892578,487.6197409629822,1091.858253479004,532.7257204055786,1028.7310409545898,511.401869058609,1021.1198043823242,545.6451272964478,1318.3441543579102,488.1872856616974,1316.4171981811523,547.802460193634,1439.3085479736328,478.9355957508087,1440.2182388305664,552.2885513305664,1549.3401718139648,476.7552173137665,1554.6045684814453
421,14.03377463312369,True,133.3,170.5,178.8,177.2,175.5,172.4,166.8,167.3,555.7007718086243,1152.7885437011719,478.27268242836,1150.352783203125,572.4490213394165,1096.6804504394531,487.74089097976685,1091.8668365478516,532.8240501880646,1028.184814453125,511.5825641155243,1021.5678405761719,545.723147392273,1318.0754470825195,488.35787415504456,1316.3167190551758,547.8960585594177,1439.480323791504,479.3971824645996,1439.8984909057617,552.2584891319275,1549.3345642089844,476.67587757110596,1554.700927734375
422,14.067109014675053,True,133.4,170.3,178.8,177.4,175.5,172.5,167.5,167.6,555.9083104133606,1152.7635955810547,478.56667399406433,1150.122184753418,572.5448083877563,1094.8844146728516,487.89239287376404,1091.4471817016602,532.89057970047,1027.6487731933594,511.54213786125183,1021.743278503418,545.8020043373108,1318.041000366211,488.4583282470703,1316.3678741455078,547.9547667503357,1439.5751953125,479.645791053772,1439.7978973388672,552.261643409729,1549.3198013305664,476.6178774833679,1554.7089385986328
423,14.100443396226416,True,133.5,170.0,178.8,177.5,175.4,172.6,167.7,168.0,556.1568546295166,1152.8113174438477,478.8560950756073,1150.1946258544922,572.6874589920044,1094.6282958984375,487.7995991706848,1091.6285705566406,533.1692504882812,1027.9449462890625,511.4362120628357,1021.7483139038086,545.8126902580261,1318.048439025879,488.4727156162262,1316.4105606079102,548.0211353302002,1439.6781921386719,479.7290253639221,1439.6931838989258,552.2655701637268,1549.3226623535156,476.5750050544739,1554.6779251098633
424,14.133777777777778,True,133.5,169.2,178.9,177.6,175.3,172.7,167.9,168.3,556.2432432174683,1152.9628372192383,479.0713906288147,1150.4026794433594,572.7580118179321,1094.139060974121,487.7167510986328,1092.2179412841797,533.3514261245728,1027.9717254638672,512.112193107605,1022.3712158203125,545.8325171470642,1318.091926574707,488.50406527519226,1316.4686965942383,548.0842208862305,1439.7336959838867,479.836528301239,1439.6698379516602,552.2703981399536,1549.3512725830078,476.58350229263306,1554.6831893920898
425,14.167112159329141,True,133.8,169.8,178.9,177.8,175.3,172.8,168.1,168.3,556.3062644004822,1153.0658340454102,479.1371476650238,1150.4212188720703,572.8060984611511,1093.7744522094727,487.9023063182831,1091.795883178711,533.3466947078705,1027.1641159057617,511.5519869327545,1022.0664596557617,545.8604550361633,1318.2326889038086,488.51481556892395,1316.4836883544922,548.1378436088562,1440.2156066894531,480.0266218185425,1439.6767044067383,552.2729086875916,1549.3920135498047,476.5908086299896,1554.832534790039
426,14.200446540880504,True,133.8,168.7,178.9,177.9,175.3,173.0,168.2,169.4,556.4762091636658,1153.0985641479492,479.56194519996643,1150.9035873413086,572.8407955169678,1093.9356994628906,487.4751591682434,1091.073875427246,533.2242572307587,1027.3052215576172,511.01946115493774,1022.0924377441406,545.9073185920715,1318.2611846923828,488.5511541366577,1316.5231704711914,548.1842565536499,1440.4256057739258,480.1971137523651,1439.667091369629,552.2752904891968,1549.2512512207031,476.59756779670715,1554.9365615844727
427,14.233780922431865,True,133.5,168.4,178.9,178.0,175.2,173.0,168.1,169.4,556.4941048622131,1154.1790008544922,479.56416606903076,1151.5917205810547,573.312520980835,1094.0095138549805,487.4384343624115,1091.4158248901367,533.46440076828,1027.415428161621,511.328387260437,1022.3077011108398,545.9280467033386,1318.4820556640625,488.5989832878113,1316.5916061401367,548.2359480857849,1441.490478515625,480.34868001937866,1439.8032760620117,552.2935724258423,1549.2534255981445,476.6055178642273,1555.1361465454102
428,14.267115303983228,True,133.0,168.1,178.9,178.2,175.2,173.1,167.7,169.5,556.5080094337463,1155.2923965454102,479.61485981941223,1151.9004821777344,573.7722086906433,1095.0930404663086,487.4034798145294,1091.6437911987305,534.0212273597717,1028.8911437988281,511.5157127380371,1022.8237152099609,545.9377670288086,1318.5210800170898,488.6786127090454,1316.6065979003906,548.2573843002319,1442.0854568481445,480.5159854888916,1440.0105285644531,552.3417234420776,1549.2816925048828,476.61343574523926,1555.3078079223633
429,14.300449685534591,True,133.3,167.9,179.0,178.2,175.3,172.8,167.5,169.4,556.5707087516785,1157.2037887573242,479.6952295303345,1153.344383239746,573.9626240730286,1097.1442794799805,487.37953305244446,1093.4703826904297,534.2624652385712,1029.7949981689453,511.9339442253113,1023.8056182861328,546.2526154518127,1318.9073181152344,489.12771105766296,1316.9758987426758,548.5076665878296,1442.3783111572266,480.72725772857666,1440.292854309082,552.410409450531,1549.4470596313477,476.5648341178894,1555.6670379638672
430,14.333784067085954,True,133.1,168.2,178.7,177.8,175.8,172.3,166.6,169.5,556.6747355461121,1158.431739807129,480.1655066013336,1154.7699737548828,574.302384853363,1100.0955963134766,487.0267689228058,1098.9781951904297,535.1340436935425,1032.4642181396484,511.9382894039154,1025.9089279174805,547.01575756073,1318.908920288086,489.96124505996704,1316.9978713989258,548.6561107635498,1442.3558807373047,480.76430439949036,1440.3031539916992,552.5249290466309,1549.7724151611328,476.54040455818176,1555.7331848144531
431,14.367118448637317,True,132.1,168.0,178.4,178.1,175.8,172.4,165.5,169.6,556.6963005065918,1158.6998748779297,480.27461886405945,1154.8466491699219,574.8348784446716,1102.7577209472656,487.005912065506,1099.4191360473633,536.0480439662933,1035.5034255981445,512.0221030712128,1026.5090560913086,547.0569562911987,1318.9758682250977,490.00234723091125,1317.117805480957,548.7178444862366,1442.2351455688477,481.1261773109436,1440.1819610595703,553.2012319564819,1549.8616790771484,476.54423475265503,1555.7320404052734
432,14.40045283018868,True,131.3,167.6,178.3,178.1,176.0,172.3,165.2,169.8,556.9002985954285,1158.6975860595703,480.3763282299042,1155.1707458496094,575.1403284072876,1103.2475280761719,486.75698161125183,1100.5439758300781,536.2014126777649,1037.168312072754,512.0064604282379,1027.3236465454102,547.4294185638428,1319.0135192871094,490.3401446342468,1317.1331405639648,548.8481998443604,1442.1665954589844,481.2983429431915,1440.204849243164,553.3800601959229,1549.9980926513672,476.55070424079895,1555.9695053100586
433,14.433787211740043,True,130.4,166.7,178.3,178.3,176.0,172.3,164.5,170.4,557.2423768043518,1158.9392852783203,480.50452709198,1155.7161712646484,575.8153438568115,1104.7477340698242,486.1580550670624,1102.4200057983398,537.0949745178223,1039.5830154418945,511.99416518211365,1028.7871170043945,547.7882981300354,1319.0423583984375,490.56779980659485,1317.1412658691406,549.102988243103,1442.1482849121094,481.57076954841614,1440.2901077270508,553.4154653549194,1550.4139709472656,476.5448784828186,1556.0419464111328
434,14.467121593291404,True,130.4,164.4,178.5,178.6,175.8,172.3,163.9,171.9,557.6697492599487,1159.5976638793945,480.74753522872925,1156.743049621582,576.4298486709595,1106.8304443359375,484.8862373828888,1104.8262405395508,538.8042068481445,1041.782112121582,511.8447232246399,1031.4628601074219,547.9237389564514,1319.241714477539,490.77566027641296,1317.3991012573242,549.3883538246155,1442.146110534668,481.9126546382904,1440.2980041503906,553.4416651725769,1550.980567932129,476.4525353908539,1556.2651062011719
435,14.500455974842767,True,130.6,162.9,178.6,178.8,175.6,172.2,164.3,172.8,558.1430196762085,1159.8764419555664,481.3651943206787,1157.4835968017578,576.5234470367432,1107.3362731933594,484.63273644447327,1104.678726196289,539.0806889533997,1042.9052352905273,511.8339729309082,1032.4048233032227,548.1503963470459,1319.2887496948242,491.46145820617676,1317.4634170532227,549.8950338363647,1441.874885559082,482.53546357154846,1440.3022384643555,554.0695595741272,1550.9264373779297,476.46631121635437,1556.2597274780273
436,14.53379035639413,True,130.4,161.4,178.6,179.1,175.5,172.3,164.7,174.2,558.6988162994385,1160.1722717285156,482.38203048706055,1158.3968353271484,576.7586660385132,1107.8845596313477,484.4857084751129,1106.1645126342773,539.0269696712494,1043.8867950439453,512.0764017105103,1033.8292694091797,548.3577418327332,1319.4093704223633,492.09704518318176,1317.5808334350586,550.0961351394653,1441.6979598999023,483.1664800643921,1440.1988983154297,554.3027830123901,1550.8123397827148,476.5569806098938,1555.979232788086
437,14.567124737945493,True,128.5,161.7,178.5,179.4,175.4,172.5,163.7,175.6,559.6057033538818,1160.5144500732422,482.86553621292114,1159.5013046264648,578.1180953979492,1110.3054428100586,483.6118769645691,1112.479133605957,540.0405550003052,1047.4834442138672,510.19806146621704,1036.3419342041016,548.7415981292725,1319.5362854003906,492.56014466285706,1317.7101516723633,550.1632118225098,1441.6497802734375,483.94925594329834,1440.1405334472656,554.3820905685425,1550.6586456298828,477.0770823955536,1555.140495300293
438,14.600459119496856,True,126.4,160.2,178.1,179.4,176.0,172.4,160.3,177.6,560.4706192016602,1160.5431747436523,483.32425832748413,1159.5818710327148,580.6725454330444,1114.031639099121,482.42075085639954,1114.8723220825195,544.2724370956421,1051.395149230957,508.33224177360535,1038.0405807495117,550.0036311149597,1319.58251953125,493.2253432273865,1317.887191772461,550.444586277008,1441.278190612793,484.593243598938,1439.8265075683594,554.4666767120361,1550.4718780517578,477.64697670936584,1554.5606231689453
439,14.633793501048219,True,121.9,158.2,177.8,179.5,176.5,172.3,154.6,179.6,561.0013747215271,1161.0264587402344,483.7612545490265,1159.9715423583984,584.9060368537903,1117.9935836791992,481.33925199508667,1116.3958740234375,552.0777297019958,1058.8788986206055,506.84136271476746,1040.877685546875,550.9474039077759,1319.597053527832,493.71779680252075,1318.121566772461,550.6754279136658,1441.1042404174805,484.9890410900116,1439.5464706420898,554.5472717285156,1549.4853973388672,477.7076804637909,1554.170150756836
440,14.667127882599582,True,112.0,156.9,177.9,179.8,176.6,172.3,148.7,179.8,561.5058660507202,1160.3303146362305,484.09695982933044,1159.9232482910156,590.0483465194702,1119.3650436401367,481.45193696022034,1115.8797454833984,553.5112524032593,1063.297004699707,506.87342047691345,1044.8376846313477,551.4782238006592,1319.5615768432617,494.14552330970764,1318.2648468017578,551.0178923606873,1440.8759307861328,485.5634415149689,1439.165153503418,554.5600819587708,1549.2313385009766,477.80510902404785,1552.8673553466797
441,14.700462264150945,True,102.3,155.5,178.1,179.8,176.9,172.4,141.9,179.4,562.0883774757385,1160.1666641235352,484.467716217041,1159.3645477294922,595.5274558067322,1122.5028991699219,482.1084129810333,1114.9651336669922,556.4010214805603,1068.7614440917969,507.02524423599243,1051.6858291625977,552.3805403709412,1319.5683288574219,494.6519136428833,1318.410415649414,551.662266254425,1440.4674911499023,486.25397086143494,1438.9551544189453,554.6839356422424,1549.1120910644531,477.82535433769226,1553.228759765625
442,14.733796645702306,True,97.9,156.6,177.9,179.7,177.4,172.1,137.3,179.6,562.595636844635,1160.2497482299805,484.852055311203,1159.317512512207,598.4345412254333,1125.5992126464844,482.15769052505493,1114.390754699707,559.6812772750854,1072.584114074707,503.71737241744995,1055.137710571289,553.4922623634338,1319.4335174560547,495.405592918396,1318.5103225708008,552.0630526542664,1439.945297241211,486.69241547584534,1439.0211868286133,554.8258781433105,1548.8921356201172,478.9864182472229,1555.4522323608398
443,14.767131027253669,True,93.2,151.9,177.8,178.8,178.0,171.8,130.2,176.5,562.869930267334,1160.5209732055664,484.8467767238617,1159.596290588379,601.5278577804565,1131.1273956298828,480.3455901145935,1125.3179168701172,568.3681583404541,1082.0304107666016,501.6536056995392,1068.5606002807617,554.7322797775269,1319.564323425293,496.04520320892334,1319.088134765625,552.8715777397156,1439.9836349487305,487.2627604007721,1439.0558624267578,555.2771329879761,1548.8982009887695,481.032418012619,1556.6740036010742
444,14.800465408805032,True,87.9,149.1,178.4,179.1,177.7,171.6,123.4,173.6,563.8108706474304,1160.848503112793,485.45580983161926,1160.716323852539,604.0113687515259,1137.3035430908203,479.685959815979,1129.581184387207,573.0574750900269,1088.7163925170898,500.0998342037201,1074.7370910644531,555.3629422187805,1320.966911315918,496.8737483024597,1320.2778625488281,553.7510418891907,1441.5838623046875,487.9787492752075,1439.7414779663086,555.313503742218,1549.1179275512695,480.985232591629,1557.3054885864258
445,14.833799790356395,True,77.4,137.1,178.4,179.2,176.9,171.4,118.5,164.4,566.7326331138611,1161.2593460083008,485.86934208869934,1161.5871047973633,611.1318612098694,1141.003761291504,476.5955722332001,1135.8344650268555,576.0009956359863,1094.6421432495117,499.8874354362488,1081.0941696166992,555.6472134590149,1322.2576904296875,497.524334192276,1321.4348602294922,553.864016532898,1443.2242584228516,488.2932114601135,1440.6579208374023,555.342857837677,1549.8128128051758,480.8941125869751,1557.6881790161133
446,14.867134171907757,True,61.4,118.8,178.3,179.5,175.9,171.9,103.3,146.6,570.0385093688965,1162.4314498901367,487.73577332496643,1162.4796295166016,622.4109792709351,1154.7770690917969,473.0870819091797,1143.1333923339844,584.2064309120178,1103.9441299438477,497.8090560436249,1087.8975677490234,555.9474492073059,1323.387565612793,498.0820620059967,1322.186164855957,554.0576505661011,1444.061050415039,488.88129115104675,1441.3053131103516,555.6093621253967,1550.4573440551758,480.9323823451996,1557.6786804199219
447,14.90046855345912,True,50.7,83.5,177.8,178.9,175.9,171.7,90.7,111.2,572.4705862998962,1162.9557037353516,489.2436468601227,1164.4495010375977,628.7368512153625,1167.608413696289,469.94863986968994,1158.2762145996094,590.2440404891968,1111.7975234985352,495.93889117240906,1100.6742095947266,557.1838617324829,1324.5358657836914,498.9136326313019,1322.9105758666992,554.4474291801453,1444.075813293457,489.0092647075653,1441.4453887939453,556.104519367218,1550.7835006713867,481.6522979736328,1557.319221496582
448,14.933802935010483,True,41.6,68.8,177.1,178.8,176.1,172.1,83.7,95.9,575.0930142402649,1163.7932968139648,492.3049056529999,1164.6783828735352,632.863290309906,1176.1295700073242,469.52316641807556,1163.4734344482422,592.6967811584473,1121.4665222167969,494.07204151153564,1108.9949798583984,558.5961413383484,1326.15234375,500.2644681930542,1324.2906188964844,554.7344040870667,1444.9487686157227,489.743310213089,1442.5994110107422,556.7358899116516,1551.0449981689453,481.9822096824646,1557.2999954223633
449,14.967137316561844,True,38.4,54.5,177.1,178.0,175.0,171.9,79.6,84.3,579.4924592971802,1163.8627624511719,496.1870813369751,1162.148208618164,632.4561953544617,1180.3585052490234,470.3003418445587,1165.7509231567383,601.3928031921387,1134.8205184936523,493.0796992778778,1122.1149444580078,559.5977210998535,1327.137680053711,502.6311421394348,1324.8169326782227,555.6309914588928,1445.6046295166016,490.59972882270813,1442.7373123168945,557.3757576942444,1551.1285400390625,482.9322588443756,1557.2846603393555
450,15.000471698113207,True,119.5,63.9,177.2,177.4,173.4,171.5,73.5,74.2,584.4644379615784,1165.4718017578125,496.5504992008209,1161.9565200805664,634.0564441680908,1188.6338424682617,470.75842022895813,1170.461311340332,647.2958493232727,1179.1938400268555,472.4136435985565,1158.3829879760742,560.0651335716248,1328.1089401245117,503.43706011772156,1324.9321746826172,555.9547233581543,1447.1751022338867,491.05056524276733,1442.1208190917969,557.5083661079407,1551.6475296020508,484.2327547073364,1556.4274978637695
451,15.03380607966457,True,145.7,63.5,177.2,176.6,173.4,170.0,66.0,61.0,586.8529987335205,1168.4905242919922,495.7399785518646,1163.0351257324219,635.5733942985535,1200.0049209594727,469.87589836120605,1179.3698501586914,668.7015509605408,1199.2037200927734,479.4724988937378,1185.194206237793,561.4693021774292,1329.872817993164,504.9487638473511,1325.5388259887695,556.6112637519836,1448.4502029418945,491.147221326828,1442.354850769043,557.5132584571838,1551.6514205932617,484.55835342407227,1555.099868774414
452,15.067140461215933,True,169.8,123.2,177.1,176.9,171.7,169.9,51.4,34.6,591.9577145576477,1171.0710525512695,495.2596914768219,1164.6306610107422,632.9593992233276,1218.779182434082,469.72590923309326,1206.9303131103516,650.5936145782471,1233.1061553955078,482.4501371383667,1233.3962631225586,561.7130827903748,1330.1816940307617,504.98400807380676,1325.482063293457,556.6096544265747,1450.0500869750977,491.4311385154724,1442.256202697754,557.4972939491272,1552.4560546875,484.5296108722687,1555.1168060302734
453,15.100474842767296,True,148.6,153.1,177.2,177.6,170.4,170.6,47.5,35.2,596.0690259933472,1174.3041229248047,496.6970443725586,1165.316162109375,633.911669254303,1227.718620300293,467.7247452735901,1211.495475769043,635.784022808075,1255.0249099731445,463.28423023223877,1260.2611541748047,562.5601673126221,1329.8978805541992,505.4119598865509,1325.1008605957031,557.1308183670044,1449.7101974487305,492.6692247390747,1441.4164352416992,557.5029587745667,1552.6441955566406,485.24218797683716,1550.7428741455078
454,15.133809224318659,True,158.6,160.3,177.1,177.8,170.1,171.4,45.0,31.9,597.9389977455139,1175.8615493774414,497.87651896476746,1166.5882873535156,632.8887176513672,1231.1667251586914,466.6714096069336,1222.8594589233398,638.9608955383301,1262.6503372192383,457.1052575111389,1281.0223388671875,563.151433467865,1329.752540588379,505.74328780174255,1324.2376327514648,557.2549939155579,1449.6651077270508,493.9446473121643,1441.5407180786133,557.3968720436096,1552.4684143066406,487.2042453289032,1550.815315246582
455,15.167143605870022,True,158.0,164.6,176.8,177.8,170.0,172.0,41.7,28.1,599.0531659126282,1178.0841064453125,498.72073888778687,1168.8236618041992,632.7854633331299,1239.9296951293945,465.9228479862213,1237.9985046386719,638.9435148239136,1292.9607009887695,453.58524441719055,1307.8844833374023,563.7033033370972,1330.1575469970703,506.03402853012085,1324.2816925048828,557.2352313995361,1449.437141418457,495.07938265800476,1441.3301467895508,557.3744702339172,1552.4581146240234,489.05393958091736,1552.1125030517578
456,15.200477987421385,True,165.9,167.0,176.3,177.8,170.5,171.9,36.7,26.6,599.6871113777161,1180.4296875,498.81453037261963,1173.5139083862305,630.2693796157837,1250.5609130859375,466.323344707489,1247.6391220092773,641.2131786346436,1316.3947677612305,451.92065477371216,1323.841667175293,564.6211338043213,1331.1933517456055,506.6361737251282,1325.0521087646484,557.2191381454468,1449.2565536499023,496.2174332141876,1440.475845336914,557.4000263214111,1552.2536087036133,490.3661835193634,1553.5688781738281
457,15.233812368972746,True,173.4,172.4,176.3,177.0,170.8,171.5,31.0,22.6,599.8274445533752,1182.0970916748047,498.7404692173004,1177.0108795166016,624.302966594696,1257.3865127563477,471.0221564769745,1255.7836532592773,638.0314135551453,1325.5241775512695,455.50082445144653,1329.894676208496,565.1746129989624,1332.648811340332,507.03805446624756,1326.5271377563477,557.5526547431946,1449.448585510254,496.48619055747986,1440.4805374145508,557.5446724891663,1551.9588088989258,491.85954093933105,1555.1628112792969
458,15.267146750524109,True,177.7,177.6,176.0,176.1,171.4,170.8,25.4,19.3,599.693033695221,1182.5622940063477,498.6080861091614,1178.9255905151367,617.5472116470337,1261.662254333496,476.4123022556305,1257.315330505371,631.0360622406006,1335.003890991211,459.16648149490356,1329.4785690307617,565.7171487808228,1334.0830993652344,507.75291681289673,1328.7958145141602,557.555422782898,1450.4064559936523,496.29265308380127,1443.4474182128906,557.4940752983093,1551.4519500732422,492.454959154129,1565.8312225341797
459,15.300481132075472,True,178.4,179.3,176.0,176.3,171.4,171.1,21.9,16.7,600.2452254295349,1183.4534454345703,498.6317753791809,1179.9742126464844,613.509349822998,1265.8844375610352,480.058228969574,1258.6751174926758,623.2252335548401,1339.1888809204102,461.950067281723,1331.290626525879,565.8943033218384,1335.7640075683594,507.69752383232117,1330.5901336669922,557.5972652435303,1450.608901977539,496.1547660827637,1451.272315979004,557.4326634407043,1550.5950164794922,492.36483693122864,1574.3451690673828
460,15.333815513626835,True,173.9,175.7,176.6,176.8,171.4,171.3,18.6,15.0,599.8512625694275,1184.4554901123047,498.31058621406555,1181.919937133789,608.3679413795471,1264.442481994629,482.2602689266205,1260.373191833496,608.2923674583435,1334.0935134887695,474.2787230014801,1323.1187438964844,565.9723877906799,1337.4815368652344,507.46877431869507,1333.0486679077148,558.2793617248535,1450.8422470092773,496.06335639953613,1457.439079284668,557.429187297821,1549.585304260254,491.43487215042114,1585.9601211547852
461,15.367149895178198,True,168.6,166.8,176.9,177.8,171.2,171.5,15.2,10.9,599.3922829627991,1187.113380432129,496.02009773254395,1184.6722412109375,603.0419111251831,1265.0897598266602,486.50975704193115,1261.9203186035156,592.4600172042847,1333.8998794555664,493.2638382911682,1324.3049240112305,565.8849048614502,1338.497200012207,506.26416206359863,1334.2425155639648,558.5510802268982,1451.125602722168,496.20771288871765,1460.3153228759766,557.4218487739563,1549.5637893676758,491.09044432640076,1586.9398498535156
462,15.40048427672956,True,172.8,162.3,177.3,179.9,170.4,172.0,11.6,8.9,598.8778138160706,1188.354721069336,493.47330808639526,1185.5870819091797,597.2938513755798,1260.8879470825195,487.6984369754791,1256.3517379760742,588.1077575683594,1322.607078552246,501.80623412132263,1317.051887512207,564.5988607406616,1338.8917922973633,504.4339084625244,1335.2667617797852,558.3423829078674,1450.43701171875,496.17552638053894,1458.8844680786133,557.3981595039368,1549.1831588745117,487.26478815078735,1588.4896087646484
463,15.433818658280924,True,172.2,158.1,178.0,178.3,170.0,172.2,10.7,8.0,596.4121985435486,1189.7590255737305,491.01744532585144,1186.4128875732422,594.2967081069946,1259.7603607177734,486.93896412849426,1252.7511978149414,584.7290754318237,1316.5816497802734,505.88513374328613,1309.6497344970703,563.026614189148,1341.0446548461914,502.86964416503906,1337.11669921875,558.3501720428467,1450.4025650024414,495.8753550052643,1460.167007446289,557.6056981086731,1549.182472229004,484.5572590827942,1590.3118515014648
464,15.467153039832285,True,167.4,155.9,178.2,177.8,169.8,172.6,11.5,6.0,592.5227808952332,1190.987319946289,487.2311854362488,1186.4567184448242,592.2912311553955,1257.4494552612305,485.9376096725464,1249.8979568481445,579.6020865440369,1313.1435012817383,509.1503584384918,1304.6428298950195,561.0162448883057,1343.1764602661133,500.29314637184143,1340.090103149414,558.2766580581665,1448.1396102905273,494.97506618499756,1461.5964889526367,558.7648630142212,1548.3452224731445,484.02183651924133,1595.1774215698242
465,15.500487421383648,True,163.5,159.1,176.7,177.7,171.2,172.2,11.2,2.3,588.9000606536865,1191.0853958129883,481.5265130996704,1186.7511749267578,589.7059464454651,1256.6267395019531,485.34637570381165,1249.0074920654297,571.8811869621277,1319.7283172607422,510.24582624435425,1303.8404846191406,560.013313293457,1347.1186065673828,497.6737117767334,1344.4120788574219,556.9787693023682,1451.8646621704102,493.45109939575195,1465.9581756591797,559.6657633781433,1548.233871459961,483.4318256378174,1599.3669891357422
466,15.53382180293501,True,161.7,164.4,175.5,176.6,171.5,172.8,12.2,1.2,586.1092972755432,1190.397605895996,475.3109121322632,1187.541732788086,588.6792612075806,1251.7377090454102,485.03146290779114,1258.1595611572266,570.3390026092529,1315.9943389892578,506.2764573097229,1307.1192169189453,558.7661504745483,1348.6295700073242,493.70054483413696,1346.1848831176758,556.3297605514526,1452.9552841186523,492.46744751930237,1469.9296188354492,561.5813755989075,1548.0623245239258,483.09637784957886,1603.608741760254
467,15.567156184486374,True,154.7,159.7,175.2,175.5,170.8,173.6,16.5,0.7,581.0122418403625,1188.2377624511719,470.10673999786377,1186.9753646850586,587.9001545906067,1240.0912857055664,479.40905928611755,1255.2520751953125,568.3697032928467,1301.3311386108398,505.9817576408386,1305.0874328613281,555.908567905426,1348.033447265625,489.8552870750427,1346.2158966064453,556.3367772102356,1458.2952117919922,491.3007187843323,1474.134521484375,564.1514039039612,1547.2106552124023,482.4927842617035,1604.6424865722656
468,15.600490566037736,True,160.6,162.6,176.0,175.9,169.3,173.0,15.2,3.8,577.7208495140076,1186.9757080078125,464.99404191970825,1186.9282150268555,583.9188766479492,1242.4300003051758,470.12959241867065,1257.0905685424805,570.1906871795654,1301.901626586914,490.0830066204071,1307.5543212890625,552.6686096191406,1347.9994583129883,487.3656928539276,1346.0972213745117,556.348557472229,1459.9538040161133,489.63194489479065,1476.4916610717773,565.3181648254395,1547.0121002197266,482.60714292526245,1607.3447799682617
469,15.6338249475891,True,159.8,170.7,177.7,176.0,167.9,172.9,17.2,5.0,573.2991313934326,1185.2390670776367,459.83911514282227,1186.633071899414,583.2979989051819,1250.1862335205078,464.5730745792389,1260.201644897461,569.1041994094849,1320.157241821289,477.4782872200012,1316.0002899169922,549.2501449584961,1348.0786514282227,484.2345893383026,1346.5843963623047,556.4811015129089,1460.2887725830078,487.903368473053,1477.0475006103516,565.122663974762,1543.1561279296875,482.5253891944885,1606.7995834350586
470,15.667159329140462,True,161.1,179.4,179.2,176.7,166.7,172.6,18.5,8.5,569.0552115440369,1182.9686737060547,454.822815656662,1185.900993347168,582.8274321556091,1256.8969345092773,456.01587295532227,1265.9235763549805,570.813238620758,1338.3749771118164,457.80190229415894,1335.9253692626953,546.0654187202454,1347.6722717285156,481.18974566459656,1346.7909622192383,556.7950487136841,1462.7947998046875,485.4743492603302,1476.1421585083008,565.0404596328735,1539.9505233764648,482.4112558364868,1605.476188659668
471,15.700493710691823,True,162.4,177.5,174.8,179.2,166.2,171.1,19.2,12.7,564.7349452972412,1181.5224838256836,450.5931222438812,1185.721778869629,580.6744766235352,1258.0907821655273,446.33397817611694,1271.997184753418,572.8648066520691,1334.6587371826172,439.53261494636536,1344.269142150879,542.9689478874207,1347.8693389892578,478.8905990123749,1347.9081344604492,556.1222219467163,1465.7802200317383,481.1588144302368,1479.840202331543,557.6474118232727,1540.6011199951172,481.5038537979126,1607.4658584594727
472,15.733828092243186,True,165.3,177.2,170.4,179.2,167.8,170.9,17.8,18.0,561.308434009552,1180.8549499511719,447.8876531124115,1184.9060440063477,577.4562120437622,1261.2773895263672,436.4176046848297,1269.5795059204102,573.1001543998718,1335.8745574951172,421.8185770511627,1348.2004165649414,542.2814440727234,1349.124984741211,477.85953640937805,1349.3787002563477,554.5860886573792,1470.8601379394531,480.6841278076172,1483.6146926879883,549.8682546615601,1541.4051818847656,481.56816244125366,1611.2005233764648
473,15.76716247379455,True,166.5,179.1,172.6,179.1,170.3,171.2,18.3,22.0,558.0358386039734,1179.598045349121,445.0050938129425,1183.5046005249023,575.7359719276428,1260.9991836547852,427.86378264427185,1267.8640365600586,574.1316676139832,1335.4957580566406,409.7368884086609,1350.3047561645508,540.1511478424072,1348.934211730957,475.76178073883057,1349.4054794311523,548.0947136878967,1472.4169921875,479.748272895813,1484.286117553711,542.5606942176819,1556.4727020263672,481.5708661079407,1611.3914108276367
474,15.800496855345912,True,170.2,176.4,177.3,178.8,171.9,172.2,20.1,23.5,555.5604386329651,1178.7239456176758,442.1079218387604,1182.0544052124023,575.2372741699219,1260.6497955322266,422.19435453414917,1266.6043853759766,579.997980594635,1334.4776916503906,398.66711139678955,1344.096336364746,535.8228027820587,1349.0943145751953,472.6230490207672,1350.1912307739258,539.2020320892334,1474.734764099121,478.3721709251404,1484.6071243286133,537.1512365341187,1577.3945617675781,481.071492433548,1611.134147644043
475,15.833831236897275,True,172.0,175.3,179.0,179.9,173.3,171.7,22.5,26.2,553.5864400863647,1178.3366775512695,438.14927101135254,1181.3960266113281,576.1949515342712,1260.051498413086,414.54336404800415,1266.3432312011719,585.7729482650757,1332.7608489990234,387.3477280139923,1340.0309371948242,532.506594657898,1349.0119171142578,470.1406002044678,1350.4518127441406,531.8471574783325,1474.1550064086914,475.84240794181824,1483.0913543701172,533.2307589054108,1589.7318649291992,481.10194087028503,1610.8214950561523
476,15.867165618448638,True,171.9,175.1,178.8,179.8,174.1,173.2,25.1,28.2,551.3167762756348,1177.6221084594727,435.68532943725586,1180.8090591430664,576.7046570777893,1258.8727569580078,408.8628315925598,1262.6536560058594,588.5111832618713,1331.3896179199219,379.27889227867126,1332.2615432739258,527.9425799846649,1349.238395690918,465.9173119068146,1350.875244140625,523.8685405254364,1477.6368713378906,473.4299969673157,1482.9109954833984,522.5225329399109,1609.4400787353516,481.1326789855957,1609.786262512207
477,15.900500000000001,True,172.1,174.8,180.0,179.5,176.2,173.9,27.4,31.2,549.2876100540161,1177.4843215942383,433.69555950164795,1180.733642578125,577.4483585357666,1256.1127853393555,405.02442955970764,1254.0617752075195,591.940655708313,1325.2968978881836,373.9379918575287,1316.3618087768555,526.055098772049,1350.2986907958984,463.4745168685913,1352.585220336914,517.0866179466248,1484.1166305541992,472.00522899627686,1484.6351623535156,507.7756726741791,1623.0737686157227,481.1606168746948,1609.1001892089844
478,15.933834381551364,True,171.9,178.1,179.6,179.4,175.8,174.7,29.0,34.1,548.0389022827148,1177.591209411621,431.1744225025177,1180.8137512207031,577.6691579818726,1254.4871520996094,400.6862998008728,1247.416648864746,593.1684422492981,1321.830940246582,371.98198556900024,1305.051040649414,522.5083065032959,1360.5046463012695,461.47406101226807,1361.253547668457,513.1527185440063,1502.93701171875,471.8142020702362,1499.9751663208008,504.18436646461487,1654.306983947754,482.6552617549896,1627.547264099121
479,15.967168763102725,True,171.5,177.5,177.2,179.6,175.1,176.0,31.1,35.7,546.8717551231384,1178.331413269043,427.9573166370392,1181.733169555664,578.0874538421631,1254.4462966918945,395.06309151649475,1247.6575469970703,594.1662240028381,1319.6940994262695,374.3082010746002,1294.1540908813477,517.6286709308624,1366.222915649414,457.42599606513977,1364.9547958374023,507.75378584861755,1508.883934020996,470.13113737106323,1505.2435684204102,490.9481155872345,1651.1065292358398,482.5330173969269,1633.0218887329102
480,16.00050314465409,True,169.5,173.8,179.2,178.6,175.9,177.3,33.0,37.4,545.5654978752136,1179.7119140625,426.8668055534363,1182.5585174560547,578.2259202003479,1253.0473709106445,389.9549639225006,1248.6966705322266,593.5598945617676,1316.9337844848633,374.9872398376465,1283.95751953125,515.3894555568695,1369.332504272461,453.8864779472351,1368.6674880981445,503.246773481369,1510.5750274658203,467.64936447143555,1509.0907287597656,493.2981491088867,1650.3191757202148,482.8601932525635,1633.6509704589844
481,16.033837526205453,True,169.5,173.9,179.7,178.8,175.6,178.8,35.2,37.5,544.6620225906372,1181.2322616577148,423.85247468948364,1185.0637435913086,579.4342017173767,1253.074722290039,384.17619824409485,1254.4378280639648,595.895025730133,1313.3148193359375,377.35140323638916,1270.0036239624023,513.5391819477081,1370.7552337646484,449.0705072879791,1370.3480529785156,501.3055086135864,1513.6772918701172,465.3840458393097,1512.1418380737305,488.64816427230835,1653.119888305664,482.7639877796173,1639.3644332885742
482,16.067171907756816,True,169.7,158.2,177.8,179.3,175.9,179.1,37.0,36.5,543.7590622901917,1183.8166809082031,422.60273694992065,1186.6394805908203,579.869749546051,1253.0883407592773,382.47214794158936,1258.8947296142578,595.1951622962952,1302.3723220825195,381.50301218032837,1266.5281677246094,511.9567322731018,1374.2625045776367,446.94085478782654,1373.7165069580078,498.3392322063446,1519.236946105957,463.36109161376953,1517.7515029907227,479.0087556838989,1663.9072036743164,479.7614371776581,1647.8446197509766
483,16.100506289308175,True,169.6,133.1,176.1,179.5,175.5,179.0,38.6,36.2,543.1285929679871,1185.49072265625,421.37073397636414,1188.4738540649414,580.052182674408,1253.2739639282227,380.5214202404022,1262.1837615966797,594.7239518165588,1297.9639434814453,381.4955449104309,1265.2046585083008,509.12927627563477,1377.853660583496,445.1428198814392,1376.9190216064453,494.7761857509613,1526.8730163574219,461.0623633861542,1523.499984741211,469.18968200683594,1681.6730117797852,477.45633602142334,1662.2673797607422
484,16.133840670859538,True,168.6,96.8,176.4,177.7,175.6,179.6,38.9,35.1,543.1905198097229,1187.3390579223633,420.4790389537811,1189.3746185302734,580.0900340080261,1254.5900344848633,380.0363051891327,1263.9268112182617,594.411678314209,1300.4172134399414,381.93601727485657,1265.2717208862305,508.4241020679474,1381.2537002563477,442.61022448539734,1379.71435546875,493.1743597984314,1532.5862503051758,459.3274140357971,1533.1257247924805,467.83302068710327,1686.181297302246,468.538613319397,1668.8074493408203
485,16.1671750524109,True,169.1,116.5,173.1,178.9,175.7,178.8,37.9,33.4,543.6897325515747,1189.497299194336,420.00110149383545,1191.0591888427734,579.9852347373962,1258.5326385498047,380.7818412780762,1266.609992980957,592.7686214447021,1300.8566665649414,383.04921984672546,1269.7261047363281,508.01549434661865,1387.6778411865234,440.3422021865845,1384.9369812011719,491.63397789001465,1545.2205276489258,453.6701202392578,1543.2230758666992,455.69278478622437,1702.693862915039,468.39741110801697,1685.3808975219727
486,16.200509433962264,True,165.7,61.1,173.6,172.5,175.9,176.6,36.5,31.6,544.1405367851257,1191.595115661621,420.9713315963745,1191.6801452636719,580.0399518013,1265.1474380493164,382.5112223625183,1270.0659942626953,589.7355580329895,1312.100601196289,386.18576288223267,1269.891586303711,508.04648995399475,1387.517967224121,439.2793393135071,1384.0477752685547,490.41343331336975,1546.0939407348633,445.0416576862335,1542.4370956420898,456.22801423072815,1697.0858001708984,467.13347911834717,1673.8738632202148
487,16.233843815513627,True,162.4,137.8,175.5,166.7,176.9,172.0,36.0,30.4,544.2842173576355,1192.291259765625,421.57164216041565,1192.0105361938477,579.9404311180115,1266.339340209961,384.1295921802521,1271.440086364746,588.192150592804,1324.2454147338867,389.2708396911621,1288.3050155639648,508.7181580066681,1387.5386810302734,439.0726697444916,1384.6191787719727,488.7916839122772,1543.7020111083984,431.51933312416077,1538.7733840942383,456.8314790725708,1696.8754577636719,445.735502243042,1615.7176208496094
488,16.26717819706499,True,160.7,147.8,176.5,156.9,177.5,170.2,34.6,29.7,544.3335914611816,1192.854995727539,421.05427622795105,1192.877426147461,578.466546535492,1268.1622695922852,384.78352546691895,1270.8075714111328,584.1964530944824,1332.934913635254,389.5211863517761,1308.0735397338867,508.28776001930237,1392.1062469482422,437.36018657684326,1388.7542724609375,486.88743352890015,1548.6779022216797,423.56595039367676,1544.004249572754,456.7261326313019,1699.7851181030273,439.4717502593994,1592.930030822754
489,16.300512578616352,True,160.5,154.1,175.2,150.6,177.3,167.9,31.4,27.7,544.4700622558594,1192.763557434082,419.2260503768921,1193.0512619018555,575.2158379554749,1271.5771865844727,385.55822253227234,1272.0750045776367,577.4990844726562,1342.983627319336,388.7030053138733,1335.853385925293,508.5723853111267,1394.82421875,435.20079374313354,1390.272216796875,488.3386266231537,1551.7571640014648,415.0644636154175,1543.4492111206055,457.603440284729,1694.8032760620117,431.2073814868927,1583.5788345336914
490,16.333846960167715,True,163.9,160.8,174.5,145.1,177.1,166.7,26.6,26.1,544.5398426055908,1192.5724411010742,418.21919202804565,1192.9711532592773,569.9429798126221,1277.6232147216797,385.6676244735718,1278.3459091186523,570.6202483177185,1354.0341567993164,383.35933685302734,1358.6487579345703,508.9734613895416,1394.4631576538086,436.17639899253845,1390.154914855957,489.85795855522156,1548.3405303955078,414.5260798931122,1542.2768783569336,456.70836567878723,1697.4371337890625,435.46144008636475,1583.7345886230469
491,16.36718134171908,True,168.8,167.6,174.5,165.3,176.9,167.4,21.4,23.6,544.5976495742798,1192.4422073364258,416.98461413383484,1191.9990921020508,563.1364989280701,1284.1542434692383,385.7620596885681,1288.0034637451172,563.5323286056519,1370.672378540039,376.7028772830963,1380.212516784668,509.39883828163147,1392.94189453125,436.4346957206726,1389.2143249511719,490.7277989387512,1548.4078216552734,417.72480726242065,1542.762680053711,458.300085067749,1696.5131378173828,429.313462972641,1627.3988342285156
492,16.40051572327044,True,175.2,171.9,174.6,172.2,177.0,167.9,15.6,21.9,544.8301005363464,1192.2893142700195,415.43943643569946,1191.8899154663086,554.531500339508,1288.5365295410156,385.87432622909546,1297.6411056518555,556.1442375183105,1380.8722686767578,372.5917911529541,1398.4284210205078,510.1133465766907,1391.9920349121094,437.0087742805481,1389.4452667236328,491.2840139865875,1549.3202590942383,421.2939691543579,1543.2942581176758,459.0811550617218,1697.8734970092773,425.77104806900024,1672.6295471191406
493,16.433850104821804,True,175.8,174.4,175.0,172.9,176.8,167.3,12.7,20.6,545.0816059112549,1192.1569061279297,413.78984570503235,1192.5418853759766,550.1207256317139,1292.7109909057617,386.3662648200989,1303.531837463379,547.822995185852,1389.2676544189453,371.894406080246,1402.4845504760742,510.2276086807251,1392.3040008544922,437.20810532569885,1390.623779296875,491.6310167312622,1550.8509063720703,420.79498171806335,1547.197608947754,460.2050757408142,1702.349967956543,423.56125116348267,1689.4293594360352
494,16.467184486373167,True,173.9,175.5,174.9,176.0,176.5,167.6,11.7,19.4,545.2727937698364,1192.8505325317383,412.2355914115906,1195.05615234375,548.6843705177307,1299.2700576782227,386.7723619937897,1310.0050735473633,541.3658022880554,1397.9165267944336,372.93959856033325,1408.2477951049805,509.24450397491455,1399.9679946899414,436.85913920402527,1397.3344802856445,491.65013551712036,1557.3370742797852,421.58886194229126,1557.3041152954102,462.46707916259766,1700.6611633300781,417.7424132823944,1708.5907745361328
495,16.50051886792453,True,173.3,176.7,174.7,178.9,176.1,167.7,11.4,18.5,545.2756905555725,1194.8855209350586,408.9569127559662,1198.6316299438477,547.884213924408,1304.648208618164,386.861035823822,1312.7296829223633,538.7535452842712,1403.2685852050781,373.83325695991516,1409.168586730957,507.89981603622437,1406.6099166870117,436.078519821167,1403.9972305297852,490.98686814308167,1563.6269760131836,422.4888610839844,1566.5509414672852,463.31239342689514,1699.9317169189453,411.7001688480377,1732.4626922607422
496,16.533853249475893,True,174.9,177.7,176.1,178.6,176.7,167.2,11.2,17.8,545.0368666648865,1199.2854309082031,405.35942673683167,1204.3840026855469,547.1969032287598,1307.3905563354492,386.5679132938385,1315.9210968017578,540.4013013839722,1405.0756072998047,374.0512239933014,1414.1070556640625,506.8946635723114,1413.9983367919922,435.196738243103,1411.0734558105469,488.143093585968,1571.3348007202148,422.02321887016296,1576.7903137207031,463.3602547645569,1702.4981689453125,411.5193772315979,1765.4387283325195
497,16.567187631027252,True,172.9,178.2,177.2,178.0,177.0,167.0,12.9,17.4,543.9001679420471,1203.9725875854492,402.44287848472595,1209.972038269043,549.6008491516113,1308.9912414550781,386.2136685848236,1318.3142852783203,542.8467679023743,1406.5363311767578,375.0484263896942,1413.1186294555664,506.70669436454773,1418.9048767089844,434.56697702407837,1415.8296203613281,487.98354506492615,1576.4148330688477,422.54106760025024,1580.6453704833984,465.87987899780273,1707.934799194336,415.29128193855286,1771.0898208618164
498,16.600522012578615,True,172.0,176.6,177.3,177.9,177.6,166.6,13.8,18.0,541.842291355133,1210.5181503295898,400.17054319381714,1216.9902420043945,549.8737907409668,1312.3065948486328,384.06570196151733,1323.3295440673828,543.7974286079407,1411.2406539916992,375.42288422584534,1417.4751663208008,506.88735723495483,1424.5557403564453,434.49925661087036,1424.043846130371,487.77140378952026,1583.96484375,422.7885174751282,1591.845703125,466.2184488773346,1712.4383926391602,416.0781133174896,1796.0283279418945
499,16.633856394129978,True,172.1,174.1,177.7,177.8,178.3,166.7,14.2,20.2,540.2765464782715,1218.622169494629,398.8778042793274,1224.917106628418,549.9631404876709,1320.783576965332,379.20193433761597,1328.9451599121094,545.5501770973206,1421.4785385131836,370.9949541091919,1427.0018005371094,507.0234417915344,1433.975944519043,434.08607840538025,1436.1204528808594,487.6437842845917,1590.0858306884766,423.0097997188568,1600.7504653930664,466.2076985836029,1719.7459030151367,416.8535506725311,1811.8938446044922
500,16.66719077568134,True,170.0,176.0,177.1,177.2,179.1,165.8,15.5,19.7,537.1888947486877,1226.4612579345703,394.2319715023041,1237.9241180419922,550.6526398658752,1326.752586364746,377.3016428947449,1343.763542175293,546.5165448188782,1429.2539978027344,368.2160675525665,1444.962387084961,507.11877822875977,1443.3430480957031,433.63147616386414,1447.8905868530273,488.8992190361023,1592.0299530029297,423.1723415851593,1615.1209259033203,467.03933358192444,1717.8263854980469,420.4006004333496,1827.062873840332
501,16.700525157232704,True,167.5,179.1,168.9,178.0,177.2,165.3,17.1,18.2,533.6218893527985,1235.5165100097656,389.28226590156555,1249.4411087036133,551.1168336868286,1332.4055099487305,377.0960998535156,1359.8484420776367,547.001531124115,1435.894546508789,367.637482881546,1460.8130264282227,507.4750828742981,1453.7199783325195,433.34887862205505,1459.211769104004,496.8222498893738,1605.0433731079102,424.9784553050995,1627.8190612792969,466.95812702178955,1715.4583740234375,422.07207798957825,1833.838233947754
502,16.733859538784067,True,163.8,178.9,153.4,178.6,173.6,165.8,19.6,17.7,528.6324977874756,1246.9612884521484,384.80422139167786,1264.4432830810547,551.3456797599792,1338.8665008544922,374.11418080329895,1382.9510879516602,547.306981086731,1440.7593154907227,362.99171447753906,1485.03662109375,507.0274329185486,1462.5010299682617,430.3300738334656,1468.8661193847656,508.78356099128723,1612.4574279785156,425.4266846179962,1640.1643753051758,468.214430809021,1695.8744430541992,424.70393657684326,1839.7949981689453
503,16.76719392033543,True,163.6,179.8,132.3,176.8,167.3,165.8,20.6,18.8,528.8213360309601,1263.434715270996,382.2937059402466,1281.2499618530273,551.2560725212097,1349.0446472167969,370.19962549209595,1399.101333618164,548.2490158081055,1449.0262985229492,358.9314830303192,1505.2720642089844,507.075777053833,1472.3597717285156,427.81479477882385,1479.5708084106445,524.4929265975952,1620.2220153808594,423.9507722854614,1651.0852432250977,468.3343255519867,1684.8820495605469,430.4651606082916,1846.6400527954102
504,16.800528301886793,True,165.7,177.7,108.1,175.8,158.1,166.1,20.6,21.2,528.893723487854,1275.8721542358398,382.7588975429535,1295.6427383422852,551.5057110786438,1364.340934753418,365.67137002944946,1413.789939880371,551.5203881263733,1462.5114440917969,353.0013120174408,1535.5048370361328,506.467741727829,1481.2410736083984,426.8721807003021,1487.7274703979492,546.4743804931641,1623.4981155395508,424.0468168258667,1650.502052307129,468.3376407623291,1675.7417678833008,434.6794044971466,1841.5041732788086
505,16.833862683438156,True,162.4,178.2,105.3,176.5,156.4,165.5,22.9,22.8,526.5506100654602,1295.680160522461,377.60281205177307,1328.2126235961914,555.847864151001,1392.4346923828125,360.7220506668091,1445.5753326416016,554.7056937217712,1478.4233093261719,347.46413826942444,1563.2734680175781,505.6288003921509,1492.7742004394531,422.5415503978729,1500.2668762207031,547.5430369377136,1625.3093719482422,422.89466857910156,1646.085319519043,468.40738892555237,1676.4284133911133,435.4915988445282,1843.1513214111328
506,16.86719706498952,True,158.8,178.5,114.0,172.5,154.4,161.0,28.1,24.0,524.1468572616577,1313.9548873901367,373.03470969200134,1359.957504272461,556.9002985954285,1400.789794921875,360.6218218803406,1480.3578186035156,555.9814381599426,1495.696792602539,345.7671046257019,1595.332145690918,500.94125390052795,1491.668586730957,419.09366726875305,1500.977554321289,544.192099571228,1623.4947967529297,416.5161716938019,1660.1593780517578,469.07007694244385,1691.447410583496,437.5208294391632,1841.0942459106445
507,16.90053144654088,True,152.8,177.2,131.4,173.6,154.8,161.5,34.1,23.1,524.8955154418945,1333.058853149414,371.8994915485382,1372.2126388549805,560.5917048454285,1407.5217819213867,362.26603746414185,1502.7379989624023,557.7632188796997,1512.2589111328125,347.1748459339142,1624.673080444336,501.3549792766571,1490.1183700561523,414.6970868110657,1497.0544052124023,540.0380444526672,1619.1796875,415.92068910598755,1665.791015625,473.35516333580017,1726.2975311279297,437.2830355167389,1844.051170349121
508,16.933865828092244,True,147.9,175.7,150.5,177.7,159.9,165.3,38.9,24.7,523.5863614082336,1349.703369140625,372.8526306152344,1389.7033309936523,563.0419993400574,1419.8902130126953,363.24917435646057,1538.869514465332,557.8192234039307,1528.5145568847656,346.5000879764557,1658.7407684326172,500.65669298171997,1486.036720275879,411.3896334171295,1489.8567581176758,527.7842545509338,1632.3604202270508,430.0831711292267,1658.7092971801758,473.1687068939209,1790.7160949707031,442.5632965564728,1837.276954650879
509,16.967200209643607,True,133.7,176.3,156.9,174.9,157.0,157.4,53.8,32.9,524.0428948402405,1370.8195495605469,374.2117702960968,1421.2956619262695,566.7325687408447,1418.5086822509766,368.693972826004,1547.8022003173828,557.6293230056763,1534.6535110473633,353.6723041534424,1686.7699813842773,500.9392583370209,1479.9177932739258,409.224157333374,1480.8892822265625,527.6384174823761,1616.3642120361328,432.8913152217865,1652.819480895996,488.50425839424133,1800.5363845825195,441.566287279129,1834.0143585205078
510,17.00053459119497,True,115.3,175.5,158.1,174.7,148.7,131.4,77.8,57.6,527.504585981369,1395.886116027832,375.1362633705139,1453.0509567260742,568.188943862915,1420.3732681274414,372.088748216629,1608.7508010864258,556.0436224937439,1540.3129577636719,358.4557342529297,1748.093376159668,501.0481131076813,1473.4501647949219,408.7547492980957,1475.2997589111328,532.5509798526764,1616.257095336914,432.4345886707306,1646.8046951293945,498.89782905578613,1818.182716369629,440.79818844795227,1836.6380310058594
511,17.033868972746333,True,106.5,176.7,158.8,175.1,137.5,124.4,96.5,64.7,535.345219373703,1418.2753372192383,376.9217777252197,1459.7417449951172,569.2284393310547,1433.5497665405273,372.0798325538635,1623.2764434814453,553.4316229820251,1549.4655990600586,359.3489098548889,1769.4233322143555,501.89674258232117,1474.3557357788086,408.80167722702026,1475.9864044189453,532.0165872573853,1619.65576171875,431.6821002960205,1652.8977584838867,496.43298625946045,1832.6282501220703,440.2358901500702,1854.166259765625
512,17.067203354297693,True,75.5,179.3,155.6,170.1,110.7,40.7,150.4,151.1,537.1776616573334,1443.932876586914,376.6757118701935,1522.7098846435547,571.660966873169,1441.0973739624023,372.48724937438965,1676.5809631347656,551.7807769775391,1556.3671875,367.11947321891785,1813.645248413086,498.9488124847412,1469.9916458129883,404.4720125198364,1475.4960250854492,535.751541852951,1621.786880493164,438.1369113922119,1662.9608917236328,495.7869064807892,1832.5734329223633,439.0881836414337,1847.208023071289
513,17.100537735849056,True,51.7,179.9,156.8,165.5,83.5,28.5,158.5,162.3,537.4577164649963,1467.0820999145508,377.34461188316345,1556.4558792114258,571.915819644928,1448.8005065917969,375.4386556148529,1699.1912841796875,551.8655562400818,1558.7370300292969,373.3374881744385,1840.6850051879883,499.3045699596405,1471.4182662963867,403.977370262146,1476.8162155151367,535.095226764679,1626.855354309082,436.8330681324005,1662.8509140014648,498.0140197277069,1832.4193954467773,422.68133640289307,1845.216178894043
514,17.13387211740042,True,49.1,178.9,156.5,166.6,58.2,25.8,134.1,164.8,537.9158270359039,1483.6727142333984,377.58060336112976,1574.8669052124023,577.0426154136658,1463.6247253417969,377.58436918258667,1707.6702117919922,552.3649621009827,1564.387550354004,380.65006971359253,1862.5556945800781,500.5958926677704,1471.0205841064453,403.8641381263733,1477.9455184936523,537.3395276069641,1629.6720886230469,438.073890209198,1661.1443710327148,500.5030345916748,1828.2809829711914,429.8415470123291,1826.2629318237305
515,17.16720649895178,True,61.5,179.9,158.1,166.3,63.3,26.3,152.2,161.8,537.6389908790588,1487.8287506103516,377.752286195755,1581.7001724243164,579.1037106513977,1478.1097412109375,383.471120595932,1713.3195877075195,553.2662487030029,1572.6131057739258,390.0328230857849,1871.652946472168,503.0845856666565,1478.8358688354492,403.6164629459381,1489.8464584350586,537.0018911361694,1636.494255065918,438.2304775714874,1675.3577041625977,503.223534822464,1832.9428482055664,429.32804346084595,1840.6259536743164
516,17.200540880503144,True,47.8,175.4,159.2,161.8,57.8,24.5,131.7,160.0,542.5910139083862,1496.9432830810547,380.2663743495941,1586.0791397094727,579.5140242576599,1478.3634567260742,392.0477628707886,1717.3987197875977,553.2143640518188,1573.4537887573242,393.47092151641846,1879.1595840454102,505.8888030052185,1482.4082565307617,404.20924186706543,1495.8163833618164,537.8761732578278,1653.7925720214844,437.9842507839203,1693.7884140014648,505.8800804615021,1831.0400390625,411.7345118522644,1868.5387802124023
517,17.233875262054507,True,33.1,176.3,157.9,162.5,46.5,25.4,107.0,158.8,545.4476308822632,1505.445785522461,380.9416151046753,1584.9008560180664,584.3686509132385,1472.1656799316406,393.4682822227478,1722.6830291748047,553.5118961334229,1577.1263122558594,397.71841406822205,1882.034797668457,510.2310848236084,1483.036880493164,406.80283069610596,1494.6227645874023,542.6132869720459,1649.7185897827148,438.96793484687805,1687.5925827026367,507.3359727859497,1830.0026321411133,414.34316396713257,1862.9236221313477
518,17.26720964360587,True,50.8,176.9,158.3,166.4,69.3,32.0,149.2,154.4,542.7810430526733,1488.204689025879,383.0603563785553,1569.543685913086,588.5437560081482,1470.5990982055664,393.8100063800812,1712.0790481567383,553.6112236976624,1577.0383071899414,411.8899083137512,1850.5549621582031,512.1454417705536,1482.9143142700195,412.41799235343933,1494.1026306152344,543.7210822105408,1646.4812850952148,447.9154944419861,1682.0313262939453,508.27314734458923,1832.446174621582,438.8695728778839,1858.9839935302734
519,17.300544025157233,True,63.4,167.5,151.6,163.6,85.8,39.5,177.9,150.2,533.1158530712128,1473.4771728515625,384.68178391456604,1554.4464111328125,591.646728515625,1466.2123489379883,396.8305170536041,1702.3593521118164,553.547043800354,1573.3978271484375,437.50657081604004,1833.5015487670898,508.36713194847107,1477.488670349121,413.5878109931946,1492.7570343017578,548.0786848068237,1643.7139892578125,461.26549243927,1678.0633163452148,498.52044224739075,1829.029769897461,455.4783260822296,1845.4079818725586
520,17.333878406708596,True,83.3,166.1,144.3,167.8,135.5,63.9,107.1,127.8,527.2201538085938,1453.2227325439453,382.4730169773102,1547.0668029785156,593.380937576294,1469.2500686645508,400.63177585601807,1696.0847854614258,552.7704477310181,1578.9729309082031,448.88765573501587,1822.6470565795898,508.70821237564087,1484.3392181396484,415.99494338035583,1513.8542175292969,547.4147415161133,1642.5091552734375,471.217657327652,1677.8779220581055,472.0281779766083,1829.3601608276367,489.3868124485016,1840.4170989990234
521,17.36721278825996,True,102.0,170.3,151.7,170.8,169.2,119.3,60.4,63.0,527.0100724697113,1430.676155090332,378.5287857055664,1506.9231033325195,592.4031114578247,1471.0209274291992,399.0047800540924,1627.3222732543945,552.6889514923096,1582.2922897338867,443.3187460899353,1753.7947082519531,524.5167124271393,1500.0711822509766,432.8523373603821,1523.8867950439453,546.6428446769714,1644.0796279907227,465.3681457042694,1677.4280548095703,481.09859347343445,1828.8044357299805,473.056697845459,1839.0139389038086
522,17.400547169811322,True,116.4,168.9,164.9,170.9,179.5,135.7,39.3,41.9,527.6121211051941,1401.5389251708984,374.3507194519043,1467.000846862793,593.0657029151917,1470.7915878295898,398.03242564201355,1581.1022186279297,552.6355218887329,1580.8259582519531,448.79981875419617,1701.7109298706055,534.2707371711731,1494.9065780639648,440.2137780189514,1515.5945205688477,546.1032700538635,1643.3526992797852,464.92538809776306,1666.8190383911133,511.58262848854065,1828.7596893310547,465.5807375907898,1830.2830123901367
523,17.433881551362685,True,129.0,171.2,170.0,173.1,179.7,142.6,29.2,29.8,527.7846729755402,1375.6321334838867,370.27899742126465,1440.0104141235352,588.9821362495422,1469.1014099121094,401.83767557144165,1559.0319442749023,552.6039147377014,1582.2431945800781,449.8367393016815,1668.5071563720703,536.0063624382019,1493.4909439086914,441.63581013679504,1512.2922134399414,545.5636954307556,1643.0243682861328,459.26580905914307,1651.2658309936523,525.1198875904083,1826.0572814941406,460.1651966571808,1822.5124740600586
524,17.467215932914048,True,135.3,171.9,177.4,172.6,172.7,138.6,19.0,27.8,528.0021250247955,1356.9085693359375,370.35476446151733,1407.7341842651367,581.2615585327148,1464.6619033813477,402.82068371772766,1523.7768173217773,542.4441146850586,1581.690788269043,450.043762922287,1631.1677169799805,544.5298647880554,1485.9912872314453,453.001606464386,1494.9345016479492,544.5650768280029,1633.384666442871,457.8512120246887,1632.722053527832,535.9680926799774,1825.2680969238281,439.79239225387573,1823.1653594970703
525,17.50055031446541,True,129.2,172.1,179.2,174.0,163.6,138.9,18.5,22.7,510.6963086128235,1334.978141784668,369.3512535095215,1367.6239013671875,575.180561542511,1438.8145065307617,401.80880427360535,1478.2527923583984,531.0626113414764,1567.4384307861328,451.3599979877472,1588.1274032592773,547.087984085083,1488.207664489746,459.2988646030426,1478.4513473510742,539.1078543663025,1638.211784362793,453.50526094436646,1640.4541397094727,531.7209541797638,1825.4057693481445,426.58910036087036,1830.790672302246
526,17.533884696016774,True,135.5,170.7,175.6,177.9,158.5,134.1,11.8,23.3,510.5157423019409,1313.0291748046875,370.07441997528076,1329.8889541625977,566.8736743927002,1419.6369552612305,400.42980551719666,1435.6451797485352,530.7435142993927,1540.2054977416992,453.20895195007324,1547.2846984863281,555.1851439476013,1467.784538269043,474.5812439918518,1457.5366973876953,538.9180183410645,1640.1662063598633,453.37464809417725,1640.9351348876953,535.7870435714722,1825.737648010254,424.54310059547424,1828.8375091552734
527,17.567219077568133,True,139.2,169.1,174.5,175.2,157.2,139.1,10.9,19.6,508.4161841869354,1274.0727996826172,375.46778440475464,1308.1903839111328,562.2774410247803,1383.182258605957,402.8800356388092,1412.2218704223633,531.4934599399567,1501.6778182983398,454.86263036727905,1520.2465438842773,562.118890285492,1469.9566268920898,483.41386556625366,1465.7717514038086,539.1176068782806,1645.2436065673828,463.55942487716675,1640.5548477172852,532.9158461093903,1829.2957305908203,428.1837809085846,1818.4032440185547
528,17.600553459119496,True,133.6,178.2,173.9,175.4,154.2,144.5,11.0,14.8,496.8774175643921,1256.744155883789,383.32235455513,1276.0190963745117,560.6271743774414,1368.6268615722656,414.3708121776581,1380.2923965454102,526.2033176422119,1482.8751754760742,451.1232340335846,1490.6278610229492,562.6558899879456,1451.7779159545898,486.8453335762024,1446.0119247436523,538.9840006828308,1641.0859680175781,474.6227967739105,1614.0312194824219,535.7164907455444,1828.9694595336914,445.60929894447327,1802.893295288086
529,17.63388784067086,True,125.0,178.5,170.8,177.5,149.5,145.0,8.8,14.5,491.4420819282532,1241.2546920776367,399.72041487693787,1249.9416732788086,556.0034537315369,1354.153175354004,427.0361065864563,1359.5170211791992,502.1759283542633,1468.2948303222656,449.47502732276917,1460.9780502319336,564.9090099334717,1433.2440948486328,494.0684688091278,1423.5382461547852,531.7100751399994,1630.9711074829102,475.55919885635376,1586.7781448364258,530.501697063446,1828.4599685668945,463.22623014450073,1765.389289855957
530,17.66722222222222,True,125.9,172.2,169.9,169.3,147.1,142.4,6.8,19.5,482.7513384819031,1218.6674880981445,420.6295430660248,1242.6652908325195,549.093074798584,1337.0753860473633,434.68056321144104,1355.7841873168945,494.0749704837799,1456.1337661743164,433.4946835041046,1445.7000732421875,567.3198437690735,1423.2911682128906,511.5438115596771,1424.2136764526367,531.7664337158203,1617.0468521118164,479.34240102767944,1589.1783142089844,530.8038318157196,1823.8434219360352,478.42878699302673,1760.752830505371
531,17.700556603773585,True,129.2,159.0,163.7,162.5,143.1,144.6,2.0,19.0,482.893248796463,1209.4124221801758,434.24208641052246,1218.9095306396484,542.896785736084,1333.2979202270508,447.1277940273285,1337.3785400390625,489.3133306503296,1448.3292388916016,423.04903507232666,1428.8737106323242,570.0818967819214,1406.8073272705078,522.3260021209717,1405.8037948608398,527.076827287674,1592.6482772827148,491.9954323768616,1574.2244338989258,538.8969683647156,1799.5743942260742,513.833817243576,1745.9147644042969
532,17.733890985324948,True,130.6,152.9,160.7,164.5,144.3,148.0,1.3,19.4,483.3635902404785,1195.0183868408203,445.1588487625122,1213.971061706543,537.9527449607849,1316.5256881713867,456.80733919143677,1329.111671447754,484.5003855228424,1430.2030563354492,420.50337195396423,1422.1886444091797,570.6246256828308,1402.1110153198242,533.8589429855347,1402.9258346557617,527.6605939865112,1590.8601379394531,513.249374628067,1573.4810256958008,550.3912210464478,1791.9478225708008,539.1822373867035,1743.8138580322266
533,17.76722536687631,True,129.2,148.1,157.9,165.9,146.4,156.1,0.6,16.6,478.93929719924927,1188.2270050048828,458.7633454799652,1192.9518127441406,531.5235543251038,1314.3668746948242,467.8952693939209,1315.619888305664,473.44512462615967,1422.98583984375,422.6234972476959,1401.991195678711,567.5746321678162,1407.6549911499023,537.0150232315063,1398.4656143188477,528.2686614990234,1598.3561325073242,527.9079473018646,1567.046127319336,564.3333220481873,1794.2573547363281,559.107391834259,1728.0162048339844
534,17.800559748427673,True,129.1,143.6,155.1,152.6,147.9,149.0,2.4,14.1,475.18776655197144,1183.5187911987305,480.2931582927704,1182.1348571777344,519.2679297924042,1313.701400756836,488.63815426826477,1313.470230102539,454.26409006118774,1416.7980194091797,432.39065408706665,1400.79345703125,565.1252388954163,1416.7743301391602,550.8283138275146,1402.8948211669922,528.7648808956146,1602.7235412597656,514.3046414852142,1557.7197647094727,576.7475938796997,1797.7031707763672,554.9269437789917,1719.367332458496
535,17.833894129979036,True,140.1,141.9,158.0,158.1,152.8,154.4,10.6,9.4,467.9657256603241,1188.7378692626953,498.51406931877136,1181.770362854004,490.3602933883667,1319.823989868164,511.40740513801575,1315.0426483154297,437.56251096725464,1410.3742218017578,457.38354206085205,1399.4912338256836,553.405294418335,1419.301414489746,558.5743188858032,1407.3700332641602,529.6839022636414,1616.3503646850586,529.793883562088,1560.1259994506836,582.2054600715637,1810.8552932739258,560.6347703933716,1715.496826171875
536,17.8672285115304,True,147.9,148.4,162.9,166.2,159.5,163.7,9.9,8.2,464.0617275238037,1184.6507263183594,515.6536746025085,1172.5385284423828,482.66520738601685,1317.3979568481445,524.0516495704651,1301.4253234863281,441.0001587867737,1410.5472564697266,474.92708802223206,1394.446907043457,540.9807872772217,1422.6314163208008,566.1418175697327,1410.6147766113281,531.8977546691895,1625.2143859863281,552.5794529914856,1590.878562927246,583.1845092773438,1823.4782409667969,576.4958953857422,1734.0793991088867
537,17.900562893081762,True,153.4,155.3,166.0,165.0,162.5,164.3,10.8,5.5,459.3230366706848,1187.080307006836,534.5269095897675,1168.5035705566406,474.4927954673767,1316.0761642456055,543.9668583869934,1291.0701370239258,441.9485020637512,1406.154899597168,512.2951090335846,1376.886863708496,534.0349066257477,1424.6431732177734,577.2114658355713,1412.688331604004,533.9316523075104,1627.134132385254,559.4619584083557,1589.1049575805664,582.9987287521362,1823.9119720458984,583.8885569572449,1738.8123321533203
538,17.933897274633125,True,158.3,161.4,169.2,173.7,165.1,168.3,11.3,3.2,456.3400876522064,1187.9120635986328,547.1896290779114,1173.6039733886719,468.3176851272583,1316.0860061645508,556.8203473091125,1287.677993774414,442.64617681503296,1403.4736633300781,535.462474822998,1375.085792541504,527.4426913261414,1425.4814529418945,581.2202954292297,1414.6747970581055,533.5786628723145,1627.192268371582,569.946391582489,1589.403419494629,577.3275947570801,1824.5829391479492,577.4890422821045,1755.391845703125
539,17.967231656184488,True,163.5,152.4,169.3,177.6,165.9,172.3,12.0,8.0,453.17464113235474,1190.6635665893555,564.8331141471863,1177.5389099121094,462.36324548721313,1313.0938339233398,559.589352607727,1277.8375625610352,444.1517651081085,1397.0021438598633,528.9269399642944,1329.6331787109375,521.5949821472168,1424.7821044921875,585.5003929138184,1414.995346069336,529.0761244297028,1624.6297073364258,577.2212505340576,1585.865135192871,574.0542912483215,1822.159538269043,576.2219882011414,1756.6266632080078
540,18.00056603773585,True,168.5,148.7,167.3,177.2,165.5,173.8,12.6,11.6,451.19558930397034,1192.5123596191406,575.073573589325,1179.2498016357422,457.88745403289795,1311.778450012207,560.0438261032104,1276.5067291259766,445.7328951358795,1395.3829193115234,521.0253775119781,1322.8205108642578,517.2455549240112,1425.5839920043945,586.83922290802,1415.5342483520508,521.7413985729218,1620.8539581298828,577.0796298980713,1582.7398681640625,569.3952941894531,1811.9242858886719,575.4477095603943,1755.7588577270508
541,18.033900419287214,True,175.1,155.6,164.9,179.9,165.1,175.9,12.5,4.1,450.8220970630646,1195.1533126831055,580.2987313270569,1179.4270706176758,456.4994430541992,1312.7690505981445,575.3837871551514,1274.7488021850586,453.38308095932007,1396.1302185058594,547.6399183273315,1328.2816314697266,514.1107177734375,1427.0991897583008,585.0796508789062,1416.9677352905273,515.3091502189636,1620.724983215332,576.4852094650269,1582.932472229004,564.8585414886475,1800.0817108154297,568.1165242195129,1752.857666015625
542,18.067234800838573,True,179.1,143.9,161.9,177.9,163.6,178.7,10.2,0.8,452.886700630188,1196.8970489501953,589.3056106567383,1182.161865234375,461.73049092292786,1315.5572891235352,589.3746185302734,1281.3452911376953,465.9998059272766,1389.158935546875,555.1510262489319,1328.3215713500977,512.4969506263733,1427.2050476074219,586.1654305458069,1417.4503326416016,506.528445482254,1609.4693756103516,580.3671598434448,1575.706672668457,552.7081990242004,1768.5419082641602,568.2439827919006,1739.6000289916992
543,18.100569182389936,True,128.5,80.2,158.1,178.3,161.8,179.8,7.8,6.0,454.50748443603516,1197.7007675170898,595.9166550636292,1177.7867889404297,466.72693133354187,1309.610252380371,601.0757660865784,1260.8399963378906,516.9101071357727,1341.3527297973633,568.3960962295532,1257.2759628295898,511.7650294303894,1426.769027709961,585.7256984710693,1417.558937072754,499.50406193733215,1596.4255142211914,578.6619830131531,1571.5584182739258,547.0546388626099,1744.9671936035156,566.5969347953796,1731.1786651611328
544,18.1339035639413,True,92.0,65.6,156.7,179.5,161.9,180.0,6.1,2.1,455.50516963005066,1195.9470748901367,596.8866920471191,1174.2165756225586,468.6472427845001,1298.602638244629,596.0135364532471,1231.5467834472656,529.4907832145691,1292.9673385620117,555.0146842002869,1212.1863555908203,510.1033043861389,1425.16845703125,584.4547820091248,1417.1368789672852,496.9830536842346,1585.6254959106445,576.6008234024048,1568.961067199707,545.8324527740479,1730.7338333129883,567.1806049346924,1723.769187927246
545,18.167237945492662,True,79.7,55.1,154.6,180.0,157.9,179.6,5.2,14.8,455.57063698768616,1195.0798416137695,599.833881855011,1174.9394989013672,469.1834056377411,1282.6542663574219,610.7868218421936,1229.7601318359375,530.5773997306824,1261.3944625854492,570.0119876861572,1211.9300079345703,511.4220178127289,1418.851661682129,585.0313711166382,1414.2426681518555,491.4506435394287,1559.4933700561523,576.8822622299194,1564.7219467163086,539.8524248600006,1714.8693466186523,568.6058235168457,1718.6255264282227
546,18.200572327044025,True,66.1,57.5,158.0,180.0,160.0,178.8,4.9,8.4,458.05015683174133,1195.0727462768555,601.3126587867737,1176.053466796875,469.6499490737915,1276.4715957641602,605.8862972259521,1238.2588577270508,524.4531762599945,1242.2198867797852,558.8719797134399,1213.000831604004,509.83280897140503,1418.6785125732422,584.0026259422302,1414.379768371582,492.9990077018738,1557.2853469848633,576.3480305671692,1564.772071838379,535.165843963623,1713.793830871582,568.5007667541504,1718.1184387207031
547,18.233906708595388,True,73.3,69.7,162.9,179.5,163.0,178.5,4.0,9.0,459.1542184352875,1193.8720321655273,601.0688781738281,1175.6573867797852,470.7130694389343,1275.2985763549805,606.3860249519348,1240.8559799194336,530.5911111831665,1247.6755142211914,565.9940814971924,1229.5194625854492,507.09837198257446,1417.7438735961914,582.8394055366516,1413.501205444336,495.07967233657837,1557.1204376220703,575.0832939147949,1565.4763412475586,528.038946390152,1709.732666015625,568.4786868095398,1720.085563659668
548,18.26724109014675,True,77.4,145.2,167.3,179.0,164.4,178.9,4.2,6.4,460.93265175819397,1189.9113464355469,600.2994275093079,1175.449104309082,471.27955198287964,1274.5848083496094,603.0215048789978,1251.0995864868164,527.1331858634949,1254.7111129760742,575.1065969467163,1294.4463729858398,504.9895441532135,1412.9914855957031,582.4697113037109,1409.970932006836,494.2952227592468,1550.7085418701172,574.0673589706421,1560.1305770874023,517.0336389541626,1707.9828643798828,567.9662775993347,1717.9075241088867
549,18.300575471698114,True,79.0,58.3,173.4,179.3,165.4,178.4,2.4,5.6,462.28931307792664,1188.167953491211,600.6292748451233,1176.0914611816406,473.6513113975525,1266.7096710205078,601.8743133544922,1248.0117416381836,527.4678289890289,1247.9826736450195,570.5082392692566,1229.3642807006836,503.7860906124115,1409.9357986450195,581.8455505371094,1407.465934753418,494.2636799812317,1544.9403762817383,573.7752985954285,1558.1904602050781,501.16411328315735,1700.7506561279297,567.1364450454712,1719.2961502075195
550,18.333909853249477,True,72.0,50.7,176.1,179.6,166.0,178.5,1.1,6.8,463.18857192993164,1188.3112335205078,600.2348613739014,1175.9630584716797,475.9216833114624,1267.5419998168945,602.8757643699646,1244.8917388916016,527.4260187149048,1241.2070846557617,564.8909211158752,1216.153450012207,502.56152272224426,1406.6717147827148,581.4986443519592,1406.059455871582,493.5808753967285,1541.4301300048828,573.1623387336731,1556.7102813720703,493.7975549697876,1692.5775146484375,563.0565476417542,1718.4112930297852
551,18.36724423480084,True,67.1,43.1,177.8,179.0,167.2,179.0,1.0,8.5,463.7113130092621,1188.3501434326172,597.7302360534668,1176.2929916381836,476.20778918266296,1269.9119567871094,602.4310755729675,1253.9781188964844,525.6354832649231,1239.4587707519531,562.3797297477722,1216.0743713378906,500.88444471359253,1404.839859008789,577.3607468605042,1405.1434707641602,493.2331323623657,1547.2101974487305,566.413471698761,1557.4241638183594,479.7116446495056,1693.989028930664,557.5912141799927,1719.671630859375
552,18.400578616352202,True,61.9,44.7,176.1,178.9,167.7,177.9,4.5,8.8,463.8817083835602,1189.0404510498047,596.1169195175171,1177.9570770263672,471.1446261405945,1272.597427368164,599.8938775062561,1254.2015075683594,517.9631853103638,1242.0566940307617,560.7040357589722,1218.3903121948242,499.55939054489136,1404.0888977050781,572.3123574256897,1405.1747131347656,492.3978281021118,1546.8880462646484,561.8330097198486,1558.1547546386719,476.9764995574951,1677.0898818969727,553.9742231369019,1720.290412902832
553,18.433912997903565,True,57.7,44.1,172.6,179.2,167.8,175.9,7.0,9.3,463.18886160850525,1193.4029388427734,594.9576258659363,1179.5330429077148,466.7199146747589,1281.4337539672852,598.4671139717102,1259.1294479370117,511.3431930541992,1250.6198501586914,567.1999168395996,1229.5912170410156,497.62887597084045,1404.342041015625,568.284924030304,1405.3255462646484,490.95407009124756,1536.1006164550781,561.1843228340149,1557.7473449707031,469.47919964790344,1654.5758056640625,551.3000392913818,1720.2959060668945
554,18.46724737945493,True,50.7,39.7,169.4,177.3,168.8,174.8,8.4,11.5,460.491760969162,1196.5605926513672,590.2079272270203,1181.3031005859375,462.24650502204895,1290.9459686279297,597.9036569595337,1269.3049621582031,504.6433460712433,1254.9086380004883,576.5945148468018,1247.739486694336,495.0383448600769,1403.6323928833008,564.8952341079712,1405.0215911865234,491.26569986343384,1527.0672225952148,561.468722820282,1556.4046096801758,468.53201508522034,1630.7933807373047,550.187029838562,1718.330955505371
555,18.50058176100629,True,122.9,52.3,171.9,174.6,170.0,175.2,10.5,9.0,455.5597257614136,1198.7117385864258,583.2855105400085,1182.8525161743164,454.9617004394531,1298.3372497558594,588.8110327720642,1270.6179428100586,500.536025762558,1328.1792068481445,571.7659592628479,1259.095573425293,492.17220067977905,1402.1369934082031,562.6580142974854,1402.8496170043945,492.7529740333557,1533.9325332641602,561.3039922714233,1553.5886764526367,477.54793882369995,1644.9567031860352,544.3289566040039,1717.1391677856445
556,18.533916142557654,True,112.2,80.4,174.5,175.6,170.7,176.1,10.5,6.0,450.7993412017822,1198.7197494506836,575.933403968811,1183.323097229004,451.7636489868164,1297.800064086914,577.698061466217,1263.5973358154297,499.5320963859558,1316.7435836791992,545.4496264457703,1258.8420867919922,489.64572072029114,1397.706298828125,558.3609867095947,1396.277961730957,493.7769556045532,1537.0042419433594,556.3089036941528,1539.5519256591797,485.61188220977783,1659.1501235961914,542.6774024963379,1689.7174072265625
557,18.567250524109014,True,65.3,64.0,173.2,171.5,173.0,176.3,10.0,6.7,448.06429266929626,1197.718391418457,567.6369452476501,1183.326301574707,449.1483986377716,1286.623649597168,571.3435435295105,1258.3184051513672,495.61972975730896,1264.511604309082,534.0012717247009,1242.3313522338867,484.32899236679077,1390.2345657348633,553.5545754432678,1392.3125839233398,493.237863779068,1528.2536315917969,553.2567858695984,1517.2760009765625,486.1125111579895,1660.810317993164,532.7833342552185,1651.8653869628906
558,18.600584905660376,True,71.7,57.2,175.6,169.1,173.6,174.4,8.5,4.4,448.3194351196289,1194.2499160766602,565.311598777771,1182.7262878417969,449.9201989173889,1258.8851165771484,565.7266116142273,1243.663101196289,495.34807562828064,1242.5882720947266,531.2683796882629,1221.7885208129883,481.4459502696991,1383.84521484375,550.9465026855469,1385.7155227661133,489.80794072151184,1519.5513153076172,554.1343188285828,1502.5077438354492,487.932368516922,1636.7885971069336,533.6938583850861,1626.5321731567383
559,18.63391928721174,True,146.8,104.8,176.2,168.3,175.9,172.6,1.9,0.1,448.8381850719452,1187.0348739624023,554.5312428474426,1178.2345962524414,458.11498045921326,1265.7584381103516,551.3033223152161,1239.5459747314453,479.7829055786133,1291.6965866088867,528.8828766345978,1244.2244338989258,477.2742247581482,1374.0979385375977,543.8890314102173,1375.8275985717773,487.53074526786804,1503.8731384277344,552.5945162773132,1491.6350555419922,489.01631355285645,1619.7060012817383,536.7570805549622,1613.5380935668945
560,18.667253668763102,True,152.4,122.7,178.9,172.6,174.1,173.2,4.0,3.3,452.4481272697449,1181.5288925170898,554.0488958358765,1174.1987228393555,458.17092061042786,1266.4136123657227,546.3364934921265,1238.4433364868164,431.5226483345032,1326.9022750854492,516.2610018253326,1253.0342102050781,477.8289270401001,1365.952262878418,541.950888633728,1370.5912399291992,481.92604422569275,1489.2831802368164,547.8434658050537,1473.1325912475586,488.54896545410156,1615.1680755615234,538.3759653568268,1604.831428527832
561,18.700588050314465,True,145.8,155.3,178.1,179.2,176.3,178.2,5.5,0.6,466.0261023044586,1177.6416778564453,543.7346005439758,1170.267219543457,464.8438596725464,1262.0892333984375,541.0692358016968,1241.026725769043,423.87970447540283,1320.6793212890625,520.5228817462921,1281.595230102539,480.1552391052246,1348.4537887573242,538.9924335479736,1348.4645462036133,482.4779140949249,1479.594383239746,539.4612944126129,1461.9684219360352,488.96944999694824,1606.7966079711914,538.2290661334991,1592.1662521362305
562,18.733922431865828,True,139.6,149.7,175.3,173.2,175.4,174.8,7.7,10.5,476.8336236476898,1174.7416305541992,535.2067852020264,1167.8776931762695,469.150253534317,1263.5137939453125,522.2899854183197,1246.010398864746,417.92153120040894,1314.2145538330078,476.88106656074524,1300.6813430786133,485.06941080093384,1346.0236358642578,538.5041642189026,1344.0202331542969,480.7088792324066,1482.2455215454102,530.0639605522156,1460.555305480957,487.3539447784424,1614.0424346923828,535.8537662029266,1586.510353088379
563,18.76725681341719,True,134.8,159.2,171.8,168.4,175.2,171.2,6.1,13.5,482.16264724731445,1170.0745010375977,527.2656977176666,1164.876823425293,475.4476726055145,1260.6869888305664,510.75199127197266,1246.1857223510742,418.78219842910767,1309.193458557129,474.07485365867615,1304.1818618774414,487.7222228050232,1344.2289733886719,533.4786915779114,1341.7809677124023,480.67801237106323,1479.9918365478516,520.0034236907959,1455.0480651855469,493.26390266418457,1616.6184997558594,530.4024016857147,1578.757553100586
564,18.800591194968554,True,126.4,147.3,169.3,165.7,175.3,169.2,4.8,14.9,486.42678022384644,1167.8857040405273,521.4136433601379,1162.5305557250977,479.78927850723267,1259.6833419799805,501.7568600177765,1246.868019104004,415.06633043289185,1300.5641555786133,450.85103273391724,1296.3157653808594,488.556432723999,1342.4390029907227,526.8755006790161,1337.9546356201172,479.08645391464233,1476.2422943115234,510.35564661026,1442.2361755371094,494.4225203990936,1607.1806716918945,521.8170690536499,1565.4502487182617
565,18.833925576519917,True,116.8,143.4,167.9,159.0,174.3,165.9,3.8,12.8,489.6757185459137,1165.9251022338867,515.4801571369171,1162.928466796875,484.4015407562256,1257.4792098999023,498.79190325737,1248.9152526855469,413.8674473762512,1288.1464004516602,446.64010405540466,1296.5616989135742,491.1037051677704,1342.8783416748047,521.1185252666473,1338.3999252319336,478.76320481300354,1477.6850509643555,499.3920850753784,1438.3349990844727,495.11675119400024,1612.6879119873047,517.6410627365112,1557.2441482543945
566,18.86725995807128,True,110.6,134.7,163.7,158.9,171.9,168.1,4.5,11.2,495.41048526763916,1166.5656280517578,507.6865482330322,1163.8502883911133,488.5010075569153,1256.0642623901367,492.2947669029236,1251.258773803711,415.35884141921997,1277.3358535766602,434.3820011615753,1291.4521408081055,495.58677077293396,1342.19970703125,511.1872172355652,1335.7109069824219,476.66123270988464,1475.9677505493164,491.94303274154663,1437.4543762207031,496.2414765357971,1611.7145919799805,513.9922392368317,1557.4944305419922
567,18.900594339622643,True,105.8,127.9,159.8,161.5,170.8,171.1,5.3,15.5,499.2044699192047,1167.7592468261719,500.1274824142456,1164.5042037963867,490.57883977890015,1255.447998046875,477.45961904525757,1251.2604904174805,419.08819556236267,1268.2382583618164,412.26539611816406,1279.2584609985352,498.33569169044495,1345.7743835449219,502.7225196361542,1338.8737106323242,475.80442786216736,1480.2367401123047,487.2139012813568,1448.7503814697266,500.99233388900757,1613.5002136230469,509.6131360530853,1569.5975875854492
568,18.933928721174006,True,98.8,120.1,156.1,169.6,170.8,174.2,2.6,15.1,503.39895129203796,1168.65234375,491.75567507743835,1164.9858856201172,498.1201708316803,1255.6739044189453,470.66478967666626,1250.5609130859375,423.1088054180145,1262.688331604004,398.0887198448181,1271.7491912841797,500.55691480636597,1347.099380493164,495.5309271812439,1337.859764099121,476.3726484775543,1482.4079132080078,486.3738012313843,1451.891212463379,508.36658477783203,1613.3707809448242,499.07588481903076,1576.1347961425781
569,18.96726310272537,True,94.7,117.6,156.3,169.6,170.9,172.7,0.3,14.4,507.8276216983795,1168.8547897338867,484.5661747455597,1167.476463317871,505.70476055145264,1255.8082580566406,467.60098814964294,1250.0880432128906,423.7973713874817,1260.5064010620117,402.2276473045349,1268.8152694702148,502.62245178222656,1347.1602630615234,492.9525947570801,1339.083595275879,476.7485225200653,1483.0202865600586,483.77628564834595,1454.622573852539,506.5764355659485,1612.68310546875,496.5650796890259,1579.427261352539
570,19.00059748427673,True,91.4,112.3,157.4,169.9,170.7,170.9,1.9,14.1,511.69901490211487,1168.8109588623047,472.5867748260498,1172.134666442871,512.1512353420258,1255.828628540039,461.2612760066986,1250.833625793457,425.88672637939453,1258.4220886230469,409.08337354660034,1263.9466094970703,506.66874647140503,1344.668083190918,489.8090672492981,1339.7703552246094,480.3008830547333,1481.1653137207031,483.26271772384644,1456.0082244873047,507.21845984458923,1611.7116165161133,498.3913743495941,1581.284065246582
571,19.033931865828094,True,84.7,110.1,159.2,169.7,170.4,170.2,5.3,12.1,513.3676278591156,1169.065933227539,467.92359352111816,1174.5198440551758,519.875739812851,1254.5343017578125,461.34029388427734,1251.4550399780273,431.7717719078064,1253.0889129638672,413.76200437545776,1264.3888092041016,510.5810487270355,1343.191795349121,488.75717997550964,1339.6202087402344,485.0135350227356,1480.3227996826172,483.3728277683258,1458.079833984375,508.7757396697998,1611.6038131713867,500.17338037490845,1581.6122817993164
572,19.067266247379454,True,82.5,111.3,161.0,171.6,169.1,171.3,5.2,10.9,515.4938364028931,1169.2722702026367,462.93079018592834,1176.192741394043,523.0365514755249,1253.005714416504,459.1671895980835,1251.9685363769531,442.995400428772,1249.7668075561523,421.2267315387726,1264.6610641479492,515.3869128227234,1340.3050231933594,485.8971834182739,1338.977394104004,489.8286044597626,1471.999855041504,484.4128704071045,1459.442481994629,508.3591818809509,1603.1523513793945,501.20914220809937,1583.752784729004
573,19.100600628930817,True,79.8,107.2,165.1,174.5,169.9,173.4,5.5,13.1,519.0339982509613,1169.1841506958008,461.42011642456055,1175.884895324707,526.9401955604553,1249.4010543823242,454.55602169036865,1249.1835021972656,454.2994952201843,1243.5552978515625,424.2991590499878,1255.5182647705078,519.5162487030029,1333.253517150879,482.9605829715729,1333.5932922363281,496.68140172958374,1464.158821105957,485.5819809436798,1458.2022857666016,508.28615069389343,1596.983757019043,499.9787485599518,1581.5636444091797
574,19.13393501048218,True,76.5,81.7,167.1,175.2,170.8,172.8,6.0,19.2,524.2783713340759,1169.2952728271484,456.89141035079956,1175.786476135254,531.5099394321442,1247.7857208251953,443.5670006275177,1248.7176132202148,462.56296277046204,1237.7630996704102,425.3964936733246,1242.568016052246,522.2573804855347,1329.4695281982422,480.8551025390625,1329.8388290405273,499.6447813510895,1458.6901473999023,484.54203486442566,1456.2170791625977,506.2363851070404,1586.806983947754,497.8430449962616,1572.9606628417969
575,19.167269392033543,True,75.3,52.4,167.5,174.9,172.2,172.2,3.0,19.7,531.2768447399139,1169.4156646728516,453.68717908859253,1175.7294845581055,532.2282135486603,1244.161720275879,441.496217250824,1242.4856185913086,465.53950667381287,1227.5127410888672,451.00459456443787,1237.580795288086,525.0460195541382,1328.2708740234375,478.72873306274414,1328.4495162963867,502.59071588516235,1455.3824615478516,482.00966477394104,1452.934455871582,507.7971410751343,1577.6827239990234,495.04584431648254,1565.111961364746
576,19.200603773584906,True,72.5,71.6,170.7,174.7,176.1,173.5,2.9,22.6,536.6829872131348,1168.6162948608398,449.27910804748535,1174.7819137573242,535.3200817108154,1239.9601364135742,434.6971392631531,1236.8206787109375,472.55404114723206,1218.8976287841797,449.1809391975403,1235.5213165283203,525.5199658870697,1329.0763092041016,474.67007875442505,1328.1929397583008,508.13812494277954,1455.0346755981445,480.72619557380676,1449.8307037353516,511.03333353996277,1568.0004501342773,495.9784805774689,1556.487808227539
577,19.23393815513627,True,64.8,85.4,170.4,174.1,178.6,175.6,6.2,14.8,541.0156774520874,1166.7502212524414,451.74269556999207,1173.0531692504883,542.5428628921509,1238.3893203735352,443.7012183666229,1238.0219650268555,488.071768283844,1214.1913604736328,451.81797981262207,1238.3668899536133,526.8839013576508,1327.884292602539,472.65295028686523,1326.8341827392578,512.9109013080597,1452.1670150756836,479.7936236858368,1449.370994567871,518.9783477783203,1560.6138610839844,496.46050572395325,1551.8282318115234
578,19.26727253668763,True,57.1,13.7,168.1,172.3,179.6,175.0,8.2,11.5,543.2684755325317,1164.6701431274414,451.6265344619751,1171.6381072998047,546.7273664474487,1234.859733581543,446.7486047744751,1241.0762786865234,489.37416315078735,1201.581916809082,455.2882969379425,1214.3458557128906,528.0241084098816,1326.9708251953125,471.9153320789337,1325.5603408813477,515.4610061645508,1450.7566452026367,477.4110496044159,1450.0984954833984,526.870801448822,1558.0060958862305,495.7257843017578,1551.5281677246094
579,19.300606918238994,True,44.8,10.9,169.3,170.9,177.9,175.3,15.2,10.9,543.5467600822449,1162.1286392211914,453.02719473838806,1171.2451171875,555.199499130249,1231.4297103881836,447.73409128189087,1244.4128036499023,500.1755690574646,1191.8932342529297,460.706444978714,1196.2604141235352,527.1743845939636,1326.0217666625977,471.41016483306885,1325.2965545654297,519.5264840126038,1448.2491302490234,475.9868609905243,1449.9033737182617,533.723019361496,1561.541748046875,495.90506315231323,1550.1911544799805
580,19.333941299790357,True,38.6,10.7,173.1,171.4,175.1,176.0,21.0,10.9,543.1528615951538,1160.0165176391602,454.5553135871887,1171.179542541504,560.9424090385437,1224.345474243164,448.7737476825714,1242.5580596923828,507.4709630012512,1185.5909729003906,464.5566916465759,1185.0469207763672,527.0391368865967,1324.6384048461914,471.5125501155853,1324.6773147583008,525.5892956256866,1446.3139343261719,476.5439772605896,1449.2491149902344,538.081169128418,1561.226692199707,496.27726793289185,1551.6969680786133
581,19.36727568134172,True,32.1,13.2,178.1,171.9,172.2,175.8,26.0,10.9,543.6180210113525,1159.7822570800781,454.6826756000519,1171.153335571289,565.9884166717529,1218.1672668457031,449.50302958488464,1238.8492584228516,512.1774995326996,1177.6843643188477,468.3624243736267,1179.3174362182617,529.2426252365112,1324.5032501220703,472.13510155677795,1324.4955825805664,534.9537992477417,1442.3635482788086,476.95918321609497,1446.4066314697266,544.3091297149658,1557.996711730957,495.93422412872314,1549.9040222167969
582,19.400610062893083,True,25.1,16.8,178.7,172.3,169.5,175.9,29.3,9.6,545.615451335907,1159.8331832885742,455.19511699676514,1169.5595169067383,570.2675485610962,1214.7302627563477,451.49370074272156,1235.394630432129,515.18639087677,1167.2956466674805,473.24135184288025,1175.8431243896484,530.965086221695,1323.2157897949219,472.52092123031616,1324.0405654907227,541.3964438438416,1434.6997833251953,477.20338225364685,1441.5630340576172,549.6446228027344,1551.0182189941406,496.10642194747925,1549.042625427246
583,19.433944444444446,True,20.6,22.3,178.2,172.6,168.1,175.8,30.9,6.3,548.1317925453186,1160.1990509033203,455.7670068740845,1166.9415664672852,572.1872806549072,1210.9284210205078,455.87225675582886,1230.520362854004,522.0324611663818,1162.4357986450195,480.01245975494385,1171.25244140625,532.5893461704254,1321.7457962036133,473.1651020050049,1323.0412673950195,544.7599983215332,1430.6639099121094,477.4785125255585,1436.561050415039,553.8933706283569,1544.6034622192383,496.2193965911865,1547.8864288330078
584,19.46727882599581,True,18.7,27.0,176.8,171.9,167.0,176.2,33.2,5.6,549.9159550666809,1160.2603912353516,457.55622267723083,1163.448257446289,575.1424527168274,1208.8941192626953,457.8477358818054,1228.1197357177734,525.1801085472107,1160.775489807129,485.1264452934265,1173.9754486083984,533.7819850444794,1318.6716842651367,473.5174798965454,1319.7312927246094,547.6628351211548,1428.7510299682617,477.57880568504333,1434.8419189453125,555.5053997039795,1540.0140380859375,497.7522146701813,1548.2504653930664
585,19.500613207547172,True,13.0,27.6,174.0,171.4,164.8,176.1,34.9,4.0,551.9075274467468,1160.3913116455078,460.7067024707794,1161.9319152832031,577.3376369476318,1206.6556549072266,462.06220507621765,1226.7140579223633,532.0880091190338,1155.9827041625977,491.28472208976746,1167.744140625,534.9669313430786,1319.256591796875,475.08811712265015,1319.6174240112305,552.6041722297668,1429.7515869140625,477.6945161819458,1432.8326797485352,558.4551644325256,1537.3418426513672,497.7310037612915,1547.2575759887695
586,19.53394758909853,True,7.6,27.9,175.0,170.1,165.3,174.6,33.7,3.0,552.9455423355103,1160.064926147461,464.1387176513672,1160.5256652832031,575.3140711784363,1202.0121002197266,466.49608969688416,1223.037986755371,542.0241451263428,1155.5962371826172,496.2481391429901,1161.3146209716797,537.2276473045349,1318.502540588379,478.5168170928955,1318.8837432861328,555.2376079559326,1431.2896728515625,478.1320917606354,1432.455711364746,562.7010798454285,1536.2413787841797,497.7457129955292,1547.149887084961
587,19.567281970649894,True,3.4,26.6,173.6,169.8,165.0,174.2,37.8,3.5,553.6754035949707,1159.8973846435547,467.7274811267853,1159.7173690795898,577.3756814002991,1197.0890808105469,469.26206946372986,1220.5397415161133,541.7494010925293,1147.8071594238281,497.7391791343689,1159.8993301391602,538.9912748336792,1317.4848175048828,481.60520911216736,1318.5266876220703,558.3718013763428,1431.3787078857422,479.9257814884186,1432.2856521606445,564.2950201034546,1535.156593322754,498.94179582595825,1547.6957702636719
588,19.600616352201257,True,0.5,27.4,175.7,169.5,166.0,173.3,42.0,3.6,555.43381690979,1159.4591903686523,470.6757652759552,1159.112434387207,582.3715424537659,1195.491714477539,472.14749336242676,1217.8539276123047,543.6902475357056,1144.6632385253906,500.61198592185974,1159.3127059936523,541.1515688896179,1316.476707458496,484.69202399253845,1317.6091003417969,558.9991164207458,1431.2355422973633,481.43268942832947,1431.9826126098633,567.36567735672,1535.5358505249023,499.63148832321167,1548.1157684326172
589,19.63395073375262,True,3.0,26.5,177.2,169.7,166.1,173.4,47.8,5.6,559.0375471115112,1159.4549560546875,474.6168100833893,1159.0850830078125,587.9872512817383,1191.514778137207,473.5660493373871,1213.743896484375,547.5210213661194,1141.7773818969727,503.43316555023193,1156.570701599121,543.3181071281433,1316.272087097168,487.11936950683594,1317.275276184082,559.6514081954956,1430.3605270385742,482.8569746017456,1431.9261932373047,569.4229745864868,1533.8876724243164,499.63744282722473,1548.3538055419922
590,19.667285115303983,True,5.2,27.8,177.6,169.9,166.8,173.1,55.6,4.7,561.9445037841797,1158.9494705200195,477.497695684433,1159.2527389526367,596.8292713165283,1188.08349609375,477.1398460865021,1211.286506652832,550.6648063659668,1141.8432998657227,508.2122826576233,1153.2873916625977,546.7889714241028,1316.641616821289,489.2857789993286,1317.5898742675781,562.3380160331726,1430.9417724609375,484.1119909286499,1431.602783203125,572.1619820594788,1535.0596618652344,499.51735496520996,1548.4325408935547
591,19.700619496855346,True,4.7,29.2,178.4,170.4,166.5,173.0,60.1,5.5,567.1968913078308,1158.3602142333984,481.1742961406708,1159.1277694702148,607.3001217842102,1187.7054977416992,479.73726511001587,1209.2705154418945,555.759801864624,1143.0414962768555,514.0130639076233,1151.7539978027344,549.5902276039124,1316.8307876586914,491.9802403450012,1317.6175689697266,563.9633703231812,1430.935935974121,485.85241198539734,1430.6418228149414,574.2219185829163,1535.7928848266602,499.1358482837677,1547.9208755493164
592,19.73395387840671,True,3.5,26.0,179.0,170.9,166.5,173.0,59.9,7.9,571.841983795166,1157.8186798095703,484.9949312210083,1158.998908996582,612.3570084571838,1188.523178100586,481.06093525886536,1208.6478424072266,560.2923703193665,1143.8663864135742,514.6923279762268,1151.6005325317383,552.2101449966431,1317.0173263549805,494.4222950935364,1317.711181640625,564.970486164093,1430.3418731689453,487.46344327926636,1428.9645767211914,574.9698686599731,1535.808219909668,498.8821864128113,1547.629051208496
593,19.76728825995807,True,6.4,21.3,178.6,171.0,166.5,173.1,62.9,10.3,577.1289396286011,1160.7469940185547,489.73053216934204,1160.361099243164,619.290497303009,1190.0700759887695,483.4268367290497,1207.152328491211,565.5797123908997,1143.0390930175781,514.3510222434998,1151.297721862793,555.572669506073,1319.465560913086,497.07887291908264,1318.6513137817383,566.7278051376343,1430.5725860595703,488.8646185398102,1429.4507217407227,574.7529315948486,1535.559310913086,498.6798298358917,1547.5823593139648
594,19.800622641509435,True,10.0,16.7,178.6,171.2,167.1,172.9,66.3,10.8,579.9799561500549,1162.3625564575195,493.83708000183105,1161.9287109375,626.7355585098267,1191.0880279541016,486.8067419528961,1208.814697265625,574.311203956604,1144.6614074707031,514.5521879196167,1149.799575805664,558.162202835083,1320.1289749145508,499.9879217147827,1318.798713684082,567.9934430122375,1430.8681869506836,490.5406665802002,1429.0088653564453,574.7356796264648,1535.031967163086,498.51863980293274,1547.409324645996
595,19.833957023060798,True,8.8,17.1,177.6,171.4,167.5,171.9,66.1,11.4,581.9721722602844,1161.9636154174805,496.23874068260193,1161.9297409057617,629.6416139602661,1191.1138916015625,488.8780403137207,1209.0871810913086,574.8934578895569,1144.8134994506836,518.7125194072723,1147.7783203125,561.0132837295532,1320.120849609375,503.1677556037903,1318.8069534301758,570.577118396759,1430.8967971801758,492.3521554470062,1428.731803894043,575.2348923683167,1534.5981216430664,498.42729449272156,1547.3820877075195
596,19.86729140461216,True,7.6,17.7,175.9,171.7,167.8,170.5,65.1,11.7,583.0018186569214,1161.137466430664,498.1260931491852,1161.910057067871,629.572606086731,1190.005760192871,490.9927260875702,1209.4168853759766,573.3252668380737,1143.7656784057617,521.7348647117615,1147.027359008789,563.8283157348633,1320.0608825683594,506.7342138290405,1318.6539459228516,574.1422247886658,1431.035385131836,494.45300102233887,1428.6521530151367,576.2999439239502,1534.9304580688477,498.4373688697815,1547.4177932739258
597,19.900625786163523,True,6.6,13.9,173.1,172.9,166.8,171.4,64.5,13.9,584.6284604072571,1160.749168395996,501.34101033210754,1161.9346618652344,631.4847421646118,1190.4877853393555,491.8599271774292,1209.5257186889648,574.2573881149292,1144.1560363769531,520.9375727176666,1147.7796936035156,565.3293657302856,1320.4487228393555,508.6584520339966,1318.6774063110352,577.6509404182434,1432.4284744262695,497.20134258270264,1428.8410949707031,576.4929986000061,1535.035171508789,499.5610320568085,1547.3420333862305
598,19.933960167714886,True,5.5,11.7,174.0,173.5,167.3,172.2,63.5,15.3,585.3841996192932,1159.8966979980469,502.7888238430023,1161.9352340698242,632.1557021141052,1190.8441543579102,491.82207584381104,1209.8665237426758,574.9856400489807,1144.6120834350586,520.1760721206665,1147.8596878051758,565.6986737251282,1320.4899215698242,509.42877173423767,1318.5308074951172,576.9509482383728,1432.8600311279297,498.95084023475647,1429.3369674682617,576.5316867828369,1535.2415084838867,501.23514890670776,1547.515754699707
599,19.96729454926625,True,5.5,11.2,174.8,174.4,168.1,172.4,63.1,16.5,585.2859663963318,1159.6275329589844,503.54472398757935,1161.8353271484375,632.0357751846313,1190.723991394043,491.7437016963959,1209.9181365966797,577.4257636070251,1146.251335144043,520.3427016735077,1148.510627746582,566.2996602058411,1320.2804946899414,511.0199761390686,1317.9545974731445,576.4690518379211,1433.1235885620117,501.5294623374939,1429.6262741088867,576.4653825759888,1535.31005859375,503.09269666671753,1547.3931884765625
600,20.000628930817612,True,2.0,9.5,175.7,174.5,168.0,172.4,62.0,18.7,587.2131657600403,1159.6075057983398,504.65837717056274,1161.489486694336,633.1367468833923,1192.0099639892578,490.8579933643341,1210.1488494873047,574.7491979598999,1147.6406478881836,519.7675287723541,1149.0433502197266,566.9491195678711,1320.0016021728516,512.4641847610474,1317.410888671875,576.4673137664795,1432.6590728759766,503.101966381073,1429.8254013061523,577.3339676856995,1534.4488906860352,504.704532623291,1547.1575546264648
601,20.03396331236897,True,1.4,8.1,176.8,175.0,168.6,172.7,61.2,20.3,587.7282786369324,1160.1169967651367,505.735627412796,1161.3705825805664,632.0346808433533,1192.3577499389648,490.38700819015503,1210.2369689941406,574.5952820777893,1148.3694076538086,519.4323062896729,1149.3334579467773,567.5177907943726,1318.132553100586,513.4877800941467,1314.9833679199219,575.6663203239441,1431.7026901245117,504.5279574394226,1429.8913192749023,577.2209286689758,1534.4294357299805,505.6984841823578,1545.8537292480469
602,20.067297693920334,True,0.4,7.4,177.5,175.1,168.1,173.7,60.4,20.6,588.9913415908813,1160.3929138183594,506.15936279296875,1160.7892227172852,631.677668094635,1193.1949996948242,490.00086665153503,1210.349349975586,573.9712500572205,1149.415397644043,518.9835941791534,1149.605941772461,567.1792531013489,1317.2043228149414,512.9769802093506,1313.7284088134766,575.1087212562561,1431.057014465332,505.30139923095703,1429.9261093139648,577.7610182762146,1534.0494918823242,507.551429271698,1545.6905364990234
603,20.100632075471697,True,3.6,8.0,178.1,175.7,168.6,174.0,59.3,20.5,588.6180424690247,1160.3998947143555,505.4273772239685,1160.8623504638672,630.4579281806946,1193.5672760009766,489.7266697883606,1210.466194152832,568.3342337608337,1150.3356170654297,518.6818778514862,1149.8050689697266,567.500216960907,1316.711654663086,513.3232426643372,1313.7179946899414,574.8621726036072,1430.8748245239258,507.0967948436737,1430.3883361816406,578.0307412147522,1533.816261291504,509.60177421569824,1545.670509338379
604,20.13396645702306,True,6.5,8.1,178.3,176.0,168.6,174.0,55.7,20.6,588.5742688179016,1160.3324890136719,505.07715582847595,1160.8715057373047,628.0002307891846,1195.9337997436523,489.4619679450989,1210.5808639526367,566.3185858726501,1151.733055114746,518.7034428119659,1149.393653869629,567.2940301895142,1316.5810775756836,513.4315824508667,1313.7509536743164,574.5381188392639,1430.804672241211,507.5334370136261,1431.1467361450195,578.0268788337708,1533.358154296875,509.867023229599,1545.6908798217773
605,20.167300838574423,True,9.8,8.7,178.6,176.4,168.7,174.1,52.7,19.9,588.2408165931702,1160.1939010620117,504.51138138771057,1160.6674575805664,626.2942814826965,1198.2338333129883,489.42543625831604,1211.0444641113281,562.9708671569824,1153.513526916504,518.6069476604462,1149.5115280151367,567.0323538780212,1316.3729095458984,513.1694233417511,1313.7757873535156,574.1257452964783,1430.6018829345703,507.7842664718628,1431.2963104248047,578.0546879768372,1533.1733322143555,509.7874903678894,1545.5839920043945
606,20.200635220125786,True,13.8,9.5,178.8,176.9,168.8,174.4,48.9,20.2,588.0846476554871,1159.3001174926758,504.1912865638733,1160.4115676879883,624.8618531227112,1201.2982177734375,488.3197331428528,1212.5823211669922,560.9319162368774,1156.6048049926758,518.6124837398529,1151.7461013793945,566.840136051178,1316.374397277832,512.903208732605,1313.8356399536133,573.8305306434631,1430.5048370361328,508.12843680381775,1431.6462707519531,577.9933404922485,1533.1902694702148,509.6667265892029,1545.5953216552734
607,20.23396960167715,True,19.5,11.5,178.9,177.2,168.9,174.5,45.6,20.5,587.8833532333374,1157.6676177978516,503.69017481803894,1160.3085708618164,624.0907287597656,1203.9602279663086,486.72189831733704,1215.204849243164,559.2065906524658,1162.7427291870117,518.7904107570648,1156.5937042236328,566.7155742645264,1316.389274597168,512.6599109172821,1314.030647277832,573.6748123168945,1430.599365234375,508.27311515808105,1431.8317794799805,577.925877571106,1533.357925415039,509.564083814621,1545.5247116088867
608,20.267303983228512,True,23.8,16.9,178.1,177.0,168.6,173.5,42.3,18.9,587.8179502487183,1157.7114486694336,500.90604186058044,1160.6679153442383,622.9512619972229,1208.0221939086914,484.83412742614746,1222.496566772461,557.7071499824524,1168.447380065918,518.7296104431152,1167.2108459472656,566.909658908844,1318.520851135254,512.5820195674896,1316.0327911376953,574.7287273406982,1431.1729431152344,508.0217385292053,1432.295150756836,578.3758449554443,1534.0223693847656,509.539235830307,1545.524024963379
609,20.300638364779875,True,30.7,23.6,175.5,176.8,167.6,172.4,39.1,17.1,587.8679037094116,1158.5313034057617,497.9004979133606,1162.6143264770508,621.1593103408813,1211.7486190795898,483.32062125205994,1232.1252822875977,557.9190015792847,1179.1999053955078,518.7105560302734,1182.4049377441406,567.7434825897217,1320.109748840332,512.3044431209564,1318.5627365112305,578.0592584609985,1431.2857818603516,507.7574872970581,1432.8284454345703,579.4331073760986,1533.8477325439453,509.5471215248108,1545.6827545166016
610,20.333972746331238,True,39.5,28.2,171.6,176.6,166.4,171.3,32.7,16.8,588.8518452644348,1160.892677307129,494.763343334198,1166.6999816894531,618.5111975669861,1221.5495681762695,480.91426134109497,1242.377586364746,558.0888175964355,1194.0296173095703,517.1882951259613,1196.9144439697266,570.0929689407349,1322.3386001586914,512.1924340724945,1322.5776672363281,583.4811401367188,1431.313819885254,507.6873850822449,1435.162696838379,581.0704350471497,1533.273696899414,509.75958466529846,1546.4794921875
611,20.3673071278826,True,44.5,30.4,168.9,176.5,165.4,170.4,25.6,16.6,589.7383904457092,1166.4666366577148,492.6231336593628,1172.6930236816406,613.1276822090149,1233.812484741211,479.59641695022583,1252.0153427124023,557.9395365715027,1206.4262008666992,515.459235906601,1208.8317489624023,571.8010425567627,1324.5319747924805,512.1256148815155,1325.6410217285156,587.4563670158386,1434.1081237792969,507.49619722366333,1437.151107788086,582.237389087677,1533.6262893676758,509.7082471847534,1547.7850341796875
612,20.400641509433964,True,56.0,38.3,170.5,176.3,165.6,169.9,22.5,17.9,590.5985426902771,1173.2980728149414,491.89221024513245,1177.8211212158203,611.8785881996155,1246.625747680664,476.9878935813904,1260.5950927734375,558.7371826171875,1229.586410522461,511.55845642089844,1230.0672912597656,573.644106388092,1326.0468292236328,511.9849920272827,1327.206916809082,588.9505934715271,1434.4531631469727,507.3950672149658,1436.9946670532227,586.259286403656,1537.470817565918,509.9433696269989,1547.7777099609375
613,20.433975890985327,True,67.6,44.5,170.9,175.7,165.1,168.9,22.4,18.2,590.45569896698,1179.6108627319336,491.404230594635,1184.2026901245117,611.2783098220825,1251.0785293579102,477.3281693458557,1264.0183639526367,560.7595252990723,1245.6570053100586,509.96824979782104,1240.7598495483398,574.5160388946533,1328.441505432129,512.3748672008514,1329.5000839233398,591.5405130386353,1438.128547668457,507.0588791370392,1436.664161682129,590.9487318992615,1542.6042938232422,509.91079688072205,1547.1122360229492
614,20.46731027253669,True,74.4,61.6,169.1,175.1,163.9,168.1,21.5,19.2,590.4499053955078,1186.9730758666992,491.76761627197266,1191.8712615966797,610.6345796585083,1259.9092483520508,477.43422389030457,1267.9163360595703,559.9605917930603,1259.835433959961,510.20301818847656,1257.4203872680664,575.0677156448364,1332.3335266113281,512.8782320022583,1332.1955108642578,593.7705874443054,1437.8807830810547,506.9546914100647,1433.4972381591797,592.1374440193176,1542.8116607666016,509.916912317276,1545.659408569336
615,20.500644654088052,True,82.1,79.9,164.7,172.3,161.5,166.1,21.8,20.9,590.3830862045288,1194.0020370483398,492.4311411380768,1197.7618789672852,610.6751346588135,1266.2129974365234,476.83780789375305,1270.7351303100586,558.4957194328308,1273.3654403686523,510.57634949684143,1271.876106262207,575.0688743591309,1337.5274276733398,514.0377187728882,1336.087875366211,597.1251940727234,1437.6300430297852,505.4208433628082,1433.184471130371,591.7896366119385,1542.8299713134766,510.4776978492737,1545.329818725586
616,20.533979035639412,True,89.1,99.0,161.7,169.9,159.8,163.7,21.9,23.9,590.4612994194031,1201.3462829589844,492.8018653392792,1204.0142440795898,611.1065626144409,1274.2260360717773,475.0929129123688,1272.4050521850586,558.5329270362854,1288.2480239868164,509.0667700767517,1287.1818923950195,575.3797316551208,1341.7877197265625,515.4535388946533,1340.574073791504,599.4763541221619,1437.9303359985352,504.22640204429626,1433.2888412475586,591.7345976829529,1542.9851531982422,510.4695224761963,1544.3871688842773
617,20.567313417190775,True,94.3,105.5,159.9,165.4,159.4,160.0,22.4,27.5,590.4223537445068,1208.6077880859375,493.3409571647644,1209.759407043457,611.5254378318787,1279.8756408691406,472.9181671142578,1275.0930404663086,560.1956176757812,1299.345474243164,503.2810842990875,1294.7016906738281,576.3810539245605,1343.591194152832,517.20210313797,1343.7434005737305,601.2932825088501,1438.956069946289,501.5096354484558,1433.730125427246,591.3398623466492,1543.7564849853516,510.63753604888916,1543.6957168579102
618,20.600647798742138,True,95.6,108.8,158.7,161.1,159.9,157.2,23.4,29.9,590.9503412246704,1215.2116012573242,494.27735924720764,1214.0940856933594,613.7174034118652,1285.7132720947266,471.8209934234619,1277.992286682129,561.4860391616821,1308.472023010254,497.67348647117615,1298.297996520996,578.2109212875366,1347.4810409545898,519.1120505332947,1347.615623474121,603.0303883552551,1442.8504943847656,498.78591656684875,1440.9253692626953,591.175389289856,1543.7527084350586,510.6244361400604,1543.2928848266602
619,20.6339821802935,True,92.8,105.5,156.7,157.8,158.6,155.4,25.1,29.7,591.7012524604797,1219.2390060424805,494.3232572078705,1218.4761428833008,616.742742061615,1290.37353515625,471.3118028640747,1285.4065704345703,563.5340666770935,1312.1313858032227,497.95408844947815,1303.7187194824219,578.5430860519409,1350.648422241211,519.3514537811279,1351.2102127075195,604.5519089698792,1443.409767150879,497.18212723731995,1440.9547805786133,591.0787010192871,1543.7570571899414,512.0603728294373,1542.9792022705078
620,20.667316561844864,True,89.0,90.0,156.7,156.9,158.5,154.8,26.3,29.6,592.5930118560791,1220.0371170043945,494.3463349342346,1221.796989440918,618.2676100730896,1288.9629364013672,470.6158661842346,1291.7667388916016,563.8648796081543,1308.178367614746,507.7402675151825,1304.3865966796875,578.8887691497803,1352.2508239746094,519.5383286476135,1352.886085510254,604.5107746124268,1443.9125061035156,497.1799385547638,1440.428352355957,590.912811756134,1544.2082977294922,512.871344089508,1542.6462936401367
621,20.700650943396226,True,82.1,81.7,157.0,156.1,159.0,154.7,26.5,30.1,593.5774683952332,1219.1067123413086,494.7037661075592,1221.7781066894531,619.1174626350403,1287.1393203735352,470.28666257858276,1291.527442932129,563.7533211708069,1299.6142959594727,508.9561450481415,1299.0312194824219,579.783296585083,1352.5401306152344,519.8564922809601,1353.2422256469727,604.7453498840332,1445.3236770629883,496.98453426361084,1441.5656661987305,590.8951735496521,1544.1804885864258,513.6240899562836,1542.663803100586
622,20.73398532494759,True,76.8,63.8,157.2,155.5,160.1,154.9,25.5,27.9,593.630383014679,1215.2911376953125,495.37826657295227,1219.5027923583984,619.1751408576965,1284.9159622192383,471.4278995990753,1296.0074615478516,563.6139535903931,1291.6971588134766,513.4452617168427,1289.480323791504,580.828070640564,1352.647933959961,520.3009557723999,1353.5626602172852,605.0910329818726,1446.0778427124023,496.5609920024872,1444.6888732910156,590.8492112159729,1544.132308959961,513.6751055717468,1542.6910400390625
623,20.767319706498952,True,69.8,53.6,157.1,155.1,160.3,155.3,25.3,25.5,594.1316556930542,1212.7429962158203,496.35741233825684,1216.347999572754,619.1730809211731,1281.7335891723633,474.93178725242615,1294.017677307129,563.5849857330322,1281.4937210083008,514.6974456310272,1278.731575012207,581.1259889602661,1351.9200897216797,520.6439352035522,1352.3978805541992,605.4340124130249,1446.7940139770508,496.4111638069153,1445.812110900879,590.7943654060364,1544.117774963379,514.2057967185974,1542.8620147705078
624,20.800654088050315,True,48.5,31.4,157.6,155.1,160.5,155.5,25.7,23.2,594.8575258255005,1208.6944198608398,496.95778727531433,1216.0269927978516,619.9131774902344,1276.7493438720703,479.3159759044647,1291.3580703735352,563.6172366142273,1254.8376846313477,515.2414619922638,1254.9286651611328,581.2343287467957,1350.8250045776367,520.7825946807861,1351.248664855957,605.130364894867,1446.3014602661133,496.56118512153625,1444.9757766723633,590.7582521438599,1544.2192840576172,514.7737276554108,1543.6505126953125
625,20.833988469601678,True,41.3,19.4,158.5,154.8,161.4,155.9,30.2,20.6,595.3468894958496,1198.608169555664,498.23018431663513,1209.8443222045898,621.7286896705627,1255.0884246826172,482.177871465683,1289.5928192138672,562.4764180183411,1229.0891647338867,517.3857271671295,1230.4071807861328,581.7922496795654,1349.9650955200195,521.1709570884705,1350.5914306640625,604.6726727485657,1445.2494049072266,496.6290020942688,1443.3785247802734,590.7286405563354,1544.2925262451172,515.0543940067291,1544.1669845581055
626,20.86732285115304,True,31.6,13.8,159.1,155.5,162.4,156.6,43.4,20.8,595.3206253051758,1187.281265258789,499.32111382484436,1202.5421905517578,624.7132802009583,1223.9753723144531,483.05421352386475,1279.240493774414,562.2998428344727,1201.6685485839844,516.6064918041229,1209.6833038330078,582.157244682312,1345.9879302978516,521.9395709037781,1347.6738739013672,604.7636318206787,1444.8755264282227,497.32606530189514,1442.8998184204102,590.7982277870178,1544.2033767700195,515.3047406673431,1545.1165008544922
627,20.900657232704404,True,17.9,11.4,159.4,157.7,162.9,158.0,52.9,21.9,595.0364184379578,1179.7137451171875,500.24911522865295,1194.3058776855469,629.2933559417725,1210.1033020019531,484.10919070243835,1261.7241668701172,558.6581325531006,1179.1124725341797,516.1693024635315,1192.4428939819336,582.2616577148438,1342.7500534057617,522.4663031101227,1344.3707656860352,605.0899386405945,1444.6875,498.71488094329834,1442.629280090332,591.1477732658386,1544.2364501953125,514.5145297050476,1545.893440246582
628,20.933991614255767,True,0.5,7.5,159.8,159.9,164.2,160.2,68.5,24.1,592.0034837722778,1178.3554458618164,502.5614261627197,1185.875587463379,635.488486289978,1198.6113739013672,484.96886014938354,1244.6391677856445,559.0525460243225,1162.2660827636719,516.6965818405151,1173.863296508789,582.1647119522095,1340.745964050293,522.7929639816284,1341.4447402954102,604.9590682983398,1444.9578094482422,500.4505705833435,1442.959327697754,591.2403416633606,1544.5629501342773,514.5839881896973,1547.4694061279297
629,20.96732599580713,True,6.0,6.1,160.7,161.8,165.1,161.6,75.3,39.7,591.7989706993103,1170.0382232666016,506.8560719490051,1177.1463775634766,638.2865238189697,1185.044288635254,484.9602019786835,1210.6332778930664,570.7110142707825,1155.1368713378906,516.616405248642,1148.7744140625,582.3844170570374,1336.8332290649414,525.0623059272766,1335.7925033569336,604.8038649559021,1445.123062133789,502.6348114013672,1442.4048614501953,591.2294626235962,1546.5768814086914,514.3009078502655,1547.9746627807617
630,21.000660377358493,True,36.1,25.5,161.2,164.8,164.7,164.5,98.6,56.2,594.6947264671326,1159.7362518310547,514.9971985816956,1168.9924621582031,632.6000046730042,1156.8024444580078,485.45912504196167,1192.1763610839844,577.9408764839172,1123.048210144043,516.8790793418884,1128.779182434082,582.3230051994324,1331.096420288086,527.2398841381073,1329.1259765625,604.7333765029907,1445.0431823730469,505.4346513748169,1440.3710174560547,590.9891581535339,1546.787338256836,513.0606651306152,1547.7076721191406
631,21.033994758909852,True,65.7,49.3,162.6,167.4,165.9,166.5,120.8,75.3,594.9077367782593,1154.4884490966797,518.2952213287354,1161.4604187011719,623.3067941665649,1140.2071380615234,491.33084535598755,1170.3032684326172,583.0439829826355,1107.542724609375,517.8700053691864,1106.2201309204102,582.7886152267456,1325.5106735229492,528.1574249267578,1323.2936096191406,604.0127205848694,1444.9798965454102,507.91767954826355,1438.1225967407227,591.0100150108337,1546.7377853393555,512.8183007240295,1547.475929260254
632,21.067329140461215,True,124.7,144.1,165.8,170.0,167.5,167.1,158.3,161.9,594.8655080795288,1155.9280014038086,516.9471538066864,1160.3235626220703,612.48131275177,1119.408187866211,503.3675694465637,1126.9864654541016,578.0155491828918,1058.671989440918,522.1066188812256,1050.3632354736328,583.1107378005981,1320.4046630859375,528.2292973995209,1319.293327331543,601.3973093032837,1444.5604705810547,509.9562442302704,1436.8766784667969,591.0019040107727,1546.9181442260742,512.2099757194519,1545.6130599975586
633,21.100663522012578,True,150.8,163.5,168.6,172.7,169.1,168.4,175.3,177.2,594.8607444763184,1155.7087326049805,516.9121026992798,1158.1147384643555,601.1631202697754,1114.1475677490234,512.3028016090393,1119.8185729980469,577.070746421814,1049.842529296875,525.2625703811646,1043.6851501464844,583.611752986908,1319.9000930786133,528.1956946849823,1318.7084197998047,598.9101934432983,1444.2498779296875,512.5482881069183,1436.8401718139648,590.9957885742188,1546.879005432129,512.0210087299347,1545.4923248291016
634,21.13399790356394,True,157.1,174.4,170.0,174.0,170.0,169.2,179.3,176.1,594.8246955871582,1154.5521926879883,516.9196021556854,1155.8177947998047,598.6461353302002,1104.8285293579102,516.9399440288544,1108.4899520874023,575.2878069877625,1034.9907302856445,524.4108831882477,1032.700424194336,584.0903663635254,1320.1690292358398,528.0058586597443,1319.0999221801758,597.8038144111633,1444.2250442504883,513.7293076515198,1436.9366455078125,591.1356067657471,1546.8335723876953,512.0684194564819,1545.0207138061523
635,21.167332285115304,True,151.2,172.1,171.6,174.4,171.1,169.5,176.9,173.1,594.2696070671082,1151.224708557129,517.5246441364288,1152.7521514892578,600.4904866218567,1095.5620193481445,520.1578223705292,1105.2669525146484,574.8289561271667,1033.2244491577148,534.096930027008,1034.263916015625,584.64519739151,1318.9286041259766,528.2817935943604,1317.290153503418,596.6402077674866,1441.530876159668,514.3041265010834,1436.0109329223633,591.5880846977234,1545.5005645751953,512.1538746356964,1544.4004440307617
636,21.200666666666667,True,149.7,168.5,173.2,174.7,172.1,169.5,175.4,171.5,594.2660665512085,1148.5576629638672,517.3343575000763,1150.0148391723633,601.6251254081726,1093.9064025878906,520.8987879753113,1105.9391784667969,574.7296929359436,1029.3000411987305,542.0352816581726,1032.6731872558594,585.1604390144348,1316.8260955810547,528.5170447826385,1314.0751647949219,595.4817509651184,1439.556999206543,514.5897173881531,1434.6545791625977,591.7473435401917,1545.3564834594727,512.0534527301788,1543.7639236450195
637,21.23400104821803,True,148.0,168.9,173.9,174.8,172.8,169.4,173.9,170.2,594.2640066146851,1149.0617752075195,517.4807739257812,1149.9692916870117,602.8802704811096,1094.3752670288086,522.0686709880829,1105.400276184082,575.0794315338135,1028.8866806030273,544.6262311935425,1031.6471099853516,585.85045337677,1317.6958465576172,528.7957799434662,1315.7859420776367,595.0428557395935,1439.391860961914,514.8608243465424,1434.6949768066406,591.782169342041,1545.245246887207,512.0123183727264,1543.2234191894531
638,21.267335429769393,True,146.3,171.4,174.4,175.7,173.3,169.7,173.0,168.2,594.2436647415161,1150.5438995361328,517.7492094039917,1150.5669021606445,603.7354016304016,1094.842872619629,524.3875157833099,1102.2595596313477,575.0496912002563,1030.524787902832,545.5431604385376,1030.5856704711914,586.3774752616882,1318.0303573608398,529.2722046375275,1316.5276336669922,594.7598719596863,1438.8765335083008,516.1477696895599,1434.7941970825195,591.7797231674194,1545.1435089111328,512.2727072238922,1543.2406997680664
639,21.300669811320756,True,146.3,171.4,175.8,176.5,174.1,170.2,172.9,168.2,594.2348456382751,1152.0800399780273,518.2809948921204,1150.8833312988281,604.2839241027832,1093.2233047485352,525.4740679264069,1099.4255447387695,575.7784581184387,1029.2847061157227,546.2252569198608,1029.5331573486328,586.6108274459839,1318.824806213379,529.4553780555725,1317.367057800293,593.4484004974365,1438.9715194702148,517.1497678756714,1435.114631652832,591.7625999450684,1545.0135040283203,512.4721026420593,1543.4680938720703
640,21.33400419287212,True,147.5,170.0,176.9,176.3,174.5,170.4,173.3,168.8,594.4881534576416,1152.7998733520508,519.0743923187256,1151.604881286621,604.4224548339844,1092.780876159668,526.1143219470978,1099.1841888427734,577.1900939941406,1029.078369140625,548.2094264030457,1029.7532272338867,586.5821814537048,1319.344139099121,529.4611716270447,1317.766456604004,592.4295687675476,1439.0471649169922,517.0743870735168,1435.2947616577148,591.8096566200256,1544.6242904663086,512.6480662822723,1543.5559844970703
641,21.36733857442348,True,146.7,169.0,177.6,176.4,174.7,170.6,172.5,170.2,594.8808932304382,1153.3513641357422,520.0808644294739,1152.300910949707,605.8691096305847,1092.978858947754,526.0305726528168,1100.3338623046875,579.4155979156494,1030.6523895263672,547.8623914718628,1031.3032150268555,586.5645432472229,1319.6935272216797,529.6333050727844,1318.0236053466797,591.7065954208374,1439.073829650879,517.1741330623627,1435.3211975097656,591.7504978179932,1544.6170806884766,512.5905168056488,1543.557243347168
642,21.400672955974844,True,143.8,168.2,178.0,176.4,174.9,170.8,170.5,170.6,595.157310962677,1153.7089920043945,520.5874156951904,1152.5807189941406,608.662383556366,1092.843017578125,526.4719140529633,1099.039192199707,581.4374899864197,1030.7292938232422,548.84202003479,1030.4328918457031,586.5373778343201,1319.9253845214844,529.6913373470306,1318.227424621582,591.0366010665894,1439.0131759643555,517.2112441062927,1435.3847122192383,591.4162087440491,1544.359359741211,512.5161015987396,1543.564109802246
643,21.434007337526207,True,140.7,167.8,177.8,176.8,174.8,171.0,167.9,170.8,595.5939531326294,1153.985710144043,521.0274696350098,1152.7099227905273,612.1385908126831,1093.268165588379,527.0793378353119,1096.779670715332,584.295072555542,1031.0316467285156,550.2994894981384,1027.001724243164,586.5152335166931,1320.095443725586,529.7714173793793,1318.3882141113281,590.8934998512268,1438.729362487793,517.5031757354736,1435.3596496582031,590.6833863258362,1544.1368865966797,512.314453125,1543.5731506347656
644,21.46734171907757,True,137.9,167.7,177.5,177.3,174.6,171.1,166.1,171.0,595.9001755714417,1154.1625213623047,521.5667867660522,1152.8414154052734,614.7838068008423,1092.8632736206055,527.7431523799896,1094.7644805908203,585.8671259880066,1030.6502151489258,551.0591554641724,1024.4514083862305,586.5037751197815,1319.9252700805664,530.020444393158,1318.055648803711,591.0521793365479,1438.2519149780273,517.8317356109619,1434.8093032836914,590.4917478561401,1544.1185760498047,511.7051947116852,1543.4093856811523
645,21.500676100628933,True,136.1,168.0,177.3,177.8,174.2,171.3,165.6,171.1,596.7047095298767,1154.2657470703125,521.8046128749847,1152.9706192016602,616.4504241943359,1093.359489440918,527.9904735088348,1094.497947692871,585.6328725814819,1030.0507736206055,551.2165474891663,1023.2306671142578,586.4972734451294,1320.0208282470703,530.1039361953735,1318.1501770019531,591.1734580993652,1438.2804107666016,518.1726551055908,1434.8389434814453,590.4431462287903,1544.2077255249023,511.1890518665314,1543.3368301391602
646,21.534010482180292,True,135.7,167.8,177.2,178.4,173.9,171.4,165.7,171.4,597.4016761779785,1154.31884765625,521.7699480056763,1153.004150390625,617.4382281303406,1093.022232055664,527.6020467281342,1094.6443176269531,585.8265709877014,1028.7289810180664,550.6298518180847,1023.2228851318359,586.4562034606934,1320.0685501098633,530.1193857192993,1318.2215881347656,591.2462639808655,1438.2947158813477,518.4096121788025,1434.8682403564453,590.3297209739685,1544.2048645019531,510.54998874664307,1543.3182907104492
647,21.567344863731655,True,136.3,167.9,177.1,178.8,173.7,171.4,165.7,171.6,597.5974345207214,1154.516716003418,521.7880368232727,1153.0468368530273,617.4059772491455,1094.0683364868164,527.3764514923096,1095.2913665771484,586.3456106185913,1029.1923522949219,550.2301597595215,1023.4801483154297,586.3373064994812,1320.1088333129883,530.1152980327606,1318.2588958740234,591.2630009651184,1438.4151077270508,518.459951877594,1434.9421691894531,590.2805399894714,1544.12841796875,510.01057505607605,1543.3162307739258
648,21.60067924528302,True,136.5,167.5,176.8,178.9,173.5,171.5,165.9,172.1,597.7935147285461,1154.6551895141602,521.9772934913635,1152.9978561401367,617.3809361457825,1094.7223663330078,527.0934998989105,1095.90087890625,586.6282081604004,1030.0396728515625,549.8806142807007,1024.288101196289,586.1781120300293,1320.1615905761719,530.1029062271118,1318.2949447631836,591.3273096084595,1438.4415435791016,518.4800362586975,1434.964828491211,590.0111389160156,1544.0692520141602,509.69646692276,1543.3176040649414
649,21.63401362683438,True,139.0,167.2,176.7,179.1,173.3,171.6,166.3,172.3,597.9534816741943,1155.2500534057617,522.0623302459717,1152.9643249511719,617.2211623191833,1095.3094482421875,527.006596326828,1095.6256484985352,589.6859264373779,1030.9562301635742,549.6325850486755,1024.7475814819336,586.1091685295105,1320.2031326293945,530.0801503658295,1318.3059310913086,591.3689589500427,1438.5654830932617,518.5358154773712,1434.983024597168,589.9227547645569,1544.058609008789,509.52014923095703,1543.3134841918945
650,21.667348008385744,True,140.2,167.2,176.6,179.2,173.1,171.7,166.8,172.6,598.2647252082825,1155.7025527954102,522.311646938324,1152.978286743164,617.2548294067383,1095.4930114746094,527.0179903507233,1096.5446090698242,591.0874557495117,1031.6510009765625,549.6806716918945,1024.9128341674805,586.012544631958,1320.2507400512695,530.0506675243378,1318.3457565307617,591.4102864265442,1438.6211013793945,518.584771156311,1434.9944686889648,589.9242997169495,1544.080924987793,509.5097851753235,1543.1982421875
651,21.700682389937107,True,138.8,169.2,176.7,179.3,173.0,171.9,166.4,170.8,598.5269165039062,1155.3573989868164,522.5314807891846,1150.5829238891602,617.8298091888428,1095.7001495361328,529.2205131053925,1092.5704193115234,590.4653549194336,1031.9835662841797,551.1406517028809,1022.3356246948242,585.999219417572,1319.7385025024414,530.0432002544403,1317.7204513549805,591.5458559989929,1438.6135482788086,518.7065327167511,1434.9888610839844,590.3805112838745,1544.0034484863281,509.57576751708984,1543.1997299194336
652,21.73401677148847,True,138.6,168.8,176.8,179.5,172.6,172.1,166.1,171.5,599.2473793029785,1156.5625762939453,522.981448173523,1150.7966995239258,618.8850116729736,1097.9605865478516,529.0633463859558,1093.8012313842773,591.3702464103699,1032.7380752563477,550.945086479187,1023.3588409423828,585.9436011314392,1319.623146057129,530.0387585163116,1317.4088287353516,591.570897102356,1438.5874557495117,518.7944340705872,1434.8246383666992,590.5831575393677,1544.3859100341797,509.36684489250183,1543.1886291503906
653,21.767351153039833,True,138.8,168.6,176.8,179.8,172.4,172.2,165.9,171.6,599.2317366600037,1156.659049987793,522.9709553718567,1150.9197235107422,619.1732096672058,1098.380126953125,528.9641153812408,1093.8848876953125,592.453773021698,1033.300666809082,550.8294081687927,1024.0421676635742,585.5801510810852,1318.8922119140625,529.9378538131714,1316.7907333374023,591.3645815849304,1438.550148010254,518.8224363327026,1434.8028945922852,590.5854749679565,1544.6575927734375,509.05927062034607,1543.157844543457
654,21.800685534591196,True,138.5,167.7,177.5,179.9,172.3,172.4,166.0,172.5,599.2361783981323,1157.566795349121,523.0238699913025,1151.0218048095703,619.547860622406,1098.7743759155273,527.9154789447784,1096.8357467651367,592.7151918411255,1033.828010559082,550.7603359222412,1024.171028137207,585.0148916244507,1318.0789947509766,529.8155450820923,1316.0750198364258,590.4637455940247,1438.454246520996,518.8569402694702,1434.6884536743164,590.5879855155945,1545.1150131225586,508.6703932285309,1543.1647109985352
655,21.83401991614256,True,136.4,164.8,177.5,179.7,172.2,172.4,165.0,174.7,599.3599033355713,1158.9759063720703,523.0340731143951,1151.3069915771484,620.9441757202148,1100.1311874389648,525.6680881977081,1099.60693359375,593.0279803276062,1035.6541442871094,549.9818086624146,1025.1274108886719,584.9416351318359,1318.1169891357422,529.8035395145416,1316.1240005493164,590.4500341415405,1438.8313293457031,518.9050912857056,1434.7697067260742,590.6409645080566,1546.1256408691406,508.3565425872803,1543.4516143798828
656,21.86735429769392,True,135.6,163.1,178.7,179.5,172.7,172.5,163.9,176.2,599.4515705108643,1159.837303161621,523.3189237117767,1152.062873840332,621.9990563392639,1102.012825012207,524.6433019638062,1101.968994140625,594.8133659362793,1038.2122421264648,549.3393659591675,1027.7177810668945,584.9252200126648,1318.1164169311523,529.8345351219177,1315.945816040039,589.2649269104004,1438.861312866211,518.9739382266998,1434.690055847168,590.6407070159912,1546.3607025146484,508.0462968349457,1543.5526657104492
657,21.900688679245285,True,133.4,159.5,178.8,179.3,172.6,172.5,162.3,178.7,599.9162149429321,1159.9123764038086,523.4533667564392,1152.7931213378906,623.9355254173279,1103.6564254760742,522.6503455638885,1104.6875381469727,596.5168690681458,1040.4065322875977,548.4423923492432,1031.9364166259766,585.0445032119751,1317.9990005493164,529.8478281497955,1315.8496856689453,589.303035736084,1438.8837432861328,518.9829182624817,1434.6512603759766,590.800416469574,1546.3433074951172,507.6270353794098,1543.557014465332
658,21.934023060796648,True,132.3,157.2,179.2,179.3,173.0,172.4,162.1,179.7,600.7174015045166,1159.8867416381836,523.7270486354828,1153.7424087524414,624.6830892562866,1104.0799713134766,521.5618944168091,1105.433692932129,596.3868999481201,1041.782455444336,548.3797574043274,1032.6445770263672,585.8026242256165,1318.0130767822266,530.1118218898773,1315.8715438842773,589.1102385520935,1438.9556121826172,519.0958285331726,1434.6410751342773,590.5771708488464,1546.281394958496,507.6336336135864,1543.61572265625
659,21.96735744234801,True,129.9,156.0,179.6,179.2,173.8,172.3,161.6,179.3,601.826741695404,1159.7038650512695,524.1815865039825,1154.0270233154297,625.8263540267944,1105.0518035888672,521.6006469726562,1105.2571105957031,595.9453010559082,1044.7138595581055,549.239137172699,1033.1814193725586,587.2252678871155,1317.872428894043,530.6945908069611,1315.872459411621,589.1762208938599,1438.9530944824219,519.5269024372101,1434.3611526489258,590.1940870285034,1545.4388809204102,507.75922536849976,1543.612174987793
660,22.000691823899373,True,125.6,150.7,179.9,179.3,174.7,171.9,159.5,177.9,602.4707937240601,1159.4177627563477,524.4409775733948,1155.5829620361328,626.9890594482422,1107.8783798217773,520.5458950996399,1107.4492263793945,595.7235360145569,1051.3169860839844,550.8911418914795,1041.5352630615234,588.7180137634277,1317.8458786010742,531.5156364440918,1315.8201599121094,589.4277906417847,1438.9543533325195,520.0509631633759,1434.3121719360352,590.2948307991028,1545.1079177856445,508.0600082874298,1543.6065673828125
661,22.034026205450733,True,118.0,144.4,179.3,179.9,175.6,171.3,154.3,174.1,603.6166977882385,1158.7731170654297,524.8083543777466,1156.9982528686523,630.3506827354431,1113.1414031982422,518.4346210956573,1115.467872619629,595.6626391410828,1056.9304275512695,551.8324041366577,1049.6135330200195,590.767650604248,1317.8532028198242,532.6727414131165,1315.8278274536133,590.2042579650879,1438.938102722168,520.5968141555786,1434.312400817871,591.0645389556885,1545.0520706176758,509.19010877609253,1543.6358642578125
662,22.067360587002096,True,108.3,134.0,178.9,179.7,176.8,170.6,147.3,169.2,604.2911982536316,1158.7044525146484,525.0297975540161,1157.494125366211,632.6865220069885,1120.8679962158203,516.1514389514923,1122.260971069336,595.4946255683899,1067.420310974121,554.1049647331238,1061.1955261230469,592.7489233016968,1317.7397918701172,534.2777860164642,1315.8494567871094,590.7201433181763,1438.9621353149414,521.8052244186401,1434.148292541504,590.9869694709778,1545.080680847168,509.63093519210815,1543.2600402832031
663,22.10069496855346,True,83.5,118.3,178.9,179.5,177.1,170.3,129.4,159.2,606.7292618751526,1158.6704635620117,525.069226026535,1156.8708801269531,643.1726932525635,1133.1404113769531,512.8932952880859,1130.1686096191406,597.651572227478,1081.69189453125,554.541928768158,1075.2564239501953,594.456160068512,1318.1088638305664,535.364853143692,1316.1991882324219,591.3865971565247,1439.175796508789,522.9400563240051,1434.492416381836,590.6858968734741,1545.0905227661133,510.4286777973175,1544.2916107177734
664,22.13402935010482,True,65.3,83.3,179.4,178.9,176.4,170.4,110.9,126.3,609.18612241745,1159.6424102783203,525.625730752945,1156.4479064941406,649.7043657302856,1148.0148696899414,506.6745400428772,1144.3335342407227,603.9018702507019,1094.8418426513672,552.2567510604858,1088.6211776733398,595.6238865852356,1319.769172668457,535.9934556484222,1318.0825424194336,593.0171656608582,1439.8466491699219,523.820389509201,1435.2715301513672,589.6599841117859,1545.1883697509766,510.282164812088,1545.816993713379
665,22.167363731656184,True,41.8,43.0,179.4,178.7,176.1,170.5,93.4,86.5,611.7131495475769,1161.7437744140625,527.5624251365662,1157.7448654174805,659.1966819763184,1163.3782196044922,502.2078251838684,1160.800552368164,611.5143656730652,1117.6472854614258,543.5460519790649,1111.7473983764648,596.7601990699768,1320.4964447021484,537.182811498642,1319.3610763549805,593.5765671730042,1439.9958801269531,524.7820580005646,1436.2584686279297,589.6858620643616,1545.3578567504883,510.41136145591736,1547.076301574707
666,22.200698113207547,True,29.7,25.6,180.0,178.9,176.8,169.3,82.1,72.2,612.9760837554932,1163.6798858642578,528.009946346283,1159.248275756836,664.7796893119812,1175.900001525879,500.25455474853516,1170.3420639038086,618.7063121795654,1132.9449462890625,542.2221565246582,1124.7822189331055,598.0902099609375,1322.299575805664,539.4323587417603,1321.567726135254,593.718831539154,1440.1229095458984,526.0145115852356,1436.6666793823242,589.762659072876,1545.6305694580078,510.8601379394531,1547.3652648925781
667,22.23403249475891,True,18.8,1.0,179.7,178.6,176.4,168.3,65.5,60.5,618.4856414794922,1163.4277725219727,527.5634872913361,1162.2978973388672,664.3364810943604,1190.9130477905273,500.45848846435547,1180.7019424438477,637.6068735122681,1159.3704986572266,543.1058049201965,1150.6467819213867,600.2391743659973,1324.3925857543945,540.7779479026794,1322.7148818969727,594.3744707107544,1442.9611587524414,526.7028844356537,1437.5416946411133,589.7904682159424,1545.820083618164,510.48786878585815,1547.3079299926758
668,22.267366876310273,True,15.1,11.3,178.9,178.0,176.2,167.8,57.7,45.7,622.6240539550781,1169.0409851074219,527.9228496551514,1165.964584350586,669.3288016319275,1207.9115295410156,495.37376046180725,1204.090461730957,655.9965705871582,1188.9526748657227,534.0283727645874,1173.7053680419922,602.0505023002625,1326.155776977539,542.4699282646179,1324.0053176879883,594.4866728782654,1443.391342163086,528.6451470851898,1438.0968475341797,589.7979354858398,1545.9943771362305,511.41133189201355,1548.2366180419922
669,22.300701257861636,True,15.2,27.3,179.0,177.9,177.4,166.3,52.4,38.5,623.5236668586731,1171.9570541381836,528.1570386886597,1167.7435684204102,669.8866581916809,1217.607650756836,494.7417461872101,1220.5565643310547,646.9679975509644,1204.7288131713867,534.9717271327972,1196.9536972045898,604.6101021766663,1327.4434661865234,545.1592397689819,1325.2195358276367,595.8124351501465,1443.9447784423828,530.3140819072723,1438.0548477172852,589.8694539070129,1546.3300323486328,511.65276288986206,1548.1757354736328
670,22.334035639413,True,76.4,44.6,178.8,177.7,177.1,165.6,38.4,30.3,628.2455563545227,1173.9555358886719,528.4622955322266,1169.9592590332031,665.4400277137756,1237.1973037719727,496.39474868774414,1243.2290267944336,655.6706500053406,1240.1528549194336,534.9905240535736,1227.7893447875977,606.7006158828735,1329.3696212768555,546.5656614303589,1325.9279251098633,596.6281056404114,1445.0141143798828,531.2901699542999,1438.377799987793,589.8770499229431,1546.5998840332031,511.7828929424286,1548.182487487793
671,22.367370020964362,True,138.8,83.2,178.2,178.9,177.6,164.2,34.0,25.6,632.455358505249,1178.2177734375,530.142205953598,1173.3124923706055,663.3971500396729,1242.8196716308594,506.3210356235504,1244.718360900879,657.3385548591614,1264.5428466796875,528.7269330024719,1249.3510437011719,609.8797416687012,1330.0825881958008,549.3893837928772,1326.218490600586,597.737832069397,1444.8725509643555,532.3040771484375,1438.5952377319336,590.2150726318359,1546.4228439331055,513.4104681015015,1548.138542175293
672,22.400704402515725,True,159.3,139.4,179.2,179.4,176.7,163.6,32.1,27.3,634.9391269683838,1181.8314743041992,532.9974389076233,1176.1871337890625,662.1332502365112,1244.6678924560547,508.9651572704315,1241.2202453613281,663.9778590202332,1283.0693435668945,525.747492313385,1286.4785385131836,611.9164395332336,1332.0597839355469,551.568603515625,1328.0215072631836,601.1134243011475,1446.6658401489258,532.8206062316895,1441.241569519043,590.3098940849304,1546.409683227539,514.0224623680115,1548.1026077270508
673,22.434038784067088,True,177.4,153.5,178.1,178.0,175.1,165.8,25.2,24.8,636.382884979248,1183.7711334228516,536.4363420009613,1175.9151077270508,655.6465744972229,1252.760009765625,513.5695660114288,1241.876564025879,666.7014813423157,1300.587043762207,520.8224415779114,1297.9016876220703,611.3809847831726,1331.7803192138672,551.6504216194153,1327.6262283325195,601.88725233078,1446.4789581298828,534.7669565677643,1441.080322265625,590.2979850769043,1546.1979675292969,515.2158093452454,1546.6192245483398
674,22.46737316561845,True,173.0,164.3,177.9,180.0,174.2,167.2,19.9,20.5,638.6093544960022,1183.6761474609375,539.2128789424896,1176.108169555664,650.6565713882446,1255.8811569213867,518.7271642684937,1249.9385833740234,666.4016318321228,1309.211196899414,518.9129769802094,1312.7508544921875,611.2294507026672,1332.2418594360352,552.531430721283,1327.738265991211,601.7658448219299,1447.6009368896484,537.010999917984,1441.457633972168,589.990861415863,1546.3707733154297,522.9994404315948,1544.3980407714844
675,22.50070754716981,True,171.4,168.1,177.8,179.7,173.7,168.7,17.6,19.0,640.8476042747498,1182.9437255859375,540.6481075286865,1176.408348083496,649.3454217910767,1257.7960968017578,521.2367463111877,1251.584129333496,664.8483109474182,1315.4325485229492,518.2715320587158,1317.6976776123047,611.2150311470032,1334.132308959961,552.6480746269226,1329.312629699707,601.524703502655,1448.8102340698242,539.0834891796112,1442.9695129394531,589.4049382209778,1546.838035583496,527.4900054931641,1544.4851303100586
676,22.534041928721173,True,172.6,171.0,178.1,178.8,174.0,169.9,15.5,17.2,643.1901383399963,1182.1678161621094,542.246425151825,1176.327781677246,648.4530830383301,1256.5372467041016,524.5005548000336,1251.9519424438477,661.1281299591064,1319.0287399291992,519.4901132583618,1320.5481719970703,612.2280693054199,1335.1891708374023,553.0087566375732,1329.7424697875977,601.3457465171814,1449.020004272461,540.9088182449341,1443.837776184082,588.7193012237549,1546.8620681762695,532.0944786071777,1548.5863494873047
677,22.567376310272536,True,170.4,172.4,178.5,177.5,174.0,171.0,13.5,16.1,645.0058436393738,1181.510009765625,542.7648210525513,1176.4434814453125,647.1301531791687,1253.547706604004,526.1000955104828,1253.4839630126953,660.122880935669,1318.7846374511719,520.3760468959808,1324.7785949707031,612.8961324691772,1335.340576171875,553.131000995636,1329.7794342041016,601.2972736358643,1449.419059753418,542.8329277038574,1444.940071105957,588.7820649147034,1546.9752502441406,537.8514862060547,1552.353286743164
678,22.6007106918239,True,179.3,173.7,178.5,175.4,173.8,171.7,10.8,15.3,646.8890118598938,1181.729621887207,543.5763072967529,1176.4692306518555,645.0324296951294,1254.0645217895508,527.698734998703,1253.3777618408203,644.107518196106,1323.2585906982422,520.8316791057587,1326.1470794677734,613.5356783866882,1335.6679916381836,553.3997583389282,1329.5930099487305,601.483633518219,1450.3184509277344,543.9217329025269,1445.8362579345703,588.7932014465332,1547.0240020751953,543.7998104095459,1560.138816833496
679,22.634045073375262,True,176.8,172.9,178.4,175.5,173.8,172.7,10.3,14.1,647.9050755500793,1182.037696838379,544.3936514854431,1176.4201354980469,645.4130673408508,1250.9843444824219,530.5261266231537,1250.5583953857422,638.974027633667,1321.4553451538086,526.3818883895874,1317.8973770141602,614.1373085975647,1335.757713317871,553.6631083488464,1329.6042251586914,601.6099977493286,1450.7916641235352,545.637788772583,1449.2815017700195,588.5069346427917,1546.5872955322266,547.0086121559143,1570.352668762207
680,22.667379454926625,True,176.1,170.3,178.7,176.4,174.4,172.8,9.8,13.7,648.1145453453064,1182.5371170043945,544.3855404853821,1176.540641784668,645.4970097541809,1248.6888885498047,531.4970004558563,1249.3440628051758,637.602174282074,1322.2931671142578,531.0760653018951,1314.331169128418,615.1106286048889,1336.4552307128906,554.1220235824585,1330.338134765625,601.9574189186096,1451.0135650634766,546.6214084625244,1451.4020919799805,588.8236498832703,1546.574478149414,546.6646027565002,1575.6785202026367
681,22.700713836477988,True,176.1,169.0,178.5,177.6,174.2,173.1,9.9,13.6,648.7315607070923,1184.040870666504,544.3135714530945,1176.998176574707,645.8654165267944,1252.3052215576172,531.698487997055,1249.6319961547852,638.0419063568115,1323.6444854736328,533.0368673801422,1314.6072006225586,615.5228734016418,1336.3942337036133,554.4637155532837,1331.125144958496,602.547333240509,1450.4890823364258,547.8728199005127,1452.0451354980469,589.2251443862915,1545.8583068847656,546.2970972061157,1579.5159530639648
682,22.73404821802935,True,172.8,168.6,178.7,178.8,173.8,174.1,11.9,13.6,649.8152160644531,1186.9169998168945,544.1311383247375,1178.829574584961,648.6699557304382,1258.015022277832,531.3443076610565,1252.8055572509766,638.6745643615723,1328.364372253418,533.1907832622528,1318.6766052246094,615.5567979812622,1337.5593566894531,554.3414068222046,1333.073959350586,602.5564742088318,1450.396385192871,549.984769821167,1453.0854034423828,589.341402053833,1545.992202758789,548.0522274971008,1582.8194046020508
683,22.767382599580714,True,173.2,166.6,178.8,179.4,173.8,174.9,13.6,14.4,649.853196144104,1190.9009170532227,543.8878726959229,1181.1871719360352,650.7792663574219,1264.3161392211914,530.4952919483185,1253.027114868164,643.3568644523621,1333.6948013305664,533.5322821140289,1314.8819732666016,615.3627133369446,1341.3883209228516,554.277548789978,1336.3141250610352,602.5133442878723,1450.884132385254,551.7569589614868,1453.721923828125,589.2566227912903,1546.0347747802734,550.4404020309448,1583.2490158081055
684,22.800716981132076,True,175.5,165.9,178.7,179.0,173.9,175.4,15.0,14.9,649.4898104667664,1193.543586730957,543.7303519248962,1184.377098083496,652.3529934883118,1269.1603088378906,530.1309728622437,1254.0449523925781,649.347095489502,1342.5397109985352,533.3536469936371,1314.9737548828125,615.2346754074097,1344.180793762207,554.1918683052063,1339.380226135254,602.4946761131287,1452.8962326049805,552.6190423965454,1456.823501586914,589.1365671157837,1547.629737854004,553.1957602500916,1586.3798904418945
685,22.83405136268344,True,175.7,162.0,179.2,178.8,174.1,175.8,16.2,16.2,648.97141456604,1195.8372116088867,542.8297090530396,1188.0079650878906,653.6700654029846,1271.5694046020508,527.8838396072388,1257.2585678100586,652.6520705223083,1344.8978805541992,534.1040754318237,1317.9246139526367,615.2107286453247,1345.9850692749023,553.7960386276245,1342.591209411621,602.4919080734253,1453.2805252075195,553.4272456169128,1460.5683517456055,589.9950456619263,1547.515869140625,555.6118726730347,1588.253173828125
686,22.867385744234802,True,173.6,160.9,179.9,177.6,174.4,175.0,18.4,16.4,648.8011479377747,1196.5397644042969,540.32958984375,1190.2717208862305,656.6361165046692,1271.8335342407227,525.5990481376648,1262.5474548339844,656.0421466827393,1347.5343704223633,534.2034995555878,1327.284278869629,615.1607751846313,1348.9900588989258,553.580002784729,1346.605339050293,602.5616240501404,1454.1225814819336,553.2260799407959,1464.598274230957,591.6140270233154,1547.2943115234375,558.3272552490234,1593.9762496948242
687,22.900720125786165,True,174.0,161.1,178.1,177.0,174.9,173.7,19.4,17.2,647.4862003326416,1195.9950256347656,536.2664294242859,1191.4457702636719,657.3930788040161,1270.5238723754883,522.0372891426086,1263.6568450927734,659.4165802001953,1345.8378982543945,531.675056219101,1334.739990234375,615.0799870491028,1350.9765243530273,553.1463861465454,1349.4392395019531,603.042619228363,1453.9806747436523,552.7135419845581,1466.1679458618164,595.3468894958496,1545.8728408813477,559.1942310333252,1600.7831954956055
688,22.934054507337528,True,174.4,161.7,177.3,176.6,175.3,172.8,19.5,17.8,646.020941734314,1195.6702423095703,531.4714443683624,1191.972541809082,657.0155954360962,1270.1006698608398,517.5162434577942,1267.2980117797852,660.6202268600464,1342.5129318237305,527.3075079917908,1338.973045349121,615.0071167945862,1353.427619934082,552.2491550445557,1353.065528869629,603.6284780502319,1453.8875198364258,552.548360824585,1470.637550354004,597.6157808303833,1544.7833633422852,560.6368947029114,1601.759376525879
689,22.96738888888889,True,174.1,161.4,177.6,176.4,175.6,172.5,20.3,19.7,643.760998249054,1195.1165771484375,528.6199450492859,1191.2079620361328,656.6934728622437,1268.5557174682617,512.9013097286224,1266.7325592041016,661.7672896385193,1339.6966552734375,521.3933658599854,1337.4520111083984,614.9580001831055,1353.1442642211914,551.4105033874512,1353.8960266113281,604.5116758346558,1454.4218444824219,552.4632596969604,1474.7900390625,599.0907597541809,1542.865104675293,561.9147634506226,1605.4863739013672
690,23.00072327044025,True,173.5,163.8,178.8,176.3,175.6,172.3,21.0,20.7,641.0201239585876,1193.4641647338867,526.1944663524628,1190.566635131836,656.4944314956665,1268.232765197754,509.7768044471741,1266.6846084594727,662.8550004959106,1337.8249740600586,514.9814593791962,1339.6822357177734,614.8276448249817,1352.7604293823242,550.8179497718811,1353.9467239379883,605.9623217582703,1454.7457122802734,552.5861477851868,1477.2886276245117,600.3524708747864,1539.6172714233398,563.3245325088501,1612.3933410644531
691,23.034057651991613,True,172.4,168.4,176.6,175.2,174.7,172.2,21.0,20.8,638.2064437866211,1189.431266784668,524.5839822292328,1189.1193008422852,655.6017708778381,1266.4512634277344,508.3749854564667,1265.3990936279297,661.9587349891663,1337.3793411254883,507.9194176197052,1337.5555801391602,614.4487452507019,1351.9905853271484,550.1177644729614,1353.7677383422852,608.9802575111389,1456.2356185913086,552.4479389190674,1485.3760528564453,600.2761888504028,1533.8346862792969,566.0772514343262,1619.4345474243164
692,23.067392033542976,True,172.0,171.9,173.6,175.6,174.0,172.2,21.3,21.0,636.4357352256775,1186.050682067871,522.5431644916534,1187.3301315307617,654.8666310310364,1263.1483840942383,506.38357400894165,1264.5677947998047,661.6870808601379,1334.8191833496094,501.7489743232727,1335.7445526123047,613.5841512680054,1351.6636276245117,549.6050333976746,1353.8481903076172,610.0944900512695,1459.0277481079102,552.838876247406,1487.2588348388672,600.1415205001831,1527.9900741577148,566.1488342285156,1618.6002731323242
693,23.10072641509434,True,171.0,173.0,172.1,176.1,172.7,172.5,21.8,20.7,635.756664276123,1183.4980773925781,521.4252948760986,1185.6542587280273,654.7150325775146,1260.9971237182617,505.43806314468384,1264.2059326171875,660.6697297096252,1333.0789947509766,499.6869456768036,1337.2874450683594,611.9540977478027,1351.9806289672852,548.7574982643127,1353.8971710205078,610.5298447608948,1462.7093124389648,552.7460503578186,1487.9740905761719,600.519711971283,1528.3000946044922,565.4393792152405,1616.289939880371
694,23.134060796645702,True,170.3,174.0,170.7,176.0,172.0,172.7,22.2,20.0,634.8775219917297,1182.0430755615234,519.9697887897491,1184.5410919189453,654.6547794342041,1259.9024963378906,504.3676686286926,1265.2315521240234,660.4392099380493,1332.495002746582,497.76766419410706,1341.8910598754883,610.9457588195801,1352.9393005371094,547.2786569595337,1354.9720001220703,611.0958766937256,1471.219253540039,551.6183638572693,1489.6080780029297,600.8523917198181,1534.1119766235352,564.8721241950989,1618.0139923095703
695,23.167395178197065,True,168.9,174.6,171.7,176.1,171.5,173.1,22.8,19.8,633.9086437225342,1181.2017059326172,518.6303150653839,1183.4781646728516,654.6026372909546,1259.0245056152344,503.1159996986389,1265.2203369140625,659.4067311286926,1332.2692108154297,495.8700442314148,1342.8783416748047,609.8224496841431,1353.6799621582031,545.8554983139038,1355.2892303466797,610.8897542953491,1473.9446640014648,550.7974791526794,1489.4614791870117,600.7440519332886,1548.4177780151367,564.3646717071533,1617.2709274291992
696,23.200729559748428,True,167.6,174.1,173.6,176.6,171.3,174.3,23.3,19.2,633.2779812812805,1180.9565734863281,517.4689292907715,1182.2292709350586,654.2957067489624,1258.8011169433594,501.80633068084717,1265.2603912353516,657.7463579177856,1332.1199798583984,495.0809597969055,1344.9010848999023,608.3997416496277,1353.9411163330078,543.4806489944458,1355.3496551513672,609.4920229911804,1475.8800888061523,550.0960063934326,1489.4981002807617,599.8983836174011,1569.2086029052734,564.0158987045288,1617.6177978515625
697,23.23406394129979,True,165.5,172.4,176.6,176.5,171.7,174.8,24.1,19.1,632.2380995750427,1180.6354522705078,516.0772168636322,1181.890754699707,654.2713737487793,1258.817253112793,500.0243890285492,1266.7798233032227,655.8666658401489,1333.6037063598633,495.6181526184082,1348.0653762817383,606.7848801612854,1354.2101669311523,541.5936827659607,1355.8910751342773,606.7548179626465,1480.0095748901367,549.0442800521851,1489.6757125854492,599.8685145378113,1594.581642150879,563.9073657989502,1616.1425399780273
698,23.267398322851154,True,164.6,172.0,178.5,175.9,172.0,175.1,24.1,18.5,631.8698215484619,1180.7947540283203,515.1022231578827,1181.9293212890625,653.7122297286987,1259.117202758789,499.4694936275482,1267.6706314086914,653.999719619751,1336.9500732421875,496.19834661483765,1346.7816925048828,605.7720994949341,1354.6816635131836,540.0628924369812,1356.7394256591797,604.5490121841431,1483.502082824707,547.5040912628174,1490.56640625,599.9395179748535,1614.499168395996,563.7057495117188,1617.3755264282227
699,23.300732704402517,True,165.1,170.4,179.7,174.5,172.9,174.5,23.3,18.6,631.4165711402893,1180.8263397216797,514.457688331604,1182.015724182129,653.0976605415344,1261.2445449829102,498.66891860961914,1267.4788284301758,653.3052635192871,1341.8012237548828,497.50537633895874,1346.3907623291016,605.9200286865234,1357.7098846435547,540.1364064216614,1361.4922714233398,603.3030724525452,1488.3467102050781,546.3229751586914,1497.2005462646484,599.8817110061646,1625.1831436157227,563.5312342643738,1618.3570861816406
700,23.33406708595388,True,165.1,167.9,178.5,174.1,174.0,174.4,23.0,19.6,631.130690574646,1183.2964324951172,513.864072561264,1183.0035781860352,652.9985904693604,1264.5984649658203,496.76788687705994,1268.1523132324219,653.2488083839417,1346.7687606811523,497.8190016746521,1345.539436340332,606.078450679779,1361.8986511230469,540.148766040802,1365.2403259277344,601.1776041984558,1500.9322357177734,546.3545823097229,1503.7845611572266,599.8755311965942,1642.635841369629,563.4425282478333,1618.608512878418
701,23.367401467505243,True,165.8,165.7,177.6,173.8,174.5,174.5,22.6,19.7,630.7596445083618,1186.607894897461,513.2902193069458,1184.5179748535156,652.7311849594116,1270.1153182983398,495.94690561294556,1269.5021438598633,653.4881472587585,1357.6992416381836,499.47097420692444,1343.763313293457,605.6309938430786,1369.1727447509766,539.9791753292084,1370.4083633422852,599.774272441864,1513.758430480957,546.4273238182068,1510.3271484375,599.9494314193726,1649.8881912231445,563.3284592628479,1618.516502380371
702,23.400735849056606,True,166.9,161.8,177.6,174.6,173.5,175.7,22.8,19.3,630.8691430091858,1191.1874771118164,512.8217124938965,1187.6098251342773,652.7353692054749,1274.8959732055664,495.09257912635803,1273.5882568359375,655.0825381278992,1364.5551681518555,503.1888699531555,1343.6567687988281,604.3193936347961,1375.3118133544922,538.045699596405,1374.90234375,599.9382948875427,1520.013656616211,546.3558053970337,1514.278678894043,601.5428566932678,1661.3980865478516,563.2452893257141,1623.0109405517578
703,23.43407023060797,True,169.0,156.3,177.5,174.7,173.4,175.7,22.2,20.1,631.6441941261292,1195.3978729248047,512.8894650936127,1191.2541961669922,652.7512693405151,1280.3087997436523,493.8471221923828,1277.343864440918,657.3216247558594,1369.606590270996,506.94587230682373,1343.3942413330078,604.4140863418579,1382.3155975341797,538.2446765899658,1380.3505325317383,600.0803661346436,1525.107078552246,546.2022757530212,1515.1990127563477,602.0006132125854,1663.0500411987305,562.5947999954224,1622.6612091064453
704,23.46740461215933,True,170.8,152.0,177.1,174.3,173.2,175.5,21.6,21.3,633.689067363739,1199.120750427246,513.12384724617,1193.2302474975586,653.6306691169739,1286.477279663086,492.5374209880829,1276.9980239868164,659.350597858429,1377.0871353149414,509.22271370887756,1342.9043197631836,604.5026636123657,1388.744773864746,538.4038710594177,1384.2213821411133,599.5960879325867,1530.9690856933594,545.4643678665161,1516.4459609985352,602.0029950141907,1673.9348602294922,561.8307566642761,1622.5770950317383
705,23.50073899371069,True,172.9,149.1,177.4,173.6,172.5,175.0,20.7,21.2,636.6550540924072,1201.2170791625977,513.2593524456024,1195.067138671875,654.6941113471985,1292.1839904785156,492.6288306713104,1279.9831008911133,661.3012933731079,1382.918701171875,512.446836233139,1343.8011932373047,604.5519089698792,1393.2538604736328,538.5345482826233,1387.1693801879883,599.5481944084167,1539.1021728515625,544.0729451179504,1515.787353515625,601.2607741355896,1683.7453079223633,560.1855754852295,1619.3790435791016
706,23.534073375262054,True,174.7,148.8,178.9,172.5,171.7,174.6,20.2,20.7,639.7448301315308,1203.574447631836,513.7225806713104,1196.3374328613281,655.9929656982422,1295.606918334961,493.088743686676,1282.8577423095703,663.467960357666,1386.1360931396484,513.4778344631195,1346.4680099487305,604.5882797241211,1398.4513092041016,538.4574615955353,1391.0869216918945,599.643337726593,1546.8105697631836,542.7178287506104,1523.349952697754,597.6156520843506,1690.320053100586,558.564920425415,1619.263572692871
707,23.567407756813417,True,176.6,149.2,179.6,172.1,171.6,174.2,20.4,20.2,643.4142851829529,1204.932632446289,514.5069658756256,1196.9073486328125,659.5027756690979,1298.7723541259766,493.3816730976105,1286.14013671875,669.3779826164246,1388.4880828857422,514.833562374115,1354.3257522583008,606.2382888793945,1402.5018310546875,538.5230576992035,1395.8025741577148,600.2875828742981,1553.4110641479492,541.1047053337097,1529.8670196533203,595.1573753356934,1708.352394104004,555.5708026885986,1620.8397674560547
708,23.60074213836478,True,178.3,149.3,180.0,169.6,172.5,173.5,19.7,20.6,647.1225571632385,1205.141258239746,516.6348159313202,1196.9590759277344,662.6864075660706,1301.1958694458008,493.7366259098053,1288.597183227539,675.0287103652954,1394.3071746826172,515.466799736023,1361.3495635986328,610.1703858375549,1403.8023376464844,539.8204958438873,1397.9056549072266,601.8849349021912,1559.8726272583008,540.0930833816528,1537.6037979125977,593.3450818061829,1720.9774017333984,555.0509262084961,1618.2290267944336
709,23.634076519916142,True,179.4,152.0,178.9,165.4,172.6,172.7,18.3,20.1,651.4922618865967,1204.5197296142578,518.5620152950287,1196.492042541504,664.6239709854126,1302.2330474853516,495.5935299396515,1291.3393020629883,676.222186088562,1395.6762313842773,515.1826894283295,1367.889633178711,613.620457649231,1405.2004623413086,541.6713809967041,1399.775047302246,604.7364664077759,1562.1134948730469,539.5318472385406,1545.8884048461914,592.6556468009949,1721.4058685302734,556.7273283004761,1616.18408203125
710,23.667410901467505,True,177.5,155.5,178.2,160.3,173.6,171.6,18.4,19.1,652.5157284736633,1203.8549423217773,519.1256010532379,1196.279296875,666.9985628128052,1301.2954330444336,497.1583092212677,1296.1394119262695,676.7984533309937,1395.6727981567383,514.910649061203,1379.1351699829102,617.0881032943726,1406.2703704833984,543.0931234359741,1402.0342254638672,607.4376225471497,1564.1111755371094,538.5309433937073,1551.4763259887695,592.933030128479,1719.4136810302734,559.0172052383423,1614.814338684082
711,23.70074528301887,True,177.1,159.1,176.8,153.9,173.4,170.9,18.6,17.7,653.7290954589844,1203.8008117675781,519.3372917175293,1195.517807006836,668.8424634933472,1302.5913619995117,499.293497800827,1299.1748428344727,678.479425907135,1397.717056274414,514.6393489837646,1386.327781677246,618.5578680038452,1405.7795333862305,544.0159749984741,1402.3413848876953,609.3048906326294,1566.1648178100586,537.825608253479,1556.9959259033203,592.390558719635,1715.1850891113281,558.8844037055969,1604.8300552368164
712,23.73407966457023,True,175.6,162.2,176.2,155.3,173.5,169.5,18.8,17.0,655.2891755104065,1202.0428848266602,519.4119322299957,1193.7147903442383,671.082193851471,1301.9737243652344,500.2539110183716,1300.3827667236328,678.863410949707,1398.2746124267578,512.4417185783386,1391.2413024902344,620.1698327064514,1405.3506088256836,544.4181132316589,1402.8273010253906,610.9510374069214,1564.2717361450195,534.4472801685333,1558.4407424926758,592.2546672821045,1713.3313751220703,558.3787536621094,1620.6797790527344
713,23.767414046121594,True,174.7,166.7,176.0,159.0,173.4,168.2,18.8,16.2,656.3987731933594,1199.3302917480469,519.4080054759979,1191.3772201538086,672.4625444412231,1301.4741897583008,501.0863184928894,1302.0220184326172,678.6105537414551,1399.2616653442383,507.57566571235657,1396.6167068481445,620.6519865989685,1404.0662384033203,544.4003462791443,1402.4945068359375,611.4770936965942,1563.3586120605469,530.5341732501984,1560.2840423583984,592.4166297912598,1712.142105102539,553.8050508499146,1641.7252349853516
714,23.800748427672957,True,173.3,171.2,175.4,166.4,173.2,168.6,18.8,15.5,658.0035281181335,1195.7394790649414,519.4048511981964,1189.1863632202148,674.3877482414246,1300.700569152832,501.79258704185486,1302.0056533813477,678.1137228012085,1398.1552505493164,501.7236113548279,1399.9793243408203,621.6064453125,1403.8655090332031,544.3525815010071,1402.3125457763672,612.6825428009033,1567.3102569580078,531.0948622226715,1562.0092391967773,592.447464466095,1716.1494827270508,549.7742700576782,1682.1662521362305
715,23.83408280922432,True,171.5,174.0,175.7,170.3,173.5,169.0,19.3,15.3,658.5771560668945,1194.0095901489258,519.4231009483337,1188.3488845825195,676.2268853187561,1300.1426696777344,501.80304765701294,1302.5030136108398,677.855715751648,1396.7961502075195,496.8476128578186,1404.0003204345703,622.1377801895142,1404.3549728393555,544.148519039154,1403.3647155761719,612.7895307540894,1567.404441833496,531.6616666316986,1563.3420181274414,592.5424146652222,1720.1905059814453,544.9058675765991,1707.2654342651367
716,23.867417190775683,True,171.2,174.8,176.6,172.7,174.4,169.3,19.1,15.9,660.3317713737488,1193.5750579833984,519.4198501110077,1188.390884399414,677.8748345375061,1299.774284362793,500.3169000148773,1302.846450805664,678.8579392433167,1396.332664489746,492.65815258026123,1406.2784957885742,624.0045976638794,1406.6040802001953,544.0075421333313,1406.055908203125,612.6441764831543,1566.8254852294922,532.0552432537079,1567.1710968017578,592.6001572608948,1719.557876586914,539.7027575969696,1711.1043548583984
717,23.900751572327046,True,171.4,177.5,176.5,177.0,174.8,169.9,18.7,15.9,661.3598084449768,1193.5993194580078,519.4172430038452,1188.7933731079102,678.7641477584839,1301.5308380126953,499.96973633766174,1303.802604675293,679.7688174247742,1398.042869567871,487.3169946670532,1406.0948181152344,624.8182082176208,1411.3977813720703,543.7256526947021,1410.457878112793,612.666642665863,1573.6505126953125,532.3755633831024,1579.4453430175781,592.5537443161011,1721.7211532592773,529.8876428604126,1745.8069610595703
718,23.93408595387841,True,169.1,179.1,176.4,179.2,175.5,170.3,19.6,15.9,661.5006566047668,1196.0544204711914,519.3930065631866,1189.7068405151367,681.5993928909302,1304.5333099365234,499.3139684200287,1305.0125885009766,680.9724640846252,1403.5039901733398,483.1487452983856,1407.2837448120117,625.708487033844,1419.257469177246,543.6608934402466,1418.330955505371,612.6484894752502,1582.8837203979492,532.5902152061462,1594.6760559082031,592.5191116333008,1722.4084854125977,524.1931736469269,1768.6688232421875
719,23.96742033542977,True,167.1,179.1,176.3,179.3,175.9,170.5,20.8,17.3,661.3730692863464,1200.091781616211,518.8916051387787,1193.2109069824219,683.7677979469299,1305.871696472168,495.95157265663147,1308.097801208496,682.1693515777588,1406.2781524658203,477.05719113349915,1411.1566543579102,626.1488628387451,1425.6677627563477,543.6388778686523,1426.519546508789,612.6737236976624,1588.652572631836,532.9591691493988,1605.0162506103516,592.5341749191284,1724.505386352539,518.9496374130249,1798.7651824951172
720,24.00075471698113,True,166.6,176.4,175.2,179.8,176.0,170.3,20.9,19.4,661.6451096534729,1206.7973327636719,517.6270294189453,1199.9213790893555,684.57683801651,1312.2954940795898,491.61704778671265,1311.888656616211,682.544002532959,1413.7107467651367,474.0747570991516,1416.7440032958984,627.1138787269592,1433.9365768432617,543.6470532417297,1435.521354675293,614.3219947814941,1592.4927520751953,533.0333912372589,1614.7247314453125,592.5549030303955,1723.183937072754,522.8584635257721,1794.9998474121094
721,24.034089098532494,True,167.3,177.0,175.8,179.2,176.5,169.7,20.9,19.4,661.5540218353271,1211.5989303588867,514.697767496109,1205.6413650512695,684.7964143753052,1317.5164031982422,489.953134059906,1317.5444412231445,684.2831039428711,1420.1176071166992,472.67049193382263,1421.6701126098633,627.6151514053345,1438.5197067260742,543.5251951217651,1441.3167572021484,614.3409848213196,1589.4626998901367,533.40784907341,1618.040885925293,592.7222728729248,1722.004280090332,525.7374823093414,1795.5743408203125
722,24.067423480083857,True,167.9,176.6,176.1,179.2,176.8,169.3,20.5,20.0,661.4083456993103,1216.3268280029297,510.8504819869995,1210.0061416625977,684.4865870475769,1324.2949676513672,486.22023940086365,1323.6518096923828,684.4310331344604,1424.9803161621094,469.7684597969055,1429.7815704345703,627.7811050415039,1442.6380920410156,543.002679347992,1447.0027542114258,614.2965030670166,1588.5548400878906,533.5458326339722,1631.752052307129,592.7871608734131,1721.121711730957,526.8005383014679,1815.4268646240234
723,24.10075786163522,True,168.6,177.9,176.4,179.2,176.8,169.4,19.8,20.2,661.254301071167,1218.2525253295898,507.0351576805115,1213.6808395385742,683.9871168136597,1329.9631118774414,482.4470794200897,1328.4909439086914,684.1774034500122,1433.2017517089844,463.51256132125854,1435.93505859375,627.8118753433228,1447.053565979004,541.0326075553894,1451.5142440795898,615.0345396995544,1589.6660614013672,532.9794466495514,1640.8502197265625,594.8555302619934,1720.5444717407227,527.963308095932,1818.9781951904297
724,24.134092243186583,True,168.5,178.6,177.0,179.3,176.7,170.9,19.7,19.1,661.2241101264954,1219.5571517944336,503.5919415950775,1215.4499816894531,683.9259624481201,1331.7089080810547,480.8773112297058,1329.576301574707,683.8602375984192,1437.9543685913086,462.2616970539093,1436.5670013427734,627.7035355567932,1451.5022277832031,536.5314853191376,1454.6207427978516,615.2236032485962,1596.9671630859375,532.363783121109,1645.1188659667969,598.0188202857971,1720.4425048828125,530.5977737903595,1816.7199325561523
725,24.167426624737946,True,171.1,178.1,174.4,177.0,175.5,171.8,18.3,19.4,660.7985401153564,1219.2622375488281,500.2502417564392,1216.4471054077148,681.319305896759,1333.4668350219727,477.00910449028015,1330.4936599731445,683.7844061851501,1443.4907913208008,457.9770290851593,1443.3174133300781,627.4510645866394,1454.2497253417969,533.2798433303833,1455.9149551391602,617.6106190681458,1612.0762252807617,532.0713043212891,1649.937973022461,601.9805932044983,1709.157485961914,539.5041024684906,1812.6331329345703
726,24.20076100628931,True,175.3,179.5,169.9,178.5,173.8,172.9,16.3,18.7,660.575487613678,1218.9670944213867,498.5769295692444,1215.7125091552734,677.2186160087585,1338.0564880371094,475.58115005493164,1331.6109466552734,683.679027557373,1450.0919723510742,454.34375166893005,1444.302635192871,625.562424659729,1457.2318267822266,530.1724290847778,1456.2023162841797,619.1657423973083,1624.167709350586,531.4627540111542,1649.8883056640625,601.7207193374634,1704.1117858886719,537.3039615154266,1830.7078170776367
727,24.23409538784067,True,178.7,180.0,162.6,179.1,172.2,174.4,15.1,17.5,660.1253271102905,1218.1772232055664,496.7787981033325,1214.5452117919922,673.6858892440796,1341.6889572143555,474.42034363746643,1333.8179397583008,683.4792137145996,1455.1765823364258,453.31066131591797,1446.6381454467773,622.4508261680603,1461.5410995483398,526.2061178684235,1458.3230209350586,619.2933940887451,1648.7309646606445,530.8922159671783,1665.2008438110352,601.8533277511597,1701.200065612793,538.0675542354584,1852.517967224121
728,24.267429769392034,True,180.0,178.9,146.0,177.8,171.1,174.7,14.4,17.2,660.1008009910583,1216.7273712158203,495.9778046607971,1212.037582397461,672.2232699394226,1341.053237915039,472.864705324173,1333.5950088500977,683.5103058815002,1455.9968948364258,453.1305778026581,1449.0974807739258,621.4280033111572,1464.8680114746094,524.0981590747833,1459.888687133789,621.5481877326965,1667.9349517822266,528.4871113300323,1667.8459167480469,598.6240553855896,1701.9511413574219,539.3280744552612,1851.8163299560547
729,24.300764150943397,True,179.9,178.8,147.6,176.5,171.1,174.0,14.4,16.5,660.6692147254944,1211.7208099365234,494.9200916290283,1205.2315521240234,673.0858683586121,1339.5831298828125,472.1138906478882,1333.8311004638672,684.2005133628845,1457.1741485595703,453.26064348220825,1454.322509765625,621.3857746124268,1462.7791213989258,523.590931892395,1459.5865631103516,621.471004486084,1667.1464538574219,525.3503429889679,1669.789695739746,586.5422701835632,1722.176856994629,538.6052942276001,1860.5513763427734
730,24.33409853249476,True,179.7,175.6,153.5,176.6,168.8,174.6,14.5,17.4,661.8447303771973,1207.506980895996,494.29264783859253,1199.7320938110352,673.7546396255493,1338.1536483764648,467.39312767982483,1333.1721496582031,685.129029750824,1455.0812530517578,452.1413254737854,1458.1855773925781,620.1146650314331,1463.0443954467773,521.9294321537018,1460.7122039794922,626.9000315666199,1661.385154724121,524.4648921489716,1673.5161209106445,585.3466701507568,1752.5447845458984,538.5803174972534,1870.3368759155273
731,24.367432914046123,True,178.0,175.1,158.4,175.0,167.3,175.5,16.2,16.6,664.3721437454224,1205.0727081298828,493.2292377948761,1196.3495635986328,678.765435218811,1337.746353149414,466.1083388328552,1333.8589096069336,687.4714350700378,1455.6502532958984,452.12207794189453,1462.2859954833984,618.6671733856201,1464.968147277832,518.6958467960358,1462.566032409668,628.3939361572266,1666.5433502197266,522.1832871437073,1678.465232849121,583.5999727249146,1797.6808547973633,541.8392014503479,1869.0553665161133
732,24.400767295597486,True,174.6,175.4,160.6,172.9,166.4,175.4,18.1,15.7,666.342601776123,1203.753433227539,491.0362422466278,1194.8237228393555,684.5147824287415,1337.3642349243164,465.66545248031616,1337.409439086914,689.3276309967041,1456.7875671386719,453.16418051719666,1467.4365234375,618.1267619132996,1466.6733169555664,517.6917243003845,1465.2152252197266,629.5670700073242,1671.1506271362305,521.6525959968567,1679.0226745605469,583.0177187919617,1831.6789627075195,547.829110622406,1860.5591583251953
733,24.43410167714885,True,173.8,174.1,162.8,172.7,166.1,175.5,18.5,14.3,669.1710233688354,1204.0268325805664,489.4202220439911,1195.4890823364258,687.2759985923767,1338.7128067016602,466.698317527771,1344.6007919311523,690.2952218055725,1460.1387405395508,460.59372782707214,1469.421501159668,617.806441783905,1472.2610092163086,516.4977979660034,1469.5992279052734,629.1703391075134,1682.259864807129,520.6285500526428,1684.9599838256836,585.2925968170166,1857.5358581542969,546.3981628417969,1858.623275756836
734,24.467436058700212,True,174.3,172.9,165.7,173.1,166.0,176.1,18.8,14.2,670.1404809951782,1205.386848449707,489.6418261528015,1196.2836456298828,688.8060164451599,1341.6918182373047,467.37342953681946,1345.7985305786133,693.3643341064453,1465.6115341186523,464.28358912467957,1472.716941833496,617.8209900856018,1473.4693908691406,516.9599640369415,1469.916000366211,628.9108514785767,1689.4353103637695,523.3846485614777,1679.4957733154297,597.5302290916443,1845.3421783447266,550.7217121124268,1859.132308959961
735,24.50077044025157,True,174.8,170.7,177.5,173.1,165.9,176.2,19.6,14.5,670.9553146362305,1208.8017654418945,489.91647362709045,1200.963134765625,691.530282497406,1343.6449813842773,467.1042859554291,1348.2210159301758,699.0933394432068,1468.7275314331055,468.1817936897278,1477.5097274780273,617.8697204589844,1483.2282257080078,517.5825798511505,1477.6883697509766,629.9023246765137,1700.343360900879,524.3442249298096,1681.9416046142578,648.7173342704773,1888.7666702270508,552.1180272102356,1861.0565185546875
736,24.534104821802934,True,174.2,167.8,175.8,172.5,166.3,176.0,19.9,14.5,674.0728998184204,1217.4664306640625,490.14325976371765,1208.9372634887695,695.5023550987244,1355.2288055419922,467.45824098587036,1353.6479187011719,702.1737813949585,1479.9017715454102,474.8347771167755,1482.5636672973633,619.4937229156494,1497.7059173583984,517.9827225208282,1491.060905456543,630.0103425979614,1724.139404296875,524.0063953399658,1704.2231369018555,653.191967010498,1916.949462890625,551.1599636077881,1873.048324584961
737,24.567439203354297,True,174.5,166.1,174.0,171.3,166.5,176.1,19.6,14.3,680.6700396537781,1229.3194198608398,490.3081512451172,1216.9906997680664,700.6034016609192,1371.7264938354492,467.7381670475006,1363.1419372558594,705.9938049316406,1496.114845275879,479.02517080307007,1489.4076919555664,622.2456049919128,1513.6024475097656,518.1225085258484,1507.2792434692383,629.7325086593628,1739.9575424194336,524.0628182888031,1722.4009323120117,656.4978432655334,1934.0231323242188,551.7378401756287,1874.5067596435547
738,24.60077358490566,True,173.8,165.0,172.5,169.7,167.9,175.9,19.4,13.9,687.0214033126831,1235.0440979003906,491.96144342422485,1222.9402542114258,707.9784250259399,1381.7160415649414,469.24317598342896,1373.5743713378906,712.3548245429993,1510.788803100586,483.50260376930237,1500.8601379394531,628.8690733909607,1526.1377334594727,519.5701932907104,1520.2379608154297,631.9366407394409,1754.4733428955078,524.1247451305389,1734.6155548095703,656.372058391571,1921.6143035888672,553.1651830673218,1877.1881103515625
739,24.634107966457023,True,174.4,163.7,176.5,169.0,165.5,175.9,18.7,14.1,694.8263740539551,1240.7844543457031,498.7161362171173,1224.6551513671875,713.0051851272583,1390.9031295776367,472.9408264160156,1378.5706329345703,716.0116624832153,1524.8223495483398,489.1276788711548,1514.0423583984375,634.236946105957,1530.5863952636719,522.6017439365387,1522.939682006836,645.0119590759277,1758.171272277832,524.4034481048584,1736.1445999145508,665.356342792511,1946.609115600586,552.7263522148132,1876.0266494750977
740,24.667442348008386,True,176.1,164.2,178.5,168.8,164.6,175.3,16.3,13.9,703.2205510139465,1241.4697265625,506.0319685935974,1225.1543426513672,716.0869789123535,1391.949119567871,479.1766405105591,1381.505355834961,718.4675574302673,1526.6758346557617,494.181250333786,1523.5173797607422,644.4412922859192,1533.9535903930664,528.0335068702698,1526.744728088379,660.616557598114,1763.6038970947266,525.9236490726471,1743.061637878418,679.0123057365417,1953.4691619873047,552.4157524108887,1884.235496520996
741,24.70077672955975,True,175.5,164.2,178.4,168.7,164.2,174.0,14.8,14.0,713.8814306259155,1243.3324813842773,515.7838690280914,1224.880485534668,723.1925368309021,1394.8071670532227,487.28310227394104,1384.906883239746,720.8458828926086,1533.412971496582,502.14139223098755,1533.1412887573242,654.5613098144531,1541.231346130371,537.0784950256348,1536.3150787353516,671.8060040473938,1759.1120910644531,529.61376786232,1745.0690460205078,689.789571762085,1927.0321655273438,553.7632727622986,1893.4795761108398
742,24.734111111111112,True,172.0,165.1,179.9,167.9,165.0,172.4,14.0,13.3,722.4422693252563,1244.0301132202148,522.307140827179,1223.8335800170898,731.2049174308777,1395.252914428711,494.51335072517395,1390.9357452392578,720.1566410064697,1530.867576599121,509.4199526309967,1546.8038177490234,664.9766707420349,1548.1664657592773,543.8545918464661,1543.831558227539,681.5638589859009,1769.1595458984375,530.5728614330292,1747.8398895263672,693.4943675994873,1922.892837524414,551.6716003417969,1891.4717102050781
743,24.767445492662475,True,169.6,167.5,178.3,165.3,166.1,170.2,14.2,12.4,727.4625277519226,1243.8692092895508,527.683607339859,1223.1249618530273,738.9603209495544,1390.3173065185547,503.2065725326538,1394.8554611206055,725.108470916748,1524.6730041503906,515.1727437973022,1551.9170379638672,674.1224670410156,1555.3214263916016,552.1847176551819,1551.8020248413086,690.2372217178345,1777.9148483276367,531.7048931121826,1764.3988037109375,696.2783718109131,1917.5658416748047,552.3690819740295,1892.6792907714844
744,24.800779874213838,True,169.3,168.8,178.2,159.6,168.1,169.5,13.7,12.5,733.8171100616455,1242.7674865722656,534.580146074295,1222.7588653564453,746.5544700622559,1391.2235641479492,510.1603388786316,1397.5811004638672,732.5522446632385,1528.7348556518555,519.2993116378784,1559.0023040771484,684.863748550415,1557.6958465576172,560.765962600708,1554.451789855957,697.2482800483704,1789.6904754638672,536.5994954109192,1784.3649673461914,700.0968503952026,1916.8791961669922,565.4802560806274,1896.9919967651367
745,24.8341142557652,True,165.3,169.6,178.4,161.7,170.1,169.8,16.3,12.9,739.610230922699,1241.8970489501953,539.919308423996,1221.778221130371,759.1164779663086,1394.663429260254,513.0419969558716,1396.783332824707,740.83331823349,1534.8248291015625,517.7427399158478,1562.743034362793,689.1891002655029,1558.161506652832,564.1102051734924,1551.1533737182617,692.700777053833,1787.8733825683594,539.5933878421783,1785.3134536743164,691.07426404953,1913.3181381225586,565.0103330612183,1901.4173126220703
746,24.867448637316564,True,166.2,169.7,177.8,167.3,171.0,172.1,16.1,13.0,746.2257814407349,1241.564712524414,545.9747171401978,1219.3793106079102,766.1109924316406,1401.3800811767578,517.273074388504,1397.1623611450195,748.7923979759216,1548.0931091308594,520.6873869895935,1566.7377090454102,695.1998019218445,1563.834457397461,568.6215305328369,1555.1312255859375,695.2956533432007,1804.709587097168,552.0259737968445,1791.2560272216797,690.8241748809814,1920.5323791503906,569.5274519920349,1905.6382369995117
747,24.900783018867926,True,170.1,167.1,179.8,169.6,169.5,174.2,14.9,14.4,753.462016582489,1240.1495361328125,552.5884652137756,1217.340202331543,771.0386180877686,1403.6074447631836,517.5612080097198,1395.860824584961,761.1266541481018,1555.0587844848633,523.0745315551758,1571.066665649414,702.8390765190125,1566.7588806152344,572.4657583236694,1560.6251907348633,710.3848171234131,1816.930046081543,561.3128113746643,1814.09912109375,715.9309387207031,1982.8500366210938,576.0853886604309,1921.307601928711
748,24.93411740041929,True,175.5,163.2,177.2,168.9,170.4,173.2,12.6,16.6,757.5998497009277,1239.854850769043,559.1343641281128,1216.586036682129,769.9893379211426,1411.838264465332,515.6463038921356,1396.710548400879,769.0852189064026,1563.6933517456055,525.8254480361938,1579.5880508422852,707.9620742797852,1571.2997817993164,577.8510117530823,1566.251335144043,712.886803150177,1825.543441772461,560.8847951889038,1828.8695526123047,708.9082288742065,1958.5887908935547,574.7206163406372,1935.7200622558594
749,24.967451781970652,True,177.8,160.2,178.7,171.8,170.6,172.9,10.4,18.7,768.1583762168884,1239.9592208862305,563.8769817352295,1216.563377380371,771.8351054191589,1422.3334121704102,514.0645623207092,1399.4035720825195,781.0941338539124,1579.9566650390625,528.5881447792053,1580.8977127075195,713.7777256965637,1573.677864074707,585.1877331733704,1571.7926788330078,714.2606520652771,1829.9895858764648,568.0823421478271,1836.3080978393555,718.9742374420166,2016.430435180664,581.3522601127625,2005.1923370361328
750,25.00078616352201,True,172.9,150.8,179.9,175.2,168.1,177.6,11.0,22.8,771.3281679153442,1245.7918167114258,572.0444369316101,1217.3085021972656,774.3032956123352,1432.225227355957,503.21149706840515,1399.346809387207,795.558557510376,1583.807258605957,530.5861866474152,1582.9533004760742,710.9157013893127,1584.0169143676758,585.4283595085144,1585.327491760254,718.7919974327087,1843.1445693969727,583.7560129165649,1856.7464447021484,725.1360869407654,2044.1558074951172,598.0139923095703,2040.8260345458984
751,25.034120545073375,True,168.8,137.6,178.2,175.6,165.7,179.4,11.4,29.7,777.5669431686401,1255.8596420288086,575.9225249290466,1225.6331634521484,777.7233052253723,1442.7088165283203,485.33092617988586,1399.7473526000977,806.2856125831604,1586.4692687988281,533.4324395656586,1580.6952667236328,710.2325749397278,1590.4545593261719,589.9961400032043,1597.3414993286133,722.716691493988,1836.5912246704102,597.4285197257996,1860.6768035888672,726.3264083862305,2028.5607147216797,617.4371981620789,2049.7611236572266
752,25.067454926624738,True,162.3,127.6,177.6,176.0,163.1,179.1,11.3,34.6,790.3000545501709,1266.2499618530273,585.0867962837219,1233.0895614624023,783.1283211708069,1449.5576477050781,474.72405552864075,1399.6603775024414,821.3925433158875,1587.612075805664,535.1691269874573,1576.8909072875977,709.9937510490417,1599.1566467285156,591.9011306762695,1603.3598327636719,724.0897035598755,1840.5537414550781,600.8572840690613,1865.6772994995117,727.2075462341309,2036.5345001220703,620.8631944656372,2056.9015502929688
753,25.1007893081761,True,155.4,122.1,176.2,176.4,161.5,177.5,12.2,37.1,798.0136799812317,1279.760398864746,601.62428855896,1238.2454681396484,789.4841265678406,1454.0723419189453,474.0702509880066,1399.2307662963867,842.0269918441772,1585.576400756836,536.3836526870728,1575.5736923217773,709.088408946991,1612.133674621582,593.2156920433044,1614.3672180175781,723.6615586280823,1849.625587463379,598.489580154419,1870.5707931518555,722.779905796051,2047.4878692626953,614.2553687095642,2059.5423889160156
754,25.134123689727463,True,150.5,115.8,170.9,178.0,157.6,173.4,13.2,40.0,805.9894323348999,1292.940673828125,626.2391138076782,1248.2747268676758,797.0021867752075,1462.9954147338867,474.8429203033447,1400.1245498657227,862.1242475509644,1593.58154296875,538.5498690605164,1582.4458694458008,707.4883532524109,1631.7574310302734,592.8908658027649,1633.3148574829102,731.3922429084778,1850.5857467651367,599.8858308792114,1875.0627136230469,721.6309762001038,2048.4205627441406,611.2221121788025,2054.8555755615234
755,25.167458071278826,True,145.3,109.7,170.7,171.2,156.8,171.2,12.2,42.1,815.4721570014954,1299.8784255981445,650.4686665534973,1267.7137756347656,798.5068416595459,1473.4692764282227,475.71749210357666,1411.699104309082,874.5536470413208,1610.079574584961,548.5115933418274,1613.8618469238281,701.5626239776611,1654.0301513671875,593.4726047515869,1654.9278259277344,724.7177267074585,1898.477897644043,595.3068494796753,1891.8761444091797,711.9722557067871,2087.3533630371094,566.3073205947876,2088.3535766601562
756,25.20079245283019,True,138.5,107.6,167.8,166.6,155.2,167.5,12.3,39.1,823.5243844985962,1320.8507537841797,673.6504197120667,1296.9329452514648,798.1680464744568,1485.1514053344727,487.56821036338806,1446.0144424438477,888.7242722511292,1626.0857391357422,569.2295980453491,1657.7439880371094,690.8493447303772,1665.9868240356445,592.1447825431824,1672.9933547973633,704.6869039535522,1876.208610534668,593.4059143066406,1899.1423416137695,674.3065094947815,2080.616226196289,549.6520256996155,2087.8440856933594
757,25.234126834381552,True,140.6,112.6,170.4,155.4,159.6,160.6,16.3,30.9,813.7872576713562,1321.6196823120117,708.0137658119202,1328.5380935668945,793.8366436958313,1491.3775634765625,515.2068614959717,1492.6739501953125,880.6455230712891,1626.5134048461914,585.6804442405701,1712.3248672485352,665.049798488617,1672.6706314086914,582.759518623352,1699.680061340332,656.5003538131714,1866.705551147461,585.2938199043274,1892.8718948364258,613.5595607757568,2067.0545196533203,519.5136094093323,2041.9429779052734
758,25.267461215932915,True,140.6,125.2,142.3,91.2,153.9,154.1,18.3,17.3,818.6526346206665,1341.3692092895508,693.1997966766357,1362.923698425293,797.8606009483337,1512.6878356933594,535.7604253292084,1572.0438766479492,885.3565979003906,1650.3747940063477,598.4187698364258,1766.7756271362305,663.4512877464294,1671.3922119140625,566.6686463356018,1717.6892852783203,665.4482674598694,1798.3028411865234,580.3989601135254,1842.6033782958984,611.6281771659851,1870.297508239746,491.1100137233734,1854.338493347168
759,25.300795597484278,True,140.3,113.6,77.9,34.3,30.0,86.6,22.0,15.5,829.9724364280701,1378.0063247680664,754.0609431266785,1438.2875061035156,809.0241050720215,1539.169578552246,553.6174035072327,1636.3031387329102,888.3019852638245,1664.7597885131836,641.9399499893188,1865.6208801269531,661.9693565368652,1675.8354949951172,574.8119616508484,1750.4085159301758,869.5252776145935,1553.1939697265625,736.6765594482422,1830.9746932983398,938.5101056098938,1759.998779296875,655.3369402885437,1842.1420669555664
760,25.33412997903564,True,143.6,133.1,109.5,63.2,41.4,92.8,20.9,10.9,919.5380258560181,1442.9490280151367,756.0265731811523,1437.9689025878906,864.4051122665405,1609.8145294189453,595.5020928382874,1628.5275650024414,915.2086186408997,1764.759750366211,619.0318465232849,1825.829086303711,701.3883018493652,1710.779800415039,588.370463848114,1738.3899307250977,846.7466926574707,1686.654281616211,730.1468825340271,1826.7008972167969,905.3978490829468,1792.9219436645508,624.8646211624146,1890.6691360473633
761,25.367464360587004,True,151.3,135.0,24.3,131.5,58.3,126.7,15.4,2.3,874.1908407211304,1454.8045349121094,765.8995914459229,1536.2981414794922,812.4824166297913,1634.0901947021484,594.334237575531,1747.8760528564453,834.9699711799622,1765.755729675293,608.4869027137756,1884.356346130371,680.0794816017151,1738.103141784668,586.586172580719,1776.6566848754883,815.860390663147,1744.5319747924805,602.213237285614,1829.322509765625,669.5103335380554,1802.5691986083984,554.4933915138245,1905.9108352661133
762,25.400798742138367,True,154.1,116.3,5.1,155.3,50.1,179.1,25.0,0.5,935.4239988327026,1545.7122802734375,735.2593874931335,1619.5408630371094,880.7682180404663,1693.9092636108398,587.0401310920715,1774.2828369140625,891.666955947876,1804.7947311401367,616.6364622116089,1855.9632110595703,717.2664856910706,1762.3505401611328,587.0047903060913,1777.0888137817383,804.5636987686157,1770.4228591918945,552.0214676856995,1815.4267501831055,641.669647693634,1770.0052642822266,509.1091275215149,1833.574447631836
763,25.43413312368973,True,176.9,118.0,74.9,143.8,105.5,168.6,48.9,13.3,903.1556725502014,1658.5601806640625,663.9282274246216,1625.2540969848633,858.1420683860779,1804.7741317749023,535.7268226146698,1715.3179550170898,826.7456102371216,1930.8528900146484,548.890106678009,1821.0587310791016,727.991738319397,1736.502342224121,587.1941757202148,1711.7351531982422,740.101912021637,1817.6685333251953,516.2292981147766,1765.257453918457,636.5680861473083,1805.7230758666992,504.75104212760925,1803.4105682373047
764,25.46746750524109,False,,,,,,,,,,,,,,,,,,,,,,,,,,,,,,,,
765,25.500801886792452,False,,,,,,,,,,,,,,,,,,,,,,,,,,,,,,,,
766,25.534136268343815,False,,,,,,,,,,,,,,,,,,,,,,,,,,,,,,,,
767,25.567470649895178,False,,,,,,,,,,,,,,,,,,,,,,,,,,,,,,,,
768,25.60080503144654,False,,,,,,,,,,,,,,,,,,,,,,,,,,,,,,,,
769,25.634139412997904,False,,,,,,,,,,,,,,,,,,,,,,,,,,,,,,,,
770,25.667473794549267,False,,,,,,,,,,,,,,,,,,,,,,,,,,,,,,,,
771,25.70080817610063,False,,,,,,,,,,,,,,,,,,,,,,,,,,,,,,,,
772,25.734142557651992,False,,,,,,,,,,,,,,,,,,,,,,,,,,,,,,,,
773,25.767476939203355,False,,,,,,,,,,,,,,,,,,,,,,,,,,,,,,,,
774,25.80081132075472,False,,,,,,,,,,,,,,,,,,,,,,,,,,,,,,,,
775,25.83414570230608,False,,,,,,,,,,,,,,,,,,,,,,,,,,,,,,,,
776,25.867480083857444,False,,,,,,,,,,,,,,,,,,,,,,,,,,,,,,,,
777,25.900814465408807,False,,,,,,,,,,,,,,,,,,,,,,,,,,,,,,,,
778,25.93414884696017,False,,,,,,,,,,,,,,,,,,,,,,,,,,,,,,,,
779,25.96748322851153,False,,,,,,,,,,,,,,,,,,,,,,,,,,,,,,,,
780,26.000817610062892,False,,,,,,,,,,,,,,,,,,,,,,,,,,,,,,,,
781,26.034151991614255,False,,,,,,,,,,,,,,,,,,,,,,,,,,,,,,,,
782,26.067486373165618,False,,,,,,,,,,,,,,,,,,,,,,,,,,,,,,,,
783,26.10082075471698,True,144.9,1.0,83.9,76.2,47.8,53.3,47.9,55.5,726.9181251525879,1424.23095703125,911.4649415016174,1528.8750457763672,750.78693151474,1617.978858947754,911.8345713615417,1745.775032043457,805.8550214767456,1678.8262939453125,912.5188565254211,1703.2308197021484,459.4681978225708,1733.400764465332,534.5414578914642,1789.2496490478516,636.7359066009521,1729.2871856689453,709.1442203521729,1848.0788040161133,621.1667776107788,1914.3320846557617,634.1056251525879,1966.244888305664
784,26.134155136268344,True,154.6,175.8,80.0,59.4,51.1,50.2,42.8,48.1,716.0974717140198,1400.079231262207,897.4770712852478,1484.856948852539,733.8394474983215,1617.2000885009766,885.6609535217285,1695.8155059814453,791.2068772315979,1716.2127685546875,886.4103841781616,1740.1972961425781,460.78498005867004,1725.593032836914,534.6694314479828,1775.0920486450195,649.0593481063843,1722.850456237793,728.3464980125427,1814.5414352416992,621.3750243186951,1895.1830291748047,628.9615774154663,1924.3480682373047
785,26.167489517819707,True,164.9,179.2,111.9,75.7,68.1,68.1,42.1,47.5,681.91237449646,1356.6491317749023,874.9899673461914,1436.5593338012695,719.6166157722473,1585.6591415405273,882.0018625259399,1660.0093460083008,777.6667857170105,1713.3494567871094,883.3269810676575,1733.4403610229492,462.16005206108093,1698.0095672607422,545.1378679275513,1758.8501358032227,561.4392399787903,1717.1246337890625,678.5708355903625,1817.5728607177734,590.9519505500793,1869.5082092285156,590.0410723686218,1930.601577758789
786,26.20082389937107,True,168.4,171.9,114.3,85.4,83.2,82.7,4.5,39.3,647.2713875770569,1339.189453125,855.9676766395569,1397.4199676513672,559.1580533981323,1542.8624725341797,851.7602562904358,1640.7140350341797,525.8819031715393,1702.8668975830078,829.2529392242432,1781.3200378417969,462.1492373943329,1689.496192932129,552.6680302619934,1755.2652740478516,558.4051465988159,1726.4884185791016,672.664225101471,1833.1854629516602,566.6670370101929,1868.719711303711,595.5477333068848,1933.1957244873047
787,26.234158280922433,True,143.4,175.8,146.6,114.7,104.7,103.6,15.4,32.3,615.7444453239441,1310.7041931152344,842.3539423942566,1362.6179122924805,474.84166502952576,1486.0778045654297,823.8444471359253,1592.966537475586,469.30136919021606,1630.2637481689453,822.7380037307739,1762.6853942871094,460.02541065216064,1671.4102935791016,568.2109594345093,1727.7735900878906,511.07298731803894,1711.3041687011719,648.618586063385,1825.3303527832031,552.277672290802,1834.1140365600586,602.0499229431152,1921.8257904052734
788,26.267492662473796,True,136.0,175.9,158.7,162.9,126.3,135.9,15.8,28.3,579.1409182548523,1293.7445068359375,816.3525867462158,1323.3723449707031,455.931898355484,1476.9939422607422,804.3602156639099,1567.115135192871,479.3165874481201,1608.2551574707031,808.1054377555847,1729.504165649414,459.22724962234497,1660.6196594238281,581.4857053756714,1712.8961563110352,496.25763416290283,1712.3652648925781,612.3042225837708,1845.7745361328125,529.6794283390045,1843.9888000488281,604.1040015220642,1962.3424530029297
789,26.30082704402516,True,114.5,172.2,155.0,157.1,133.5,139.8,18.0,30.0,555.1559829711914,1279.3560791015625,790.5931448936462,1289.6918106079102,440.489262342453,1460.6402206420898,802.0711755752563,1484.9290466308594,509.9284029006958,1566.7096710205078,789.9354457855225,1642.9133605957031,462.2165071964264,1644.6039962768555,589.8873496055603,1689.6631622314453,528.1829810142517,1749.060173034668,633.6266255378723,1870.8709716796875,541.3873028755188,1851.8283462524414,604.5629811286926,2047.5938415527344
790,26.33416142557652,True,113.9,166.1,179.6,153.4,152.7,143.2,19.1,27.7,531.1676037311554,1267.8168869018555,769.7569513320923,1267.44140625,433.08900475502014,1452.755126953125,790.7247877120972,1471.7274856567383,513.633713722229,1555.3607940673828,768.1972575187683,1630.7965850830078,470.79073548316956,1656.625099182129,603.5659718513489,1682.094612121582,519.7949194908142,1803.629035949707,659.1369438171387,1890.7930755615234,538.6410534381866,1861.3893127441406,620.345892906189,2078.353271484375
791,26.367495807127884,True,113.7,160.7,174.0,152.1,160.2,146.0,19.0,26.0,515.5597543716431,1254.8176574707031,761.0022211074829,1249.0556716918945,427.43953227996826,1450.0211334228516,789.3202328681946,1470.6083679199219,519.9184513092041,1552.6230239868164,755.9055519104004,1627.184829711914,478.2558810710907,1655.588607788086,619.1503572463989,1666.8254470825195,521.1294686794281,1821.9487380981445,683.6096978187561,1902.8661346435547,538.7756252288818,1869.1508102416992,641.9837236404419,2089.346694946289
792,26.400830188679247,True,100.3,162.0,175.9,156.2,166.1,149.7,21.4,23.8,501.6393792629242,1246.7675399780273,751.4447593688965,1241.2458801269531,414.208881855011,1442.3463821411133,780.3921461105347,1464.624366760254,528.2667946815491,1520.3570938110352,753.2168197631836,1609.280776977539,483.24710726737976,1642.8656387329102,629.5634651184082,1654.0046310424805,518.3366775512695,1818.6340713500977,690.2299475669861,1900.8646774291992,532.4231028556824,1869.690284729004,655.4836463928223,2098.1039428710938
793,26.43416457023061,True,101.8,165.3,179.9,158.4,171.5,152.7,23.0,23.0,489.13830041885376,1246.827278137207,738.3404088020325,1229.1748809814453,409.1396677494049,1431.2596893310547,770.2241063117981,1452.275276184082,520.1495504379272,1509.6418762207031,753.1870150566101,1599.3652725219727,486.3090741634369,1628.1005859375,631.0305905342102,1632.9584884643555,518.12495470047,1853.2625198364258,689.9291968345642,1899.485092163086,527.3239231109619,1919.2658615112305,652.2647380828857,2134.149856567383
794,26.46749895178197,True,103.1,166.3,168.1,168.8,176.6,155.2,23.9,21.8,479.3340003490448,1241.1646270751953,727.198920249939,1223.0757522583008,402.71050930023193,1428.8832092285156,761.6323685646057,1447.554931640625,511.63161635398865,1506.016960144043,748.4503841400146,1599.6727752685547,490.5237686634064,1620.2294540405273,633.5363101959229,1627.0177459716797,512.4996221065521,1865.375747680664,689.6307635307312,1897.170181274414,492.2068977355957,2036.6596984863281,692.0215773582458,2144.9903869628906
795,26.500833333333333,True,109.8,170.3,168.5,175.0,177.2,156.8,20.5,20.4,479.51324701309204,1240.9478759765625,717.81822681427,1222.7473068237305,416.11770272254944,1429.7631454467773,750.3334879875183,1441.226692199707,519.1963469982147,1511.400032043457,747.0543909072876,1593.493766784668,492.29676246643066,1612.1305847167969,634.201991558075,1617.5104522705078,513.6409878730774,1867.6443099975586,689.2718839645386,1894.4661712646484,488.2501459121704,2081.9515228271484,715.680205821991,2134.156723022461
796,26.534167714884695,True,113.3,173.7,168.9,175.1,177.3,157.9,18.3,19.8,474.57995653152466,1243.282699584961,706.23610496521,1219.647445678711,421.09660148620605,1436.0646057128906,742.0121169090271,1436.4316177368164,519.833060503006,1515.5925750732422,749.8982620239258,1584.707908630371,492.8101050853729,1613.0910873413086,633.2434129714966,1615.1179504394531,516.4589166641235,1858.4749603271484,688.9020609855652,1885.4899978637695,497.0581126213074,2056.7891693115234,716.6891884803772,2119.233627319336
797,26.56750209643606,True,114.2,173.6,170.8,178.5,178.2,159.3,19.5,20.2,474.52736377716064,1244.502182006836,703.8662767410278,1219.4699478149414,417.7888584136963,1437.843017578125,743.2912087440491,1434.9552154541016,511.1923670768738,1517.8919219970703,753.4066557884216,1579.6820068359375,495.35184144973755,1618.6761474609375,634.3619585037231,1620.6575775146484,516.056102514267,1854.0373992919922,682.7982759475708,1873.8038635253906,501.59000515937805,2052.084274291992,709.350471496582,1994.8734283447266
798,26.60083647798742,True,119.6,168.0,171.9,177.5,179.5,161.8,18.3,22.2,470.2793884277344,1246.3355255126953,697.6144981384277,1222.5239181518555,423.72726917266846,1437.967758178711,747.4388909339905,1431.3542175292969,503.21848154067993,1512.8112030029297,750.9618330001831,1574.6111297607422,500.4950523376465,1618.0070114135742,636.0249066352844,1621.010627746582,517.3650634288788,1852.0769119262695,675.977954864502,1862.8255462646484,502.89745330810547,2060.823440551758,699.7663593292236,1976.1206817626953
799,26.634170859538784,True,116.0,165.0,171.4,177.5,178.0,164.2,17.7,23.4,469.5672941207886,1248.0243301391602,697.4374079704285,1226.2697982788086,427.7851188182831,1437.7789306640625,750.3609752655029,1430.7291412353516,507.76817321777344,1501.1286163330078,749.2714619636536,1570.2670669555664,504.16972160339355,1618.9327239990234,635.4018402099609,1622.790756225586,517.812488079071,1854.5812225341797,664.758574962616,1863.899917602539,497.8468430042267,2070.886688232422,702.5786232948303,2090.712432861328
800,26.667505241090147,True,104.4,161.1,172.3,175.2,177.1,166.0,17.9,24.6,470.18086552619934,1248.493423461914,698.5134673118591,1230.5754089355469,430.6510055065155,1431.7619705200195,753.4748268127441,1428.376121520996,512.394951581955,1472.7143096923828,745.5567526817322,1561.2566757202148,506.8682384490967,1617.1493911743164,635.7119250297546,1622.164306640625,518.4651339054108,1853.8831329345703,656.3419961929321,1862.504997253418,499.86770510673523,2070.8175659179688,697.2059869766235,2100.9530639648438
801,26.70083962264151,True,101.4,154.4,173.7,174.4,176.1,166.9,19.3,26.4,474.45838809013367,1248.8353729248047,698.808810710907,1232.32177734375,432.8529167175293,1421.6663360595703,754.9412441253662,1416.4724349975586,515.0339877605438,1459.9235916137695,737.220447063446,1532.4165344238281,510.6974673271179,1606.666374206543,635.7961249351501,1609.9380111694336,518.9172255992889,1852.3995208740234,651.7776918411255,1860.3070449829102,501.56055450439453,2081.3644409179688,692.333014011383,2109.466781616211
802,26.734174004192873,True,104.4,150.8,174.4,175.1,175.3,168.0,20.5,27.0,477.70111441612244,1249.0928649902344,698.9575123786926,1233.2469177246094,433.4105157852173,1418.8301467895508,756.3283538818359,1413.9345932006836,516.5806782245636,1464.887809753418,733.4075045585632,1525.8385848999023,513.8432478904724,1599.660415649414,637.7293109893799,1604.3579864501953,518.9654409885406,1848.1436920166016,649.0108108520508,1852.1571350097656,501.6667699813843,2070.1233673095703,681.697690486908,2100.4236602783203
803,26.767508385744236,True,113.5,148.6,174.5,177.7,174.6,169.4,18.0,27.2,478.89182209968567,1249.6785736083984,698.5963153839111,1234.1075134277344,443.3799970149994,1419.7690200805664,757.1414494514465,1413.3280563354492,521.3752448558807,1474.972915649414,731.1215543746948,1523.170051574707,516.8550360202789,1600.1518249511719,639.1771245002747,1603.290023803711,520.1980555057526,1842.1006393432617,645.3550028800964,1848.9273834228516,501.9965851306915,2062.006301879883,661.9203686714172,2105.0882720947266
804,26.8008427672956,True,120.6,150.1,175.5,177.1,173.2,170.6,15.3,27.4,479.7591519355774,1246.4439010620117,699.3302321434021,1231.4521408081055,455.4511284828186,1409.1423797607422,757.6172947883606,1406.645164489746,521.5128743648529,1462.8157424926758,733.4608054161072,1525.675277709961,520.5550682544708,1587.1052169799805,642.6443195343018,1590.6671905517578,520.7563948631287,1825.6253814697266,644.4868683815002,1839.1912078857422,503.11365008354187,2052.5367736816406,633.1980299949646,2103.083724975586
805,26.834177148846962,True,128.9,150.0,177.3,177.3,171.8,171.4,15.0,28.2,480.0787317752838,1242.9217529296875,699.1515326499939,1228.3831787109375,459.1002094745636,1401.2530517578125,758.031599521637,1396.3451385498047,521.9246685504913,1467.3659133911133,736.3347387313843,1510.9437561035156,523.6718165874481,1577.786636352539,644.3624997138977,1578.7471389770508,520.5393612384796,1804.526252746582,643.0310082435608,1832.984733581543,511.51114225387573,1953.7417602539062,628.933253288269,2100.4600524902344
806,26.867511530398325,True,133.2,149.5,178.3,177.9,170.9,171.4,14.0,28.4,487.11785674095154,1236.6764831542969,700.1672101020813,1224.7491073608398,468.3527362346649,1394.4267654418945,758.2015442848206,1390.4179000854492,527.9362714290619,1465.3696060180664,737.4975085258484,1494.7546005249023,528.4734642505646,1562.870750427246,646.3742852210999,1562.563591003418,520.7047033309937,1802.1955490112305,644.5005798339844,1816.263771057129,509.74162459373474,1978.6280822753906,634.2595410346985,2051.9766998291016
807,26.900845911949688,True,135.6,148.8,176.3,179.9,169.7,173.8,14.5,27.5,492.4967694282532,1230.5265426635742,700.9261679649353,1223.5466766357422,472.0196485519409,1391.572494506836,757.9497814178467,1385.833625793457,526.5044546127319,1463.4919738769531,738.0832386016846,1480.3239440917969,533.7012934684753,1556.033935546875,653.3973813056946,1555.9014129638672,520.809760093689,1796.1379623413086,645.3053069114685,1795.2629470825195,522.7817952632904,1989.491958618164,638.0065011978149,2002.2095489501953
808,26.93418029350105,True,128.8,140.8,176.9,173.1,170.8,174.8,13.2,24.1,497.55890250205994,1224.071388244629,701.5099668502808,1221.3848876953125,480.1018738746643,1387.3624420166016,750.5009865760803,1387.101173400879,545.5214667320251,1452.4542617797852,723.8922715187073,1450.7061767578125,537.7283406257629,1545.3801727294922,657.8422093391418,1546.2898635864258,529.2893600463867,1783.0635452270508,647.9305028915405,1779.8332214355469,533.1928753852844,1989.6208190917969,666.1622285842896,2012.8150177001953
809,26.96751467505241,True,110.1,126.8,174.3,171.8,170.5,177.1,15.4,21.6,500.56537985801697,1218.3280563354492,701.7041158676147,1214.7999572753906,476.95258498191833,1382.7450942993164,746.381242275238,1384.2284774780273,550.8904981613159,1422.550277709961,711.7995429039001,1427.867546081543,540.745632648468,1536.9890213012695,662.7722811698914,1539.2809295654297,531.7827844619751,1758.3049392700195,648.043863773346,1754.542465209961,544.4802975654602,1970.4412078857422,663.7989020347595,1964.9166870117188
810,27.000849056603773,True,114.2,135.1,167.6,170.6,168.2,179.4,17.2,19.0,502.61884689331055,1209.6687698364258,701.9843316078186,1207.5049209594727,475.77330350875854,1374.1357040405273,740.2713418006897,1375.1869583129883,546.3959741592407,1420.843276977539,704.948902130127,1431.6054153442383,546.1043000221252,1520.8624649047852,667.9911947250366,1525.9596633911133,532.053827047348,1731.536521911621,648.1755065917969,1731.291389465332,560.6102442741394,1921.186294555664,663.1061840057373,1951.9145965576172
811,27.034183438155136,True,102.0,124.4,167.3,175.6,166.0,179.3,20.7,17.3,503.20139050483704,1205.8176040649414,702.185046672821,1205.8938217163086,469.34858679771423,1367.3719024658203,733.4414291381836,1370.2829360961914,525.0408375263214,1391.971321105957,685.5484843254089,1418.4463119506836,550.4320979118347,1507.6201629638672,666.9521498680115,1515.5342102050781,532.0521211624146,1714.7113037109375,646.0522270202637,1720.2014923095703,558.3419966697693,1911.2926483154297,641.357889175415,1902.692985534668
812,27.0675178197065,True,103.9,124.6,168.7,178.4,165.4,178.9,25.4,19.0,503.53204250335693,1201.7779541015625,702.3080635070801,1202.431411743164,459.4742166996002,1354.2997741699219,735.7191395759583,1356.3887786865234,519.0941226482391,1388.693962097168,685.7459807395935,1409.7462844848633,551.4461660385132,1494.3540573120117,666.4219737052917,1503.6860275268555,533.082218170166,1692.6959609985352,646.2896990776062,1703.9190673828125,553.3737516403198,1884.1381072998047,630.8761596679688,1918.7321090698242
813,27.10085220125786,True,103.8,127.5,171.9,179.5,166.9,179.3,26.3,18.3,503.71830582618713,1201.7485427856445,700.6268334388733,1199.2798233032227,457.6269042491913,1351.3500595092773,732.4745464324951,1353.0854415893555,521.319819688797,1389.4782257080078,690.8796000480652,1401.349983215332,551.1178636550903,1493.6857223510742,665.3488111495972,1502.2273635864258,537.6549553871155,1692.260856628418,643.7588095664978,1711.0233306884766,552.6435041427612,1896.2284469604492,621.2933993339539,1910.7887649536133
814,27.134186582809225,True,95.1,121.0,174.4,179.2,167.9,179.6,27.9,17.0,504.22115564346313,1202.2639846801758,699.3272709846497,1197.7431106567383,454.1960799694061,1349.780502319336,728.5036325454712,1354.5101165771484,522.2121584415436,1379.8334884643555,691.9134306907654,1386.8835067749023,551.3334488868713,1493.5174942016602,664.9505996704102,1500.758285522461,541.478841304779,1687.1405410766602,642.9538893699646,1707.9767990112305,550.8146023750305,1886.47705078125,622.826828956604,1925.4226684570312
815,27.167520964360587,True,91.6,130.8,176.3,179.8,168.3,180.0,29.1,15.2,506.2065804004669,1203.801040649414,698.5153985023499,1198.6536026000977,453.4467136859894,1349.3764114379883,722.1735119819641,1352.7006912231445,523.2330179214478,1376.8452072143555,693.1945824623108,1386.719627380371,552.1589684486389,1487.7563095092773,664.7195649147034,1497.2870635986328,543.6533617973328,1679.5072174072266,641.6966199874878,1700.760383605957,547.5454831123352,1866.3164520263672,618.6255884170532,1898.4071731567383
816,27.20085534591195,True,85.5,77.5,178.5,178.7,169.0,179.6,29.9,13.3,507.7622187137604,1204.3894958496094,694.5131993293762,1199.5579147338867,453.67655754089355,1348.644905090332,712.7166652679443,1346.4453506469727,523.6257898807526,1368.8143157958984,699.0162205696106,1345.1393508911133,553.4575653076172,1481.6356658935547,662.7946186065674,1491.936378479004,547.9497456550598,1670.6637954711914,641.7789530754089,1699.7710418701172,547.332923412323,1844.8409271240234,617.6702284812927,1893.4856414794922
817,27.234189727463313,True,85.2,50.3,178.9,175.7,170.2,177.9,30.0,14.0,508.3409643173218,1205.8586883544922,692.2055554389954,1199.992904663086,453.7374544143677,1350.5427932739258,710.278537273407,1340.8678436279297,524.769698381424,1370.7212448120117,703.0800890922546,1336.2942123413086,553.8409066200256,1483.0538177490234,657.9422450065613,1493.8505172729492,552.4970555305481,1660.5912780761719,641.387951374054,1701.404800415039,548.6773538589478,1801.3737487792969,612.7561211585999,1885.6660079956055
818,27.267524109014676,True,74.1,3.0,176.6,175.7,169.6,177.9,29.4,13.1,509.3393576145172,1209.0995407104492,689.6235537528992,1204.0497207641602,457.5092947483063,1351.7052841186523,705.6362771987915,1340.8946228027344,525.5723977088928,1356.5645599365234,703.2184910774231,1326.6379165649414,555.1474857330322,1484.6399688720703,656.6888380050659,1495.8644485473633,552.3522162437439,1658.759880065918,641.3163042068481,1698.9786529541016,558.6140370368958,1801.0828399658203,613.1427454948425,1884.2271423339844
819,27.30085849056604,True,70.7,13.9,173.8,175.0,169.3,178.1,26.3,7.7,510.59524297714233,1209.814453125,685.0026655197144,1205.8515930175781,467.74402499198914,1351.5141677856445,688.814127445221,1331.5264892578125,529.4753980636597,1348.828353881836,685.7919430732727,1320.743064880371,555.8801794052124,1480.2018356323242,655.2014994621277,1491.240463256836,552.2055745124817,1655.5899810791016,641.2584328651428,1689.950180053711,564.749493598938,1798.3063888549805,610.1300883293152,1886.176872253418
820,27.334192872117402,True,66.9,114.2,174.0,174.9,168.9,177.6,23.6,5.6,511.3942086696625,1210.0767517089844,682.3263573646545,1206.3190841674805,475.9964847564697,1351.501350402832,681.7124962806702,1332.0671081542969,529.4845712184906,1342.9387664794922,661.5040040016174,1341.038475036621,555.9884548187256,1474.0301513671875,653.4271860122681,1485.1955795288086,551.9817495346069,1626.8413925170898,641.3631677627563,1682.4121856689453,563.7689638137817,1776.3589096069336,611.4411091804504,1879.7742462158203
821,27.367527253668765,True,62.4,87.9,174.6,173.9,169.5,177.5,21.3,4.5,512.9951655864716,1209.894790649414,674.7793936729431,1206.3435745239258,483.9665722846985,1350.6209564208984,673.2062458992004,1327.1612548828125,530.2410185337067,1337.3712158203125,638.9911508560181,1325.445899963379,555.9010362625122,1461.327781677246,650.1130056381226,1473.281021118164,553.5864400863647,1618.110122680664,640.4291796684265,1670.5102157592773,565.1121068000793,1763.7023162841797,610.9612083435059,1858.1114959716797
822,27.400861635220128,True,57.1,90.5,175.0,173.2,169.3,176.8,21.5,0.6,512.8233540058136,1208.5551452636719,672.2554564476013,1201.717300415039,484.66147899627686,1345.499038696289,661.4985966682434,1305.6754302978516,525.0040805339813,1329.7686767578125,600.6234169006348,1299.865951538086,555.7149338722229,1455.8778762817383,647.7139520645142,1464.7390365600586,553.1199288368225,1621.1523056030273,640.5588912963867,1656.7691802978516,563.7746930122375,1769.9610900878906,611.8368101119995,1839.8516464233398
823,27.43419601677149,True,72.9,98.9,173.2,169.1,170.0,175.3,19.4,1.5,512.6961529254913,1205.079116821289,671.5084075927734,1199.0556335449219,488.47931385040283,1343.5465621948242,657.8038430213928,1305.2022171020508,530.7897341251373,1338.2051467895508,592.8138113021851,1306.89697265625,554.4153070449829,1454.9686431884766,644.4394898414612,1462.1918106079102,552.8406143188477,1618.7720489501953,640.745894908905,1646.40380859375,569.9967956542969,1775.5926132202148,605.000524520874,1813.5676574707031
824,27.46753039832285,True,104.5,115.5,172.8,167.5,171.4,173.6,15.8,1.7,512.6472294330597,1199.9026107788086,669.5788908004761,1194.9743270874023,496.65964365005493,1334.8612976074219,654.8772525787354,1298.3738708496094,552.8124189376831,1356.679573059082,613.035306930542,1311.5309143066406,552.1952104568481,1448.4800720214844,640.7640480995178,1453.1114959716797,553.3769702911377,1615.462303161621,640.8183145523071,1627.1064376831055,574.9184346199036,1777.3472213745117,603.6455368995667,1795.2580261230469
825,27.500864779874213,True,119.8,133.9,174.1,168.2,171.5,171.9,8.5,1.7,513.0174708366394,1193.9379501342773,668.0421781539917,1189.126968383789,514.2325437068939,1321.3569259643555,651.7717695236206,1292.8737258911133,573.412299156189,1354.460563659668,613.2230830192566,1319.8481369018555,552.1845245361328,1439.5796585083008,636.0286402702332,1441.124153137207,553.9514350891113,1608.8320541381836,638.6222290992737,1613.6615753173828,573.4305167198181,1779.1603088378906,605.7378530502319,1783.02978515625
826,27.534199161425576,True,127.9,142.5,174.4,170.4,171.0,170.6,9.9,3.3,512.8098678588867,1190.720443725586,666.0440397262573,1184.0718841552734,511.62025451660156,1317.0759201049805,657.0738530158997,1291.922264099121,570.9575629234314,1364.1487884521484,619.0940308570862,1333.7976837158203,552.6866984367371,1432.265281677246,630.8531141281128,1431.5302276611328,553.8841009140015,1601.8774795532227,634.5320320129395,1597.5482940673828,572.6049327850342,1778.7290954589844,608.0120873451233,1777.9267501831055
827,27.56753354297694,True,69.6,85.0,174.6,172.2,171.2,170.7,9.3,6.2,512.087699174881,1187.9376983642578,662.7288293838501,1180.191764831543,512.5488352775574,1288.3323669433594,660.4323863983154,1273.6661911010742,565.6877946853638,1268.2460403442383,621.2862539291382,1269.2848205566406,552.0983934402466,1426.5003204345703,630.1897501945496,1423.597640991211,554.0541744232178,1592.1561813354492,634.9615931510925,1584.90966796875,572.873432636261,1769.3678283691406,615.2125310897827,1769.695930480957
828,27.600867924528302,True,72.7,91.6,174.4,173.8,171.3,170.7,9.8,6.3,512.0413827896118,1187.6348876953125,661.6874027252197,1182.3994445800781,511.2620186805725,1294.109115600586,659.9210071563721,1280.8000946044922,560.8869194984436,1279.0489196777344,624.3821454048157,1281.148910522461,551.3349294662476,1425.856590270996,630.7590007781982,1423.6332321166992,553.3586883544922,1597.0186614990234,636.2808537483215,1580.1985931396484,572.6535987854004,1771.6374206542969,622.8506469726562,1764.807014465332
829,27.634202306079665,True,87.0,107.6,174.2,174.7,171.6,168.5,12.9,7.6,512.0290553569794,1187.607765197754,660.4249835014343,1183.692283630371,505.150830745697,1296.6595458984375,659.2303490638733,1286.0308456420898,559.1615295410156,1297.225685119629,633.3016705513,1293.9388275146484,550.529043674469,1422.1522521972656,625.8995461463928,1421.7804336547852,553.476619720459,1599.0990829467773,634.7429823875427,1575.7183456420898,573.6951541900635,1768.985710144043,628.1676650047302,1759.8565292358398
830,27.667536687631028,True,75.3,100.1,174.8,176.0,172.9,167.3,22.6,9.4,512.7305924892426,1188.2571029663086,660.8333659172058,1184.0195846557617,486.97436928749084,1292.516212463379,660.9731197357178,1287.1742248535156,549.7395086288452,1291.5973663330078,653.037793636322,1288.593521118164,548.191659450531,1419.3463897705078,621.7337107658386,1421.1273193359375,553.2479023933411,1599.4351959228516,630.6712603569031,1573.5383605957031,573.3740615844727,1768.9324951171875,628.8056659698486,1751.3768005371094
831,27.70087106918239,True,67.7,127.7,174.7,177.1,173.5,165.9,25.6,11.0,513.5127568244934,1189.2450714111328,660.2248477935791,1189.8099517822266,481.8670463562012,1291.5917587280273,661.666738986969,1288.0384826660156,544.3348789215088,1285.975341796875,653.3895921707153,1294.639549255371,547.4894785881042,1419.5782470703125,618.4835171699524,1422.1521377563477,553.5297918319702,1597.9389953613281,628.6565780639648,1570.341567993164,574.8094511032104,1766.1979293823242,631.571774482727,1731.694107055664
832,27.734205450733754,True,66.1,161.3,175.0,178.9,173.9,165.1,28.1,14.4,515.265988111496,1194.2963790893555,659.2130327224731,1194.847640991211,481.0470950603485,1288.8016891479492,665.4895305633545,1288.3864974975586,539.0923404693604,1284.7467041015625,663.043806552887,1297.6225662231445,547.667920589447,1419.9592208862305,617.285213470459,1420.1450729370117,554.0718126296997,1594.9891662597656,628.3920693397522,1567.400894165039,574.8355221748352,1762.8858947753906,637.046377658844,1719.5602798461914
833,27.767539832285117,True,67.9,164.5,174.9,179.4,174.1,165.9,29.3,15.8,517.184818983078,1198.1605911254883,657.1403503417969,1197.5526809692383,481.88948035240173,1288.5336685180664,666.7252349853516,1292.1526336669922,538.4638667106628,1287.7345275878906,665.5566716194153,1298.9508819580078,547.8355479240417,1417.367820739746,618.4553861618042,1417.5193405151367,553.9569711685181,1590.4335021972656,628.7341475486755,1558.4830856323242,575.0423526763916,1758.2036590576172,637.3425579071045,1696.794662475586
834,27.80087421383648,True,65.7,97.4,174.6,179.6,173.9,165.8,29.5,16.5,518.4539651870728,1199.9205780029297,657.1473026275635,1200.1121520996094,482.4700605869293,1290.652198791504,668.305721282959,1298.118553161621,538.7389647960663,1288.0610275268555,664.2088937759399,1299.1291809082031,548.5708808898926,1417.009620666504,618.9629673957825,1417.5280380249023,553.9153218269348,1586.4142227172852,629.0652823448181,1554.7978591918945,575.2935361862183,1756.0156631469727,637.6979613304138,1685.9468078613281
835,27.834208595387842,True,53.0,8.5,174.0,179.0,173.6,166.1,27.8,16.3,521.9995665550232,1201.4046478271484,656.9591403007507,1202.4222564697266,489.0771782398224,1290.6357192993164,668.2992839813232,1301.5298080444336,549.0675187110901,1272.535400390625,668.0276298522949,1300.517349243164,550.5477118492126,1416.8926620483398,619.9561142921448,1417.229232788086,553.8972330093384,1578.9561080932617,629.6324729919434,1551.969337463379,575.2650833129883,1749.5227432250977,636.6767477989197,1681.9682693481445
836,27.867542976939205,True,58.3,71.2,173.2,178.6,172.5,167.8,25.8,15.5,523.7687301635742,1201.853370666504,656.356737613678,1202.124366760254,495.0944137573242,1290.3284454345703,668.0255055427551,1301.8418884277344,555.262713432312,1275.5984115600586,669.8693418502808,1300.9629821777344,553.1713628768921,1414.0295791625977,623.6388945579529,1413.7517166137695,554.2298483848572,1566.4148712158203,631.4688420295715,1545.4535293579102,575.209014415741,1732.0194625854492,636.0435748100281,1675.1021575927734
837,27.90087735849057,True,56.3,37.6,171.8,178.5,170.1,170.4,22.1,14.2,523.919266462326,1201.695785522461,656.5851974487305,1201.8373489379883,503.16569566726685,1291.1995697021484,668.2401895523071,1300.433349609375,556.1690211296082,1271.2653350830078,658.1200432777405,1290.0884628295898,556.7905426025391,1407.9002380371094,629.8893857002258,1405.685806274414,554.6142196655273,1553.9802932739258,634.6156525611877,1533.3698272705078,575.132474899292,1712.8358459472656,635.9981274604797,1658.895492553711
838,27.93421174004193,True,60.0,38.3,168.6,180.0,167.4,173.1,16.8,12.5,523.8399589061737,1201.4225006103516,656.7107892036438,1200.3599166870117,513.5362529754639,1291.431541442871,667.4220728874207,1299.9860000610352,562.3832058906555,1270.2350234985352,657.7554988861084,1290.1399612426758,560.9202003479004,1407.0239639282227,633.9155960083008,1403.555030822754,555.2718544006348,1544.7752380371094,634.9273467063904,1529.2921829223633,577.7595376968384,1685.6805038452148,636.082456111908,1663.150863647461
839,27.96754612159329,True,60.7,37.0,162.8,178.1,164.2,175.0,12.2,12.3,523.6146855354309,1197.872428894043,656.7840456962585,1196.2849044799805,521.6023528575897,1291.966323852539,667.608368396759,1297.290916442871,560.5105304718018,1271.2009048461914,650.38414478302,1278.885269165039,563.5878825187683,1403.1468200683594,634.9684166908264,1398.4992599487305,552.4254727363586,1537.3908233642578,632.3992252349854,1528.1660842895508,581.1157536506653,1666.9713592529297,634.2753767967224,1665.7381439208984
840,28.000880503144653,True,86.7,63.9,158.1,176.1,162.9,176.2,11.6,12.2,523.582820892334,1190.9442901611328,656.6675305366516,1185.8921813964844,522.9132127761841,1287.714958190918,667.7804374694824,1291.3048553466797,569.6242690086365,1285.3539276123047,638.5535430908203,1280.6404495239258,563.7696075439453,1394.1516494750977,634.7104740142822,1389.7948837280273,549.8034310340881,1528.191032409668,629.431049823761,1520.6547546386719,584.8949646949768,1650.9916305541992,633.2938814163208,1657.05322265625
841,28.034214884696016,True,92.5,77.0,156.5,175.5,162.7,176.2,13.4,12.5,523.629105091095,1184.2553329467773,656.7394351959229,1178.741226196289,519.7063744068146,1280.815086364746,668.0322003364563,1282.0030975341797,571.056182384491,1285.140037536621,634.1540336608887,1277.9944610595703,563.0724477767944,1386.510887145996,634.3817853927612,1384.1705703735352,547.9861807823181,1523.1121444702148,628.692626953125,1518.2352447509766,587.3723602294922,1650.3016662597656,633.6251449584961,1657.9459762573242
842,28.06754926624738,True,92.8,79.5,154.8,175.5,161.8,175.5,14.7,12.9,523.7656724452972,1179.2445373535156,656.4463448524475,1175.6624221801758,517.8628599643707,1270.9445571899414,667.5833916664124,1273.974494934082,570.561797618866,1276.9660949707031,628.2695031166077,1271.2065124511719,562.6163649559021,1378.6494827270508,633.7013626098633,1376.0434341430664,545.4023766517639,1514.8076248168945,628.8963031768799,1516.0133743286133,589.9364018440247,1652.244644165039,635.310173034668,1660.7905197143555
843,28.100883647798742,True,81.4,71.7,153.4,175.9,160.8,175.0,15.4,12.7,523.8460099697113,1177.104721069336,655.779504776001,1176.1219024658203,516.5347802639008,1270.9188079833984,666.1227679252625,1273.8018035888672,568.8127827644348,1267.126693725586,626.603786945343,1265.2214813232422,562.308919429779,1376.517219543457,632.7113056182861,1375.0043106079102,543.1249237060547,1508.70849609375,628.8068246841431,1513.051528930664,588.8703203201294,1646.4965057373047,635.2719354629517,1661.0722732543945
844,28.134218029350105,True,73.6,72.2,154.8,177.0,159.9,174.7,16.0,12.4,523.8305604457855,1176.1100006103516,652.9344749450684,1176.0556411743164,515.3425920009613,1269.5008850097656,663.1263971328735,1271.359977722168,566.9068264961243,1259.263916015625,629.706437587738,1264.460563659668,562.2600603103638,1376.7241287231445,630.8686280250549,1375.3554153442383,540.9777617454529,1507.5891494750977,628.3660626411438,1511.612892150879,580.3518390655518,1645.1647567749023,633.4040236473083,1658.756446838379
845,28.167552410901468,True,61.4,72.6,157.7,178.8,160.9,173.3,18.0,12.6,523.7951552867889,1176.6230392456055,649.8571872711182,1176.7507553100586,511.5214741230011,1267.650032043457,659.2933058738708,1266.449317932129,561.737802028656,1248.4839248657227,627.9964327812195,1260.1628494262695,560.5964040756226,1378.6842727661133,626.9113612174988,1376.3056182861328,541.2903571128845,1504.274024963379,627.1460652351379,1512.755126953125,573.7557935714722,1639.2417526245117,630.4907584190369,1659.3058776855469
846,28.20088679245283,True,47.1,71.9,164.8,179.6,163.2,172.7,21.7,5.6,523.6174213886261,1177.6815032958984,646.203761100769,1177.5601959228516,503.89880776405334,1268.9900207519531,644.4128394126892,1262.6561737060547,540.3811526298523,1247.3137664794922,617.1762943267822,1253.1351470947266,557.4420619010925,1380.128402709961,622.3290967941284,1377.5962829589844,541.7302179336548,1502.9296875,623.577675819397,1513.897705078125,560.1776576042175,1634.971046447754,626.0482478141785,1660.6465530395508
847,28.234221174004194,True,23.4,50.2,170.5,179.4,164.2,173.2,21.7,4.9,523.117436170578,1178.401107788086,641.6083645820618,1177.767105102539,502.23621368408203,1269.466209411621,639.3240880966187,1259.3136978149414,519.7776353359222,1245.5598449707031,614.0010952949524,1236.9855880737305,554.4187831878662,1380.9112930297852,618.6285495758057,1379.0528869628906,539.8162150382996,1498.8621139526367,619.4119048118591,1512.7759552001953,545.2139568328857,1625.4777145385742,621.6546607017517,1657.7029037475586
848,28.267555555555557,True,29.3,47.7,173.5,179.6,167.9,171.0,23.5,2.8,522.2484004497528,1178.448257446289,636.9067525863647,1178.2991409301758,496.26622796058655,1270.2033233642578,631.3388729095459,1259.0097427368164,519.9936389923096,1246.5317916870117,606.2025618553162,1232.724952697754,549.4639921188354,1379.9750518798828,612.9897308349609,1379.0754318237305,540.144453048706,1499.9983978271484,618.1616520881653,1513.5956954956055,544.5150589942932,1620.8466339111328,622.5176453590393,1656.0154724121094
849,28.30088993710692,True,6.6,56.4,176.4,179.7,172.5,169.2,21.7,2.3,521.5627956390381,1178.8685989379883,632.3579621315002,1178.3524703979492,496.0482931137085,1270.6180572509766,625.2196383476257,1256.1735534667969,499.61278796195984,1247.8667449951172,598.514814376831,1234.6458435058594,543.1788039207458,1378.1155014038086,606.0590744018555,1377.703742980957,540.391902923584,1500.384178161621,613.6009526252747,1509.4869232177734,545.1777148246765,1617.8267669677734,622.5236964225769,1651.6851425170898
850,28.334224318658283,True,61.3,83.3,177.3,178.3,175.7,168.6,20.1,7.3,521.5971064567566,1178.5526275634766,628.0187058448792,1178.5122299194336,496.90905690193176,1269.411506652832,607.0723700523376,1253.8560104370117,476.32137537002563,1249.581298828125,570.5317997932434,1238.921241760254,538.4636092185974,1373.419303894043,599.6934199333191,1373.6604309082031,539.8608255386353,1500.3547668457031,606.7751598358154,1502.0344161987305,546.554524898529,1616.9958114624023,618.6020278930664,1640.2974700927734
851,28.367558700209646,True,81.9,89.2,176.1,176.3,177.0,169.2,19.0,8.1,521.3232314586639,1178.195457458496,617.8963708877563,1178.8857650756836,497.3572540283203,1268.514060974121,596.6227626800537,1256.0039520263672,464.733749628067,1254.6889114379883,553.811616897583,1243.545799255371,534.9211943149567,1367.6856994628906,593.4903717041016,1368.318214416504,537.4135887622833,1492.5169372558594,600.9369134902954,1493.2387161254883,547.901337146759,1610.3173828125,617.7736115455627,1629.0375137329102
852,28.40089308176101,True,100.9,72.7,171.3,171.8,173.8,173.9,17.3,0.5,521.1940348148346,1176.884651184082,608.2927536964417,1177.8815460205078,501.3708794116974,1263.288345336914,599.7942924499512,1250.9647750854492,465.1756703853607,1262.0268630981445,566.2402439117432,1236.067886352539,534.82128739357,1356.6332244873047,588.8872504234314,1358.3079528808594,530.694043636322,1481.8227767944336,588.8849973678589,1481.839256286621,545.9953165054321,1609.1622161865234,607.8703379631042,1613.525505065918
853,28.434227463312368,True,103.7,103.4,168.9,169.6,171.8,176.5,13.6,6.6,521.0988914966583,1175.7099151611328,600.9795928001404,1175.8132553100586,507.26242661476135,1263.0116271972656,585.8016586303711,1247.2035598754883,459.8623216152191,1266.9268798828125,548.4590005874634,1248.097801208496,534.7965037822723,1347.8273391723633,584.7826981544495,1347.231216430664,526.5014612674713,1479.5796203613281,580.628707408905,1471.083984375,543.5985803604126,1609.7589111328125,598.463122844696,1590.3134536743164
854,28.46756184486373,True,96.2,135.0,167.7,164.6,171.8,179.5,6.3,9.9,521.7698836326599,1174.8847961425781,590.5311441421509,1171.2591934204102,518.5811018943787,1263.3904266357422,571.9904279708862,1244.6930694580078,460.8172309398651,1267.587890625,542.8230786323547,1262.0771026611328,534.3777573108673,1345.9625244140625,577.6155996322632,1342.4022674560547,525.1499176025391,1478.2518768310547,569.5004153251648,1463.393211364746,544.6386551856995,1611.2159729003906,592.9838848114014,1578.416748046875
855,28.500896226415094,True,94.2,141.2,166.8,158.4,174.2,176.7,2.1,5.4,528.9004504680634,1173.3891677856445,578.3969593048096,1168.8813400268555,528.2371830940247,1263.6823654174805,566.5485906600952,1246.9314193725586,465.80440163612366,1267.8398895263672,532.6928579807281,1277.9960632324219,534.0278255939484,1346.8552780151367,568.7216305732727,1341.2847518920898,524.9605000019073,1472.9536056518555,556.0852718353271,1452.539291381836,546.3266444206238,1606.2103271484375,585.3805303573608,1560.706443786621
856,28.534230607966457,True,92.4,135.8,165.8,165.0,175.4,177.5,0.8,8.2,529.8636317253113,1172.834243774414,567.8641176223755,1168.3050155639648,532.9444599151611,1263.962516784668,554.3941283226013,1247.5602722167969,465.4097306728363,1269.1064071655273,508.071209192276,1281.4154434204102,533.2320463657379,1345.8129501342773,563.5323286056519,1339.9309158325195,525.6333589553833,1470.8850860595703,556.1014294624329,1446.5327453613281,550.357940196991,1601.9325256347656,575.8945870399475,1548.0047607421875
857,28.56756498951782,True,93.4,129.8,165.5,152.5,176.2,169.9,1.0,7.0,532.7161931991577,1173.0856704711914,557.758584022522,1168.3327102661133,534.9643564224243,1264.9190139770508,546.429705619812,1254.6156692504883,465.81244826316833,1270.759048461914,498.20202112197876,1285.099868774414,533.8449096679688,1346.2657928466797,556.2961578369141,1338.5610580444336,526.3394021987915,1473.2397079467773,537.7504205703735,1437.5701904296875,551.7928791046143,1602.9150009155273,570.0853085517883,1543.9054870605469
858,28.600899371069183,True,93.6,117.8,165.1,158.6,176.7,170.5,3.0,6.7,535.3622460365295,1172.2394943237305,549.4792485237122,1168.4247207641602,539.5930659770966,1265.068473815918,540.0733852386475,1259.1801452636719,467.5836718082428,1272.8820419311523,481.32827639579773,1282.818489074707,534.1979956626892,1342.4288177490234,551.7070698738098,1337.010154724121,525.6951892375946,1473.0673599243164,534.6681439876556,1447.8053283691406,551.8797826766968,1605.4020309448242,560.8000802993774,1563.955421447754
859,28.634233752620545,True,93.5,114.9,164.7,162.9,176.5,170.8,2.4,6.2,535.8950293064117,1172.2857284545898,546.2566065788269,1168.8708114624023,538.9660084247589,1266.3299560546875,537.9645895957947,1261.8029022216797,463.46067667007446,1273.4480667114258,478.5437572002411,1283.1645584106445,534.4287085533142,1344.3666458129883,549.6511244773865,1339.5827865600586,525.3653419017792,1474.9715423583984,533.7728762626648,1452.1793746948242,551.9027638435364,1606.8475341796875,552.847888469696,1572.008399963379
860,28.66756813417191,True,93.3,109.0,163.3,163.9,175.3,168.5,1.7,6.8,535.0858283042908,1172.5831604003906,540.4708242416382,1169.414291381836,537.7160775661469,1267.060432434082,533.7507963180542,1263.3443069458008,461.5311598777771,1273.5483169555664,469.7472810745239,1280.4352569580078,534.7360253334045,1345.8626174926758,548.5184168815613,1341.1799240112305,523.8013994693756,1476.078872680664,530.5428314208984,1456.8310546875,551.4235711097717,1607.7112197875977,545.642101764679,1575.3766250610352
861,28.70090251572327,True,89.9,113.9,162.7,167.3,172.7,166.6,4.3,5.9,534.8462641239166,1172.651252746582,534.2113530635834,1172.3903274536133,543.5732817649841,1266.3533020019531,529.298050403595,1263.314552307129,462.24380135536194,1273.736801147461,476.45469188690186,1283.4469985961914,538.0707406997681,1345.437126159668,542.5703501701355,1342.4284744262695,523.904299736023,1474.5368957519531,520.8858168125153,1458.5441207885742,549.5974373817444,1606.8083953857422,524.8611402511597,1567.4765396118164
862,28.734236897274634,True,90.3,115.8,164.4,172.4,172.0,167.9,4.4,4.6,535.5156147480011,1172.7440643310547,524.9633324146271,1172.4800491333008,545.5803680419922,1264.7005462646484,522.6148760318756,1262.3773956298828,469.3263781070709,1273.418312072754,476.43399596214294,1283.2418060302734,540.9744143486023,1344.1091537475586,534.2487215995789,1342.0662689208984,527.0497584342957,1473.3794403076172,515.8710300922394,1457.8948974609375,549.2569041252136,1606.4300537109375,513.335827589035,1562.9896545410156
863,28.767571278825997,True,88.3,123.9,167.5,172.5,172.7,169.0,5.5,1.8,540.334095954895,1172.786750793457,508.88092517852783,1172.8937530517578,551.5317177772522,1261.548957824707,519.0748429298401,1261.1190032958984,478.99903535842896,1268.5314559936523,485.9774887561798,1289.340476989746,545.3827428817749,1340.4267883300781,522.9458498954773,1339.987907409668,532.8876829147339,1468.3170318603516,510.1771080493927,1458.1074142456055,549.4829177856445,1605.4730987548828,512.7052617073059,1565.6916046142578
864,28.80090566037736,True,83.7,137.1,169.7,172.3,173.3,170.4,5.1,2.1,543.621883392334,1172.9604721069336,497.6401090621948,1173.3329772949219,554.07799243927,1259.3678283691406,510.6259489059448,1260.3912734985352,483.0367040634155,1260.1251983642578,489.16099190711975,1291.7583847045898,548.6966013908386,1338.5609436035156,516.2238264083862,1338.9375686645508,537.6067399978638,1466.7558288574219,509.5339894294739,1458.2678604125977,550.2470254898071,1602.4677658081055,518.159008026123,1567.4224090576172
865,28.834240041928723,True,80.6,133.5,175.3,173.7,177.1,169.5,4.8,6.0,551.0090088844299,1171.4604949951172,486.9272482395172,1173.3403015136719,558.5160613059998,1255.3919219970703,489.88155126571655,1252.0992279052734,488.6308157444,1250.1842880249023,470.38328647613525,1272.0271682739258,551.8222332000732,1334.0527725219727,510.01920104026794,1334.7572708129883,546.0633587837219,1462.5434875488281,505.10393500328064,1456.0520553588867,551.0931444168091,1595.5803680419922,512.5066065788269,1563.7487411499023
866,28.867574423480086,True,77.1,160.8,176.0,176.3,179.5,170.9,4.8,16.5,557.2736620903015,1170.5263137817383,479.86144065856934,1172.8336715698242,561.7225456237793,1253.0406188964844,470.4107415676117,1247.1012496948242,492.926105260849,1241.1086654663086,469.4582784175873,1249.016990661621,552.4838590621948,1333.32275390625,506.03389978408813,1332.9503631591797,547.6791858673096,1460.8160018920898,506.47836327552795,1455.5258560180664,551.7337846755981,1587.4416732788086,513.567441701889,1559.4441604614258
867,28.90090880503145,True,73.5,93.8,176.3,178.0,178.4,174.0,6.0,20.4,560.3419375419617,1168.7277603149414,477.93359756469727,1171.794776916504,564.7352027893066,1249.0349578857422,462.6801538467407,1243.8545608520508,498.24676036834717,1233.273696899414,471.6506624221802,1246.3863372802734,552.1273612976074,1331.960792541504,501.72139048576355,1331.6322326660156,549.3913149833679,1456.7206192016602,506.9506359100342,1452.5761413574219,554.6117734909058,1577.5104904174805,514.8805546760559,1554.9592208862305
868,28.93424318658281,True,65.8,16.2,175.0,174.6,177.1,172.0,6.2,17.6,561.8033981323242,1167.4610137939453,475.6744587421417,1171.2760162353516,565.7165050506592,1245.3464126586914,464.18381094932556,1245.5537796020508,500.59534549713135,1219.9899673461914,465.92854499816895,1241.8129348754883,552.2482538223267,1332.0909118652344,500.62994599342346,1331.7467880249023,551.3234066963196,1455.6340026855469,502.42321729660034,1451.9876861572266,560.4874205589294,1569.485092163086,513.203991651535,1551.141357421875
869,28.96757756813417,True,59.5,11.2,174.7,177.0,175.7,173.7,8.6,19.7,563.7448883056641,1166.934585571289,474.0334939956665,1170.824317932129,569.8067665100098,1242.4451065063477,459.3961000442505,1246.0351181030273,503.71994733810425,1210.301513671875,466.36908173561096,1228.9432525634766,552.3137855529785,1330.140609741211,498.4275197982788,1329.8014068603516,552.9108452796936,1453.6360931396484,503.44597578048706,1449.0808868408203,563.8716387748718,1566.4056015014648,513.0305707454681,1549.7632598876953
870,29.000911949685534,True,51.4,4.9,175.8,178.9,174.1,174.0,11.6,20.9,564.4612956047058,1164.8389434814453,473.58774304389954,1170.8510971069336,574.0355587005615,1238.543586730957,457.2290790081024,1248.0630111694336,509.41563963890076,1199.4494247436523,469.48357701301575,1207.5264358520508,552.732789516449,1325.1511001586914,498.021776676178,1325.3635025024414,556.3627195358276,1449.6519470214844,504.1306793689728,1443.0806350708008,567.921667098999,1562.043113708496,511.55629992485046,1547.589340209961
871,29.034246331236897,True,43.1,3.1,174.1,177.8,173.5,173.5,15.0,18.6,564.3272066116333,1162.1641159057617,473.6400783061981,1170.4621124267578,577.506422996521,1230.3248977661133,460.537691116333,1248.4216690063477,514.3331909179688,1184.5693588256836,473.5115575790405,1190.445671081543,553.0492472648621,1321.7052841186523,497.77278184890747,1321.3740921020508,558.2846403121948,1445.2452850341797,503.17052364349365,1439.8195266723633,574.5087003707886,1556.297950744629,512.1553230285645,1547.4698638916016
872,29.06758071278826,True,35.9,12.9,174.5,178.5,172.1,173.9,20.0,16.4,563.7663888931274,1162.1343612670898,472.3048210144043,1170.4811096191406,581.4519095420837,1223.173599243164,463.24901819229126,1245.242042541504,524.8704743385315,1179.0189743041992,484.6408796310425,1185.838508605957,552.9790806770325,1320.8365631103516,497.542165517807,1321.7003631591797,561.6355776786804,1442.7598571777344,504.4416654109955,1438.7051010131836,580.0924801826477,1552.7586364746094,513.709352016449,1548.3603286743164
873,29.100915094339623,True,29.9,15.4,176.4,179.1,170.5,175.0,23.7,15.0,563.7306618690491,1160.8613204956055,474.30855989456177,1169.8015594482422,584.35307264328,1217.673225402832,466.7734730243683,1237.1898651123047,526.1631488800049,1168.5160446166992,490.68737268447876,1177.415771484375,553.172972202301,1322.2438430786133,497.6290690898895,1323.1226348876953,565.222442150116,1442.549171447754,505.1082479953766,1439.015007019043,582.8139781951904,1550.101203918457,514.0516233444214,1549.4472885131836
874,29.134249475890986,True,26.1,15.3,176.9,178.3,169.6,176.0,26.8,13.8,564.1951131820679,1160.174789428711,475.6946074962616,1168.8522720336914,586.8616890907288,1213.5200500488281,469.17043447494507,1233.3646774291992,529.2105031013489,1163.7038040161133,492.8228831291199,1171.9057846069336,553.3677005767822,1322.8078079223633,497.54409670829773,1323.7691116333008,567.0375037193298,1440.2680206298828,505.69220781326294,1439.018898010254,584.9341034889221,1544.09912109375,516.79722905159,1550.09033203125
875,29.16758385744235,True,21.1,22.5,177.8,178.2,168.9,175.3,31.8,13.3,563.6290812492371,1160.6596755981445,474.97897267341614,1168.5629653930664,589.9023485183716,1209.6326065063477,469.86714363098145,1230.138931274414,532.049320936203,1159.822769165039,501.3434565067291,1169.003677368164,553.4327173233032,1323.3622741699219,498.2884418964386,1324.2166900634766,568.6768269538879,1439.4354629516602,505.94455003738403,1438.7370300292969,586.2180876731873,1542.1538543701172,516.877019405365,1550.5145645141602
876,29.20091823899371,True,15.8,25.0,179.7,177.8,167.8,175.0,34.8,10.1,563.7062644958496,1161.4516067504883,475.75984954833984,1168.3572006225586,591.1643815040588,1206.452980041504,474.04479146003723,1229.1930770874023,535.4876124858856,1154.8411560058594,505.97023487091064,1165.5636978149414,553.8940143585205,1323.8090515136719,499.11775946617126,1324.5658493041992,571.3804936408997,1437.521095275879,506.204069852829,1439.0429306030273,586.674427986145,1540.7478332519531,517.4703454971313,1550.8320236206055
877,29.234252620545075,True,10.5,29.2,178.1,177.5,166.7,175.0,38.6,3.8,565.2416896820068,1161.565933227539,476.67243361473083,1167.5800323486328,594.3686127662659,1203.6896896362305,481.2607491016388,1225.8494567871094,541.4502596855164,1151.099624633789,510.95096826553345,1161.1505126953125,554.2360281944275,1323.2423400878906,499.70799565315247,1324.8187637329102,572.8093814849854,1435.0940322875977,506.3201344013214,1438.5950088500977,586.6743636131287,1539.422264099121,517.8471529483795,1551.039047241211
878,29.267587002096437,True,8.1,31.2,176.1,177.1,164.6,174.9,40.8,0.2,568.9892935752869,1161.174087524414,477.62866258621216,1166.813621520996,596.9426321983337,1200.102195739746,485.5173182487488,1223.2501602172852,543.6685538291931,1144.449806213379,512.1740877628326,1161.1470794677734,554.6551609039307,1321.7079162597656,500.09716272354126,1324.1326904296875,574.8677086830139,1433.0084609985352,506.18932843208313,1437.8845596313477,586.6892981529236,1538.6730194091797,518.0585217475891,1550.834083557129
879,29.3009213836478,True,7.0,28.2,175.7,176.7,163.8,176.1,42.0,1.2,573.3286786079407,1160.6549835205078,481.66388511657715,1164.9236297607422,601.4873671531677,1199.7918319702148,486.9904625415802,1219.706039428711,551.2824654579163,1145.5432891845703,512.4349272251129,1158.7353515625,555.9567189216614,1319.2546463012695,500.2707767486572,1321.2792205810547,575.6430172920227,1431.5431594848633,506.00332260131836,1436.5948104858398,586.17103099823,1538.4939193725586,518.2683777809143,1550.2363586425781
880,29.334255765199163,True,1.1,26.1,176.2,176.2,163.9,176.2,47.5,1.8,576.0581588745117,1160.8131408691406,485.03564715385437,1164.660987854004,609.0978026390076,1199.3389892578125,489.0024411678314,1217.9143524169922,561.3370156288147,1145.8198928833008,512.8344261646271,1158.5501861572266,557.0153975486755,1319.5983123779297,501.5338397026062,1321.13525390625,575.2497625350952,1431.9710540771484,506.0648310184479,1436.4063262939453,585.4240465164185,1538.8374710083008,518.2113111019135,1550.1317596435547
881,29.367590146750526,True,6.0,26.7,177.3,175.8,165.0,176.0,54.4,3.3,577.0705533027649,1161.0301208496094,486.27299308776855,1164.118423461914,615.7889914512634,1196.3295364379883,488.33643794059753,1211.2876510620117,568.535463809967,1143.2532119750977,515.2945053577423,1151.2158966064453,558.3011198043823,1319.9864959716797,502.3799264431,1321.523666381836,574.7942590713501,1432.906494140625,506.13425731658936,1435.9196090698242,585.0629138946533,1538.0488586425781,518.32270860672,1550.1594543457031
882,29.40092452830189,True,10.5,21.2,178.0,175.5,165.6,176.3,61.1,9.2,579.5682907104492,1161.5687942504883,490.1474118232727,1163.9402389526367,625.7234859466553,1194.9310684204102,487.15274691581726,1204.4726943969727,575.0836157798767,1141.8302536010742,514.5477139949799,1146.7478942871094,560.1338839530945,1320.1916885375977,503.7627875804901,1321.7899703979492,574.8582458496094,1433.4096908569336,506.1600065231323,1436.1349868774414,584.734354019165,1537.8782272338867,517.4610435962677,1550.2754974365234
883,29.43425890985325,True,11.4,4.2,179.3,175.1,166.5,175.8,65.8,34.6,582.031717300415,1162.346534729004,494.5975184440613,1163.960838317871,633.4051823616028,1193.730354309082,475.75122356414795,1196.1542129516602,576.323504447937,1140.746955871582,514.5425963401794,1139.7314071655273,562.0652031898499,1320.835304260254,506.2569200992584,1321.867332458496,574.526789188385,1433.8649368286133,506.25447392463684,1436.0388565063477,584.6759033203125,1537.200050354004,516.126172542572,1550.3335189819336
884,29.46759329140461,True,14.9,7.7,179.7,175.2,167.9,175.2,68.8,51.0,584.0577292442322,1163.0988693237305,498.93046617507935,1163.8525772094727,634.5729732513428,1190.265769958496,467.6346552371979,1192.5720977783203,576.2041568756104,1135.5052185058594,514.1215324401855,1136.6215896606445,564.4583344459534,1321.3957214355469,508.7462568283081,1322.043342590332,574.5408868789673,1434.6513748168945,506.25795006752014,1436.1283493041992,584.1583442687988,1537.4275588989258,513.4168088436127,1550.3770065307617
885,29.500927672955974,True,19.9,17.9,179.7,175.9,168.9,173.9,71.5,66.4,585.9177231788635,1163.6512756347656,500.70754766464233,1164.224739074707,636.9788503646851,1187.790641784668,460.4115843772888,1185.0089263916016,579.9324488639832,1130.251693725586,513.7217438220978,1131.3055801391602,566.7821359634399,1323.562889099121,510.96896052360535,1322.7788543701172,575.1685881614685,1435.9196090698242,506.2899112701416,1436.2149810791016,583.2336258888245,1537.8132247924805,509.72211956977844,1549.870948791504
886,29.534262054507337,True,22.3,26.6,179.9,175.2,169.9,172.0,72.5,78.7,587.6234793663025,1163.6587142944336,501.6325557231903,1164.2710876464844,636.9999647140503,1185.6348037719727,454.9075949192047,1177.3309707641602,581.599452495575,1127.749900817871,511.5159058570862,1126.0102844238281,569.2998290061951,1324.0293502807617,513.6684429645538,1322.7931594848633,576.2409138679504,1436.3423538208008,506.4102566242218,1435.806884765625,582.622275352478,1538.0177307128906,508.55326652526855,1549.2824935913086
887,29.5675964360587,True,25.3,32.5,179.6,174.8,171.3,170.7,76.3,88.0,588.4382486343384,1163.6400604248047,502.6561188697815,1163.9341735839844,635.1574802398682,1180.3371047973633,451.54072523117065,1169.9871826171875,579.8405241966248,1125.018196105957,510.607248544693,1121.685905456543,571.5844917297363,1324.03564453125,515.8688414096832,1322.7252960205078,576.9669127464294,1436.407356262207,506.81838154792786,1435.528564453125,582.4646902084351,1537.3411560058594,508.1253468990326,1548.889503479004
888,29.600930817610063,True,27.6,37.4,179.5,176.0,171.0,170.7,78.8,96.1,589.4282412528992,1163.6430358886719,503.2326114177704,1163.401107788086,633.269419670105,1177.2639083862305,450.5987548828125,1162.2203063964844,579.7208547592163,1123.9774703979492,510.27621030807495,1118.6294174194336,572.3511743545532,1323.4988021850586,516.5978336334229,1322.0460891723633,578.1142330169678,1436.4326477050781,507.77119874954224,1435.4270553588867,582.4282550811768,1537.4688720703125,506.82475447654724,1548.9372253417969
889,29.634265199161426,True,29.8,40.8,179.6,176.9,171.1,170.8,81.0,102.1,589.6390628814697,1163.2145690917969,503.38974595069885,1162.9010009765625,631.7957282066345,1174.6275329589844,447.72369503974915,1155.9674835205078,579.4614315032959,1122.4152374267578,509.7237288951874,1114.6265029907227,572.719452381134,1321.1634063720703,517.1292650699615,1319.563865661621,578.3583354949951,1436.0211181640625,508.67843985557556,1434.9704360961914,582.6034784317017,1537.8289031982422,506.53262972831726,1548.9665222167969
890,29.66759958071279,True,30.4,42.9,179.6,177.5,171.3,170.8,82.0,105.7,589.2244362831116,1162.1391677856445,503.0786633491516,1162.1060943603516,632.3956203460693,1172.801170349121,445.7218551635742,1151.568946838379,579.4993472099304,1121.1735534667969,508.8900339603424,1111.3095474243164,572.9252529144287,1319.8157501220703,517.452803850174,1318.7370300292969,578.5589861869812,1436.0533905029297,509.410457611084,1435.0185012817383,582.7754187583923,1537.9591369628906,506.5545165538788,1548.9781951904297
891,29.700933962264152,True,31.1,43.6,179.7,177.7,171.1,170.9,83.4,107.1,589.5687675476074,1161.4756393432617,502.73613452911377,1160.848731994629,633.3316683769226,1171.376838684082,445.1486134529114,1148.799705505371,579.4593715667725,1119.6114349365234,508.7624788284302,1109.3202209472656,572.7055478096008,1319.2022323608398,517.2885882854462,1318.0905532836914,578.3809947967529,1436.0349655151367,509.46250319480896,1435.0551223754883,582.7499270439148,1538.0170440673828,506.4585041999817,1548.5981369018555
892,29.734268343815515,True,30.6,46.5,179.8,178.0,171.0,170.9,84.1,109.5,589.721782207489,1160.3845596313477,502.4605858325958,1160.0890731811523,635.1433825492859,1170.0964736938477,445.7626676559448,1145.77880859375,579.9540138244629,1119.206314086914,508.03950548171997,1106.3473892211914,572.568883895874,1318.4203720092773,517.1646058559418,1317.337875366211,578.2409834861755,1436.0350799560547,509.53492283821106,1434.9294662475586,582.7341556549072,1538.0937194824219,506.1204493045807,1548.314094543457
893,29.767602725366878,True,30.2,47.6,179.8,178.1,171.1,170.9,83.7,111.2,590.142331123352,1159.5122909545898,502.2576177120209,1159.4993591308594,635.7484889030457,1169.535026550293,445.7162868976593,1143.5694122314453,580.7801127433777,1118.9774322509766,507.90647864341736,1104.9489212036133,573.0552220344543,1318.3831787109375,517.4138903617859,1317.4223327636719,578.8009643554688,1436.0478973388672,509.8948323726654,1434.9220275878906,583.4199213981628,1538.1529998779297,506.34897351264954,1548.3346939086914
894,29.80093710691824,True,30.4,48.3,179.7,178.3,170.9,171.0,83.7,112.2,590.430850982666,1159.4744110107422,502.1998429298401,1159.2889022827148,636.134340763092,1169.6174240112305,445.7038629055023,1142.3297882080078,581.3115119934082,1118.7162780761719,507.6224970817566,1104.2748641967773,573.1647205352783,1318.4997940063477,517.4425685405731,1317.5712203979492,579.0580701828003,1436.062889099121,510.17434000968933,1434.9201965332031,583.6899662017822,1538.229103088379,506.4701235294342,1548.3351516723633
895,29.834271488469604,True,32.3,49.0,179.7,178.6,170.8,171.1,86.2,112.6,590.5509066581726,1159.3212890625,502.1277451515198,1159.2041015625,635.6465220451355,1167.2917556762695,445.70289731025696,1141.8577194213867,581.3130569458008,1117.7701950073242,506.6583502292633,1103.9122009277344,573.1399369239807,1318.593635559082,517.4148559570312,1317.6737594604492,579.2811870574951,1436.195297241211,510.41470885276794,1434.935188293457,583.9977335929871,1538.4181594848633,506.50923013687134,1548.3457946777344
896,29.867605870020967,True,33.2,49.3,179.4,178.7,170.6,171.2,87.5,111.9,590.534040927887,1159.2511367797852,502.0742189884186,1159.127426147461,635.6619071960449,1166.2113189697266,445.9143304824829,1142.5724029541016,581.7367601394653,1117.6440811157227,505.4087734222412,1104.1526412963867,573.0245161056519,1318.6659622192383,517.3648703098297,1317.7381896972656,579.4164991378784,1436.2018203735352,510.6105315685272,1435.0060272216797,583.9862751960754,1538.6584854125977,506.64814710617065,1548.350486755371
897,29.90094025157233,True,33.7,49.0,179.2,178.7,170.5,171.2,88.1,110.7,590.5182695388794,1159.1287994384766,502.0525252819061,1159.0084075927734,635.6436896324158,1165.601692199707,445.9007799625397,1143.7651062011719,582.3426389694214,1117.8239822387695,504.37925577163696,1104.5638275146484,572.9900765419006,1318.6913681030273,517.3101854324341,1317.8993225097656,579.6005415916443,1436.2128067016602,510.60473799705505,1435.1774597167969,583.9303350448608,1538.792610168457,506.6823935508728,1548.387336730957
898,29.93427463312369,True,33.9,48.1,178.9,178.0,170.5,170.9,88.0,108.9,590.4643893241882,1159.0667724609375,502.01058626174927,1158.995246887207,635.4992365837097,1165.546646118164,445.9740364551544,1145.5525588989258,582.7420091629028,1117.9629135131836,504.34919357299805,1105.3285217285156,572.9207468032837,1319.586296081543,517.2669589519501,1319.1584014892578,579.5983529090881,1436.220817565918,509.9278235435486,1435.3737258911133,583.4803676605225,1539.628028869629,506.7853581905365,1548.3988952636719
899,29.967609014675052,True,33.6,47.4,178.3,176.5,170.3,170.3,87.5,107.9,590.4068398475647,1159.0782165527344,501.83883905410767,1159.0331268310547,635.3132629394531,1165.960922241211,446.12898230552673,1146.6707611083984,582.6267170906067,1118.0584716796875,504.35540556907654,1106.1096954345703,572.597336769104,1321.7130661010742,517.108279466629,1320.556640625,579.5786547660828,1437.3235702514648,508.4935927391052,1435.821189880371,582.7375674247742,1539.9993896484375,506.8942129611969,1548.500633239746
900,30.000943396226415,True,33.3,46.0,176.3,175.2,169.4,169.9,86.8,105.3,590.3629374504089,1159.0920639038086,501.82178020477295,1159.5918273925781,634.9854111671448,1166.4210891723633,446.2484586238861,1149.7090530395508,582.5465083122253,1118.2191467285156,504.45318818092346,1107.4937438964844,572.5569105148315,1324.8504638671875,516.8348872661591,1323.1182861328125,581.4017629623413,1437.5521087646484,507.1563720703125,1436.0418319702148,582.8662490844727,1540.0070571899414,506.9707202911377,1548.6003112792969
901,30.034277777777778,True,32.3,40.5,170.5,173.8,166.6,169.6,85.5,97.5,590.391583442688,1160.5534744262695,501.97704792022705,1161.9195556640625,634.925479888916,1168.901252746582,446.87113881111145,1159.4416809082031,582.458188533783,1120.0769805908203,504.20815229415894,1114.8435974121094,572.5224709510803,1328.3041763305664,516.1477696895599,1326.668930053711,586.7388653755188,1438.905372619629,505.6396150588989,1436.235237121582,582.967700958252,1540.2972793579102,506.99875473976135,1548.6098098754883
902,30.06761215932914,True,27.4,33.9,165.5,169.3,163.9,168.2,79.1,88.0,590.4356145858765,1164.9806213378906,502.2613191604614,1165.1006698608398,636.5354490280151,1179.0915298461914,447.24550008773804,1171.0701370239258,582.9672503471375,1126.5645217895508,503.9441907405853,1123.345069885254,572.5099182128906,1333.0352783203125,514.6063899993896,1331.619758605957,591.3522863388062,1440.0608825683594,500.541433095932,1436.9190216064453,583.3460855484009,1540.422477722168,506.5789461135864,1548.8574600219727
903,30.100946540880503,True,25.0,29.2,161.6,165.8,161.6,166.8,78.4,80.4,590.9167385101318,1170.2093124389648,502.83214688301086,1169.6764755249023,638.418231010437,1185.6218719482422,448.1880497932434,1182.7372741699219,582.9703402519226,1134.0333938598633,502.5901687145233,1132.6328659057617,572.4448370933533,1335.611457824707,513.9608895778656,1333.9054870605469,594.7670817375183,1440.2869033813477,497.0007884502411,1436.9588470458984,583.5387539863586,1540.7607650756836,506.6172158718109,1549.1690826416016
904,30.134280922431866,True,19.2,25.5,157.7,164.3,159.6,166.3,75.9,74.1,590.9226608276367,1171.5571975708008,502.9607963562012,1172.9346084594727,641.7268109321594,1190.4993438720703,448.5403633117676,1192.4836349487305,587.3498940467834,1145.4773712158203,497.26555466651917,1143.2640838623047,572.4154829978943,1338.4800338745117,513.8817751407623,1336.2028884887695,598.0891156196594,1440.7563400268555,496.0651910305023,1438.366470336914,583.7074756622314,1540.898666381836,507.3907542228699,1549.2998886108398
905,30.16761530398323,True,15.6,23.7,157.1,163.8,158.9,166.7,73.3,70.6,590.9937286376953,1173.1880950927734,503.1308376789093,1174.679832458496,643.8641881942749,1195.7823944091797,448.7385678291321,1197.6991653442383,587.0634984970093,1150.224952697754,494.94925260543823,1148.7187957763672,572.1709942817688,1339.4588470458984,513.1906020641327,1336.9905853271484,598.5780930519104,1440.897216796875,495.79952359199524,1438.5945510864258,583.9092206954956,1541.2039947509766,508.27430605888367,1549.0869140625
906,30.200949685534592,True,15.4,24.8,157.5,163.8,159.2,167.0,73.9,69.1,590.9593534469604,1173.1242370605469,503.2753872871399,1173.6823654174805,643.8180327415466,1195.0253677368164,449.82431530952454,1197.8703689575195,586.8350386619568,1150.586814880371,493.59017729759216,1147.2612762451172,572.1548366546631,1340.1366806030273,513.2087552547455,1337.3131942749023,598.1864476203918,1441.9342803955078,496.16129994392395,1438.5765838623047,583.9224815368652,1541.4374542236328,508.9544713497162,1548.8803482055664
907,30.234284067085955,True,18.9,27.2,158.5,163.9,160.0,166.7,75.0,74.7,590.6099367141724,1172.4726104736328,503.33744287490845,1172.954978942871,643.8352203369141,1193.1512832641602,450.8200693130493,1191.0492324829102,589.3632245063782,1147.2259140014648,494.4387423992157,1145.5285263061523,572.2948479652405,1339.285011291504,513.8941669464111,1336.7412185668945,597.4766063690186,1442.4383926391602,496.5795314311981,1438.560676574707,583.923704624176,1541.458511352539,509.06699538230896,1548.8759994506836
908,30.267618448637318,True,19.3,50.4,159.6,163.4,160.9,166.5,75.7,87.4,590.3643536567688,1170.8145904541016,504.0232729911804,1171.655158996582,643.464560508728,1190.5208587646484,454.8521375656128,1177.0701599121094,586.8951630592346,1143.5731887817383,494.150447845459,1117.3124313354492,572.5175786018372,1338.5131072998047,514.7235810756683,1336.1128234863281,596.732325553894,1442.834129333496,496.7381465435028,1440.1726913452148,583.9324593544006,1541.642074584961,509.70650911331177,1549.284553527832
909,30.30095283018868,True,34.8,83.8,160.3,164.6,161.8,166.6,98.8,113.3,590.015709400177,1167.2852325439453,503.9622473716736,1167.136459350586,642.8371810913086,1164.4789123535156,465.76313853263855,1153.777084350586,584.9178171157837,1128.5554504394531,495.35077929496765,1091.6962051391602,572.8772306442261,1336.509132385254,515.6513571739197,1334.2631149291992,596.2593770027161,1442.5980377197266,498.1183362007141,1440.1668548583984,583.6841726303101,1541.7961120605469,509.6408808231354,1549.2431259155273
910,30.334287211740044,True,44.2,129.7,163.1,167.9,163.9,167.7,110.0,150.0,589.4485187530518,1163.140640258789,503.94563913345337,1161.4091491699219,639.1564607620239,1150.3680038452148,479.0010952949524,1125.0457763671875,580.1103115081787,1116.5968322753906,498.6754524707794,1055.9497833251953,573.3264255523682,1327.6087188720703,516.7402911186218,1327.236213684082,594.715325832367,1442.5640487670898,501.16746068000793,1440.069465637207,583.5522079467773,1542.081527709961,509.2997360229492,1549.3117904663086
911,30.367621593291407,True,58.9,151.6,166.1,169.9,166.1,168.1,117.7,164.5,588.6978650093079,1160.526008605957,503.9372706413269,1158.0458450317383,630.9195470809937,1142.9857635498047,490.1586127281189,1120.726432800293,577.5282454490662,1103.7139892578125,500.2121329307556,1050.6972885131836,573.9611434936523,1322.7801132202148,517.7435445785522,1322.5729751586914,592.318525314331,1442.5199890136719,503.238662481308,1439.4164657592773,583.1969976425171,1542.6371383666992,509.13049936294556,1549.2399215698242
912,30.40095597484277,True,80.9,174.1,168.3,171.4,167.5,168.6,134.8,179.7,588.0279350280762,1156.4056777954102,504.36158537864685,1154.099235534668,620.2303433418274,1129.5452499389648,500.1374280452728,1107.568130493164,571.9162702560425,1087.4601745605469,501.0907280445099,1033.3515930175781,573.9821290969849,1318.462028503418,518.4490406513214,1317.978286743164,590.274875164032,1440.9698867797852,504.6953272819519,1438.6097717285156,583.0092859268188,1542.5032424926758,508.79112482070923,1548.8318252563477
913,30.43429035639413,True,90.1,179.3,170.3,172.1,168.5,169.1,142.0,177.4,588.0216264724731,1152.9441833496094,505.51093339920044,1151.2835311889648,617.2963500022888,1121.407814025879,503.709454536438,1099.7702407836914,571.5623474121094,1078.828239440918,501.9555151462555,1023.6429977416992,574.0016341209412,1316.0614013671875,518.650141954422,1315.3182220458984,588.0854201316833,1438.117332458496,505.0696563720703,1437.5616073608398,582.4543905258179,1542.3353576660156,508.0102479457855,1547.4767303466797
914,30.467624737945492,True,100.4,178.0,171.5,172.7,169.1,169.7,152.7,172.6,587.7426338195801,1151.8183135986328,506.6223335266113,1148.8791275024414,612.6119256019592,1112.1537780761719,510.1988983154297,1085.4257583618164,570.814847946167,1073.8164138793945,511.567018032074,1023.2426834106445,573.988630771637,1315.5631256103516,518.624392747879,1314.5050048828125,586.872181892395,1436.8626022338867,505.5565416812897,1436.5961837768555,582.4098443984985,1542.308120727539,507.88745641708374,1547.3753356933594
915,30.500959119496855,True,104.9,177.4,172.7,174.1,169.4,170.5,154.3,172.9,587.5899410247803,1152.0394134521484,507.0573341846466,1148.81103515625,611.2740612030029,1112.0698928833008,510.2882480621338,1089.9713516235352,570.7072162628174,1070.6547546386719,510.96818804740906,1019.1587448120117,573.4007120132446,1315.594139099121,518.5816168785095,1314.7350311279297,585.2885413169861,1436.2963485717773,506.78419947624207,1436.374282836914,582.2473669052124,1542.2293853759766,507.46352791786194,1547.3488998413086
916,30.534293501048218,True,100.8,177.8,174.6,175.4,170.2,171.4,148.8,173.9,587.3796343803406,1152.4982070922852,507.9491901397705,1148.9671325683594,613.6740803718567,1116.470832824707,510.32114267349243,1094.4721984863281,571.1941981315613,1070.9706115722656,515.7159876823425,1028.9815521240234,573.2679748535156,1316.129264831543,518.5666501522064,1315.290412902832,583.5408139228821,1436.2697982788086,508.0773890018463,1436.5034866333008,582.5606060028076,1542.0732879638672,507.4853181838989,1547.2550582885742
917,30.56762788259958,True,100.0,174.3,175.9,175.6,170.8,171.7,146.8,175.1,587.2864866256714,1152.978744506836,508.518408536911,1149.3146896362305,614.6153426170349,1118.0836486816406,509.8877513408661,1096.8901062011719,571.6959857940674,1070.2498626708984,517.8094947338104,1033.8379669189453,573.2148671150208,1316.6439056396484,518.5304081439972,1315.6447219848633,582.2682881355286,1436.3610076904297,508.23397636413574,1436.488151550293,582.6224684715271,1541.9811630249023,507.4145722389221,1547.2443008422852
918,30.600962264150944,True,100.2,174.5,175.8,175.6,170.8,171.6,146.4,176.1,587.2760581970215,1153.2854461669922,508.587030172348,1149.3613815307617,614.8365926742554,1118.6729049682617,509.01877999305725,1095.8928680419922,572.3231077194214,1070.2447128295898,515.9894442558289,1028.997688293457,573.1916928291321,1317.0683670043945,518.5053670406342,1316.0990524291992,582.0979571342468,1436.5694046020508,508.0891692638397,1436.0309600830078,582.1290493011475,1541.9947814941406,506.9369566440582,1547.1577835083008
919,30.634296645702307,True,102.5,171.8,175.1,175.6,170.7,171.6,147.9,178.3,587.2709083557129,1153.4856033325195,508.71683835983276,1149.7400665283203,613.5685729980469,1118.551368713379,507.1600091457367,1095.9819030761719,572.3809146881104,1070.3345489501953,514.9767923355103,1027.8489303588867,573.1848692893982,1317.3910903930664,518.4799718856812,1316.4087295532227,582.4151229858398,1436.6507720947266,508.0178439617157,1435.9029006958008,581.582522392273,1542.029914855957,506.86540603637695,1546.9759368896484
920,30.66763102725367,True,101.1,170.4,174.9,175.3,170.8,171.5,146.0,179.3,587.2817230224609,1153.7285614013672,508.77403378486633,1149.8698425292969,613.9703893661499,1120.5443572998047,506.34787917137146,1096.4522552490234,572.6109838485718,1071.3273239135742,514.3837237358093,1030.744972229004,573.4122347831726,1317.6283264160156,518.4512293338776,1316.5962982177734,582.6095938682556,1437.000503540039,507.69993782043457,1435.9340286254883,581.3923645019531,1542.0881652832031,506.8204092979431,1546.9854354858398
921,30.700965408805033,True,101.1,169.6,174.9,175.2,170.9,171.4,144.8,179.8,587.289125919342,1153.8623428344727,508.75755429267883,1149.8808288574219,614.1194772720337,1121.839828491211,505.87364315986633,1096.7040252685547,572.8283715248108,1070.797004699707,514.2775404453278,1030.6636047363281,573.6582684516907,1317.8049087524414,518.4653913974762,1316.744613647461,582.677571773529,1437.5628662109375,507.54985213279724,1435.9400939941406,581.1662220954895,1542.099380493164,506.78407073020935,1547.043113708496
922,30.734299790356395,True,103.0,170.4,174.4,174.6,170.7,171.2,145.4,179.7,587.3059916496277,1154.0130615234375,508.8852381706238,1149.9799346923828,613.0559706687927,1122.6062393188477,505.632244348526,1098.1450653076172,572.8942251205444,1070.6190490722656,512.7410852909088,1030.9581756591797,573.6552429199219,1317.8414154052734,518.4563148021698,1316.8511581420898,583.1268310546875,1437.6750183105469,506.87493324279785,1435.945701599121,581.1828303337097,1541.9222259521484,506.5858018398285,1547.0454025268555
923,30.76763417190776,True,104.0,174.0,174.2,174.1,170.5,171.0,146.1,179.6,587.3083734512329,1154.5667266845703,508.9301383495331,1150.0616455078125,612.5507712364197,1123.066177368164,506.3502609729767,1096.9237518310547,573.0603075027466,1071.1628723144531,510.2363634109497,1027.4105072021484,573.5875868797302,1317.9027557373047,518.2491302490234,1316.9328689575195,583.3771777153015,1437.6698684692383,506.21256709098816,1435.945930480957,581.3038516044617,1541.3825225830078,506.5481436252594,1547.0317840576172
924,30.80096855345912,True,105.8,176.0,174.0,173.7,170.3,171.0,147.4,178.7,587.4553370475769,1154.644432067871,509.03947591781616,1150.1304244995117,611.3974642753601,1123.3974838256836,507.4063968658447,1097.124366760254,573.0353307723999,1071.9182968139648,510.06818890571594,1027.5928115844727,573.4316110610962,1318.0486679077148,518.0341243743896,1316.8154525756836,583.4919548034668,1437.5745391845703,505.7699382305145,1435.9483337402344,581.3791680335999,1541.0404586791992,506.54395937919617,1547.0100402832031
925,30.834302935010484,True,108.5,175.7,173.8,173.4,170.0,171.1,149.5,179.3,587.6536703109741,1154.725570678711,509.36787486076355,1150.147933959961,609.9691557884216,1123.4980773925781,507.3261880874634,1097.621841430664,572.9054260253906,1072.360954284668,509.82598543167114,1028.591537475586,573.1837105751038,1318.1315231323242,517.7680063247681,1316.7618942260742,583.574481010437,1437.4920272827148,505.22228479385376,1435.9281921386719,581.4381980895996,1540.3406524658203,506.37436866760254,1547.0188522338867
926,30.867637316561847,True,113.2,177.0,173.6,173.2,169.6,171.0,152.3,179.4,587.6767158508301,1154.7752380371094,509.3644630908966,1150.191879272461,607.7798938751221,1123.6693954467773,507.29219913482666,1097.878646850586,572.5995254516602,1071.4028549194336,508.2329785823822,1022.8656005859375,572.7353525161743,1318.2120895385742,517.5975465774536,1316.656150817871,583.6158728599548,1437.5708770751953,504.8060166835785,1435.931510925293,581.5502071380615,1540.3477478027344,506.08555912971497,1547.01416015625
927,30.90097169811321,True,121.6,177.9,173.6,173.1,168.8,171.3,158.7,180.0,587.9444432258606,1156.2510681152344,509.42741990089417,1150.4069137573242,604.0387272834778,1124.6294403076172,507.02189683914185,1098.0143737792969,571.6748714447021,1071.5630722045898,506.3848614692688,1022.2006988525391,571.9111847877502,1318.3550262451172,517.0413315296173,1316.663932800293,583.4813976287842,1437.5482177734375,504.3766486644745,1436.096076965332,581.977128982544,1540.3535842895508,506.0122060775757,1546.9908142089844
928,30.93430607966457,True,132.7,177.9,174.7,173.1,169.0,171.5,167.8,178.6,587.5273704528809,1157.508888244629,509.4119381904602,1152.037467956543,598.1356573104858,1124.765968322754,505.8458340167999,1100.1398849487305,568.2649040222168,1071.6665267944336,503.3802831172943,1023.4316253662109,571.2172436714172,1318.4282684326172,516.6888570785522,1316.388931274414,582.0904898643494,1437.2261810302734,504.21990036964417,1436.067123413086,581.9810557365417,1540.4265975952148,505.97306728363037,1547.0904922485352
929,30.967640461215932,True,132.0,177.1,175.2,173.5,168.8,172.1,167.2,177.9,586.3687205314636,1157.5444793701172,509.1710865497589,1152.7178192138672,596.7783522605896,1126.6783905029297,505.54266929626465,1106.1865997314453,567.0838522911072,1073.9333724975586,503.533490896225,1033.6903381347656,569.8576211929321,1318.3970260620117,515.8926272392273,1316.0675811767578,580.9697556495667,1436.9407653808594,504.2172932624817,1436.0554504394531,582.0131778717041,1540.506477355957,505.98143577575684,1547.204475402832
930,31.000974842767295,True,131.0,168.2,175.6,174.3,168.4,172.7,166.0,172.2,585.2410984039307,1158.5317611694336,508.1969618797302,1153.2249069213867,595.4091382026672,1130.5165100097656,502.39161014556885,1120.5638122558594,566.0151314735413,1077.682228088379,504.37050104141235,1056.0990142822266,568.4670996665955,1318.1823348999023,514.7295677661896,1315.3213119506836,580.0535345077515,1436.8374252319336,504.1890013217926,1435.8417892456055,582.1049737930298,1540.5604934692383,505.54978251457214,1547.2058486938477
931,31.03430922431866,True,127.2,166.1,174.8,174.9,167.1,173.8,164.2,170.4,583.9397978782654,1158.7852478027344,507.6846170425415,1153.868522644043,594.4014430046082,1133.0962371826172,500.7743990421295,1119.916877746582,562.7475571632385,1079.7347259521484,503.6794888973236,1049.4631576538086,566.1957621574402,1318.0621719360352,513.0482733249664,1314.330825805664,579.7529768943787,1436.5580749511719,503.913871049881,1435.5197525024414,582.1090292930603,1540.8127212524414,505.52181243896484,1547.215690612793
932,31.06764360587002,True,119.9,167.9,174.6,175.7,166.4,174.3,158.5,172.3,582.7618360519409,1158.6625671386719,505.41810750961304,1153.843116760254,594.6705865859985,1136.1928939819336,499.145987033844,1117.88818359375,559.7515726089478,1080.6099700927734,501.9580578804016,1045.9235000610352,564.7473692893982,1317.7416229248047,511.406375169754,1313.697395324707,579.5066213607788,1436.352882385254,503.84450912475586,1435.3684616088867,582.525007724762,1541.3273620605469,505.3121495246887,1547.1964645385742
933,31.100977987421384,True,108.7,168.1,174.4,176.4,165.7,175.2,149.4,172.0,581.4618229866028,1158.4450149536133,504.1454529762268,1153.7910461425781,595.4514956474304,1139.9755096435547,497.6394009590149,1116.906852722168,558.4478902816772,1085.4542541503906,500.1332437992096,1043.4657669067383,563.1462836265564,1317.1749114990234,509.82157588005066,1313.250732421875,579.217779636383,1436.2437057495117,503.8626301288605,1435.3569030761719,582.9657053947449,1541.3180923461914,505.35869121551514,1547.208366394043
934,31.134312368972747,True,103.5,167.2,174.9,177.1,165.5,175.8,145.9,171.0,580.4057192802429,1158.7343215942383,503.02510499954224,1153.8151931762695,595.3634333610535,1141.3930892944336,495.7068908214569,1116.1397552490234,556.9170999526978,1087.9860305786133,498.04855585098267,1042.3948287963867,561.7271161079407,1317.1933364868164,508.6545252799988,1313.305778503418,578.0736136436462,1436.2011337280273,504.0144217014313,1435.3587341308594,582.9647397994995,1540.9891891479492,505.3805458545685,1547.2239303588867
935,31.16764675052411,True,103.8,161.4,175.1,178.2,164.7,177.4,147.0,165.0,579.452805519104,1158.7577819824219,502.297625541687,1153.8871765136719,593.3376789093018,1142.2901916503906,491.41504526138306,1117.0583724975586,554.6971321105957,1089.1748428344727,494.1998219490051,1041.9899368286133,559.6800541877747,1317.2197723388672,506.44888043403625,1313.3490371704102,576.8374586105347,1436.3695907592773,504.039044380188,1435.3659439086914,582.9183912277222,1540.920295715332,505.437548160553,1547.1814727783203
936,31.200981132075473,True,104.4,159.2,175.2,178.7,164.3,178.5,148.1,161.7,578.4274077415466,1158.7406158447266,501.52360439300537,1154.890365600586,591.0394334793091,1143.230323791504,488.13182830810547,1116.9716262817383,554.4377732276917,1093.729476928711,489.8944580554962,1041.522102355957,558.3931088447571,1317.256736755371,504.75467920303345,1313.7712097167969,576.0903453826904,1436.2921142578125,503.98938059806824,1435.3654861450195,582.8313589096069,1540.4792404174805,505.8135187625885,1546.9744491577148
937,31.234315513626836,True,100.7,157.2,175.8,178.5,164.0,179.5,144.2,159.8,577.2019386291504,1158.6415100097656,499.76683259010315,1154.8656463623047,589.7169542312622,1145.3094863891602,484.9135959148407,1116.683464050293,553.1748390197754,1095.1667404174805,486.9585978984833,1041.3193130493164,556.5956211090088,1317.582778930664,502.62261271476746,1314.7431564331055,574.6019124984741,1436.2916564941406,503.69300723075867,1435.4577255249023,582.6733875274658,1540.0547790527344,507.70447611808777,1547.2434997558594
938,31.2676498951782,True,90.0,155.9,176.4,178.5,164.3,179.8,133.2,159.2,574.5275616645813,1158.592529296875,497.4718379974365,1154.8523712158203,589.7149586677551,1147.4541091918945,482.17159509658813,1117.195930480957,552.3955392837524,1096.4955139160156,484.68581199645996,1043.1842422485352,555.0817608833313,1317.5373458862305,501.09111428260803,1314.8608016967773,573.0702209472656,1435.074462890625,503.3415949344635,1435.3886032104492,582.3998022079468,1539.8264694213867,508.35947155952454,1546.7015075683594
939,31.30098427672956,True,83.1,151.5,177.2,178.8,164.7,179.8,127.0,156.4,572.0985746383667,1158.358154296875,495.4736351966858,1155.0385665893555,588.1761860847473,1148.921241760254,479.07779574394226,1120.0373840332031,551.0193085670471,1100.1337051391602,483.1674134731293,1050.7515335083008,553.6642026901245,1317.5447845458984,499.5310664176941,1315.268783569336,571.5391731262207,1434.696922302246,502.9410982131958,1435.3737258911133,582.3258376121521,1539.5966720581055,508.418630361557,1546.208152770996
940,31.334318658280925,True,69.8,144.1,177.7,179.2,165.2,179.5,113.9,151.0,569.937379360199,1156.746826171875,493.1977915763855,1155.0267791748047,585.661518573761,1151.7301940917969,476.4664077758789,1126.7931747436523,547.323203086853,1102.517967224121,482.69816637039185,1058.3965301513672,552.5703763961792,1317.1460723876953,497.9048752784729,1315.272445678711,570.3654599189758,1434.023323059082,502.58060932159424,1435.352668762207,582.1156597137451,1539.162826538086,508.40176463127136,1545.9749221801758
941,31.367653039832287,True,61.8,131.0,178.2,179.5,165.2,179.1,107.0,140.1,569.091067314148,1156.6304397583008,491.0559403896332,1155.2577209472656,583.7132048606873,1153.8265228271484,472.57563829421997,1134.528923034668,544.8173546791077,1105.8319473266602,481.15546703338623,1066.970100402832,551.7755627632141,1317.1785736083984,496.23722791671753,1315.6101608276367,569.457221031189,1434.0443801879883,502.07096815109253,1435.4572677612305,581.916618347168,1539.1638565063477,508.395938873291,1545.9368133544922
942,31.400987421383647,True,53.6,132.0,177.9,179.5,165.4,179.5,100.5,144.7,565.1778960227966,1156.6850280761719,486.8480694293976,1155.5994415283203,580.7546854019165,1155.3118515014648,470.8077299594879,1135.0101470947266,541.3039398193359,1110.607566833496,482.2502911090851,1070.3180694580078,549.9288296699524,1317.154884338379,494.24832701683044,1315.6213760375977,568.8378238677979,1434.0007781982422,500.88106513023376,1435.5088806152344,581.8693041801453,1538.261604309082,507.9422700405121,1545.8256912231445
943,31.43432180293501,True,41.8,121.4,178.3,179.7,165.2,178.4,89.8,137.3,562.5854659080505,1156.7548370361328,484.61162209510803,1156.1803436279297,578.3290457725525,1158.2490921020508,467.5977694988251,1139.3213653564453,535.9298551082611,1112.362174987793,481.9499909877777,1078.9152145385742,547.8963804244995,1317.0643615722656,491.61218762397766,1315.5195236206055,567.5028562545776,1433.7129592895508,500.27573347091675,1435.8048248291016,581.7452573776245,1536.6221237182617,507.5197899341583,1545.750503540039
944,31.467656184486373,True,17.3,101.5,179.0,179.7,165.3,178.2,64.9,122.4,561.7266011238098,1156.8500518798828,483.0534088611603,1158.3200454711914,576.3225388526917,1165.4014205932617,463.4131693840027,1147.0697021484375,532.3725056648254,1117.148208618164,481.5040147304535,1092.2522735595703,546.9993424415588,1317.3627090454102,490.32347202301025,1315.9894180297852,566.2854981422424,1433.0690002441406,499.5942485332489,1436.0500717163086,581.6152238845825,1535.7624435424805,507.5612783432007,1545.5668258666992
945,31.500990566037736,True,7.4,76.8,178.5,179.2,164.4,177.5,54.1,103.0,559.7731375694275,1157.1781539916992,481.01754784584045,1158.482322692871,574.3507933616638,1169.9715042114258,459.5778250694275,1154.5664978027344,530.8747708797455,1120.6224060058594,481.9405925273895,1103.2746505737305,544.8062825202942,1317.3101806640625,488.22227239608765,1315.985984802246,565.8348870277405,1432.9199981689453,499.05036091804504,1436.044921875,581.6013836860657,1535.1757049560547,507.520626783371,1546.7781829833984
946,31.5343249475891,True,0.7,60.7,178.0,179.0,163.1,177.5,50.0,96.6,558.2813572883606,1158.764877319336,477.8257083892822,1159.4324111938477,574.0857696533203,1174.9909973144531,456.1585235595703,1158.086814880371,527.3082160949707,1128.1268692016602,485.8209979534149,1112.1921157836914,542.3108625411987,1317.9634094238281,486.22339367866516,1316.3566589355469,565.0331854820251,1432.9126739501953,497.8772270679474,1435.832748413086,581.4164400100708,1533.8768005371094,506.65085077285767,1546.5558242797852
947,31.56765932914046,True,4.1,46.6,177.6,179.4,162.2,177.4,50.5,94.7,556.4294743537903,1161.826286315918,476.0953938961029,1162.869987487793,574.3314170837402,1179.9708938598633,453.1860673427582,1162.1829986572266,527.8652358055115,1139.109992980957,488.0465018749237,1127.4587631225586,540.1529502868652,1319.6903228759766,484.3234884738922,1318.58642578125,564.1055703163147,1432.9038619995117,495.9433972835541,1436.652717590332,580.9952473640442,1532.9474258422852,505.59133529663086,1546.5495300292969
948,31.600993710691824,True,19.1,15.9,178.0,179.8,162.0,178.7,38.0,78.7,557.2804856300354,1163.4645080566406,469.53877687454224,1164.1455459594727,572.0245456695557,1187.4005126953125,453.92873883247375,1168.6572647094727,524.6475183963776,1148.730239868164,485.6179654598236,1148.8618469238281,539.8392927646637,1320.8854293823242,482.6749277114868,1320.589370727539,562.938551902771,1432.8759384155273,495.07548809051514,1437.1370315551758,579.858033657074,1532.2265625,506.3557004928589,1546.5404891967773
949,31.634328092243187,True,27.0,30.4,177.5,178.2,162.6,179.9,29.5,26.7,556.7487645149231,1162.5634002685547,465.0167977809906,1164.0319061279297,573.0344939231873,1200.337257385254,455.63929080963135,1188.7656784057617,525.7203912734985,1161.1137771606445,481.6872525215149,1167.7821350097656,539.6744978427887,1320.901222229004,481.27561926841736,1320.523338317871,562.0377802848816,1433.2884979248047,493.21662068367004,1437.9862976074219,577.3635149002075,1532.3918151855469,507.762508392334,1546.4894485473633
950,31.66766247379455,True,37.8,48.1,176.7,177.0,162.7,179.0,24.9,24.4,557.2473978996277,1162.060661315918,465.3770935535431,1159.357681274414,573.3850693702698,1210.5121994018555,449.83294129371643,1203.1959915161133,526.2542045116425,1179.0252685546875,483.4257102012634,1189.350700378418,539.308408498764,1320.417594909668,479.011105298996,1320.4716110229492,560.925543308258,1433.0192184448242,490.9036982059479,1437.780418395996,574.4341564178467,1534.6812057495117,507.7815628051758,1546.4297103881836
951,31.700996855345913,True,57.3,85.0,174.6,175.3,163.3,179.9,22.1,23.5,557.2283434867859,1161.8934631347656,463.58861804008484,1158.7786102294922,573.6686325073242,1220.1055526733398,446.63769006729126,1210.1115417480469,526.9335329532623,1205.8721923828125,484.477436542511,1219.0276336669922,539.7754669189453,1320.454216003418,478.4966039657593,1320.5738067626953,560.8065819740295,1434.5965576171875,489.0126121044159,1437.784767150879,570.2850580215454,1541.3224411010742,507.80110001564026,1546.413459777832
952,31.734331236897276,True,85.0,106.4,173.5,173.7,164.2,178.1,20.6,20.9,557.286536693573,1162.939338684082,462.1767568588257,1159.5600128173828,573.2818794250488,1225.2162551879883,446.3472390174866,1218.7931442260742,543.9075708389282,1230.0905227661133,484.5315742492676,1242.0550918579102,540.0655317306519,1321.2471771240234,479.14722204208374,1322.0649719238281,559.5343136787415,1436.1175918579102,487.5017774105072,1438.5587310791016,565.6554794311523,1546.8882751464844,507.2338128089905,1546.501579284668
953,31.76766561844864,True,133.1,131.9,174.4,173.4,165.2,177.0,19.5,19.1,557.4711585044861,1165.6288146972656,461.2741506099701,1163.1398391723633,573.3351159095764,1233.0112838745117,446.8756127357483,1227.3503494262695,560.5266237258911,1252.2571563720703,477.3825001716614,1270.1946258544922,540.2529859542847,1322.4565887451172,479.5836389064789,1323.7520599365234,557.6072430610657,1438.3343124389648,486.7384099960327,1439.3487167358398,563.5784840583801,1555.8198165893555,505.9683680534363,1546.4989471435547
954,31.801000000000002,True,150.3,145.7,175.9,173.7,165.5,176.7,20.4,16.1,557.4960708618164,1169.3345260620117,459.7008419036865,1166.385154724121,574.056351184845,1238.532371520996,447.85508036613464,1240.3961563110352,561.2496614456177,1282.4733352661133,474.66734290122986,1297.350082397461,538.711348772049,1324.4912338256836,479.3081223964691,1325.182228088379,554.42702293396,1442.6314544677734,486.92206621170044,1440.8367919921875,561.87575340271,1563.545150756836,505.70215344429016,1546.4658737182617
955,31.834334381551365,True,164.4,161.2,178.1,174.3,166.4,176.4,19.8,14.5,558.4068846702576,1173.1560516357422,458.39622616767883,1170.3684997558594,574.347767829895,1245.4368209838867,448.33556056022644,1251.6820907592773,570.5603814125061,1313.9551162719727,462.7565324306488,1321.003303527832,538.2813048362732,1328.2055282592773,479.40516471862793,1330.0219345092773,551.1478614807129,1446.7881774902344,486.9408309459686,1441.2535858154297,560.1120615005493,1567.1060943603516,504.11168932914734,1542.8710556030273
956,31.867668763102728,True,171.8,168.5,179.7,172.8,167.2,175.5,18.5,14.1,559.3686819076538,1177.291259765625,458.0494809150696,1174.8810195922852,574.4618368148804,1256.5187072753906,448.6134910583496,1258.8370513916016,577.8578996658325,1330.3352737426758,455.0691068172455,1331.5498352050781,538.4553372859955,1331.1048889160156,479.37049984931946,1332.4283981323242,548.8667392730713,1448.8203048706055,485.57435274124146,1442.8215408325195,560.4664993286133,1573.3213806152344,503.69847893714905,1541.2144088745117
957,31.901003144654087,True,175.8,172.3,178.9,172.5,167.5,175.4,18.3,14.4,559.9592399597168,1180.1528549194336,458.2790672779083,1180.4907989501953,574.7718572616577,1260.9403610229492,448.9789044857025,1260.970458984375,583.2347202301025,1338.596305847168,450.4101097583771,1334.7829055786133,538.6026549339294,1332.9133987426758,479.3897473812103,1334.3938064575195,547.8448820114136,1449.620475769043,485.64844608306885,1445.8251571655273,560.3902173042297,1576.651382446289,503.6373245716095,1540.7836532592773
958,31.93433752620545,True,177.2,174.4,177.8,172.6,167.8,175.6,19.5,14.9,560.9682869911194,1183.0302429199219,459.0546977519989,1183.7141418457031,576.4369940757751,1261.8517684936523,449.02116537094116,1263.0084228515625,587.75306224823,1339.2132568359375,446.9425928592682,1335.494499206543,538.6394762992859,1334.608154296875,479.4964134693146,1335.0068664550781,546.6102075576782,1453.1591033935547,485.9164309501648,1447.7138900756836,560.1646542549133,1581.7097854614258,503.2946026325226,1540.279884338379
959,31.967671907756813,True,178.2,173.8,177.0,172.8,167.5,175.7,20.7,15.2,563.73948097229,1186.0937118530273,459.7998797893524,1183.7469863891602,578.8740277290344,1262.6353454589844,449.4067597389221,1260.6037902832031,590.9903812408447,1336.1860656738281,447.5869345664978,1330.7173919677734,538.6994075775146,1335.8910369873047,479.7074604034424,1334.8400115966797,545.0646758079529,1455.4301834106445,486.0912036895752,1448.85498046875,558.6899328231812,1583.085823059082,502.8710925579071,1540.155143737793
960,32.00100628930818,True,179.4,172.4,176.9,173.5,166.7,176.2,21.3,15.6,566.9462871551514,1188.7329483032227,460.62877893447876,1184.7698593139648,580.5300879478455,1260.6762313842773,449.63563799858093,1258.6857604980469,592.0097923278809,1325.2932357788086,448.6195421218872,1326.295280456543,538.7559270858765,1339.0596771240234,479.7512662410736,1337.3358535766602,544.3467235565186,1457.7089309692383,486.22268557548523,1448.8747787475586,557.6606726646423,1589.5220947265625,501.9527792930603,1539.7014999389648
961,32.03434067085954,True,177.9,170.6,177.5,173.4,166.0,176.7,22.6,16.2,570.5614113807678,1189.0954971313477,461.6879725456238,1184.2560195922852,584.5739364624023,1259.1958236694336,449.70908761024475,1255.166015625,595.3124499320984,1325.5537033081055,449.48667883872986,1324.4182205200195,539.5401513576508,1344.0356826782227,480.0037693977356,1341.4203643798828,545.140700340271,1463.3760452270508,486.2712550163269,1449.9140167236328,557.5135803222656,1600.465965270996,501.9473719596863,1539.803352355957
962,32.067675052410905,True,178.5,169.2,178.0,173.3,165.6,177.1,23.9,16.7,572.3037958145142,1189.130859375,463.4686589241028,1182.9109954833984,587.5182938575745,1259.0361785888672,449.8245084285736,1254.3743133544922,599.3998789787292,1321.7222213745117,449.82685804367065,1323.0403518676758,539.8757922649384,1346.6394424438477,480.0427794456482,1342.9096984863281,545.7063460350037,1468.0805969238281,485.81279039382935,1452.3905181884766,557.1732401847839,1605.4682922363281,500.813570022583,1540.4071426391602
963,32.10100943396227,True,176.9,167.0,177.3,171.5,166.6,177.1,24.8,17.7,575.0393915176392,1189.0151596069336,466.0356938838959,1182.1342849731445,591.411509513855,1258.6320877075195,449.92892146110535,1254.096908569336,602.9463171958923,1322.9941177368164,450.4403328895569,1323.5881805419922,542.0789909362793,1349.5848083496094,480.5962908267975,1345.7385635375977,545.8093428611755,1468.414077758789,484.8863983154297,1455.923194885254,556.9085383415222,1609.4992446899414,500.87092638015747,1540.403938293457
964,32.13434381551363,True,176.7,165.7,177.3,165.5,166.9,175.0,24.0,18.6,578.0083394050598,1189.0515518188477,468.18723320961,1181.7600631713867,592.7580642700195,1257.4390411376953,450.59341192245483,1252.5774765014648,602.7201104164124,1321.1964797973633,450.9647798538208,1322.3564529418945,544.0258240699768,1352.0090103149414,481.54669404029846,1346.7728805541992,546.8319725990295,1477.37548828125,480.7336950302124,1462.9075241088867,555.9283947944641,1606.5324783325195,500.2966547012329,1540.6916427612305
965,32.16767819706499,True,175.1,166.2,176.6,157.3,167.4,172.8,23.3,17.3,580.5992889404297,1189.149513244629,469.26725149154663,1180.9162902832031,594.4118070602417,1258.754539489746,452.917857170105,1251.9160079956055,601.829252243042,1325.9092712402344,453.8904368877411,1320.1114654541016,545.7799887657166,1352.49755859375,481.90364241600037,1348.2301712036133,547.0370650291443,1480.4108047485352,475.76406598091125,1468.787727355957,555.756196975708,1604.9828338623047,501.08126521110535,1539.0531921386719
966,32.20101257861635,True,172.7,166.0,177.3,152.0,167.4,171.6,23.5,14.6,582.0454287528992,1189.5879364013672,469.87557649612427,1179.8573684692383,596.2241649627686,1260.9163284301758,456.6833567619324,1251.3883209228516,601.0334086418152,1330.3364181518555,460.7479655742645,1316.996955871582,546.5610265731812,1352.9035949707031,482.10673928260803,1348.549690246582,547.3847436904907,1482.341079711914,473.072726726532,1471.2328720092773,553.7451195716858,1602.5882720947266,502.81689047813416,1538.7182235717773
967,32.23434696016771,True,170.9,168.3,177.9,147.0,167.1,170.4,24.6,11.6,582.0871424674988,1189.5890808105469,469.89138007164,1177.7082824707031,598.1241989135742,1262.3047256469727,460.1735329627991,1250.694465637207,602.33966588974,1333.5734939575195,464.8064911365509,1315.0139236450195,546.4982628822327,1354.0624237060547,481.99289560317993,1349.9687576293945,547.9953861236572,1487.9253387451172,469.88378405570984,1473.7602996826172,553.5490393638611,1604.8186111450195,505.2862071990967,1542.0588684082031
968,32.267681341719076,True,171.7,169.9,178.4,147.2,167.3,170.2,24.3,10.5,581.1800622940063,1189.7942733764648,469.93605494499207,1175.7976913452148,597.7926778793335,1265.0375747680664,461.4782774448395,1247.541847229004,603.2652854919434,1341.3325881958008,465.05497097969055,1309.0481185913086,546.3593459129333,1355.9025192260742,481.6837441921234,1352.4998474121094,548.3018016815186,1489.3438339233398,468.7838101387024,1475.122947692871,553.4811902046204,1609.1886520385742,505.2329707145691,1547.449951171875
969,32.30101572327044,True,171.1,171.9,179.0,151.6,167.1,171.4,24.1,9.1,580.4668092727661,1189.7294998168945,469.894083738327,1175.1831436157227,597.2357869148254,1266.5065383911133,462.56338119506836,1247.596549987793,601.7675185203552,1341.9670486450195,465.1164150238037,1309.3384552001953,545.6436467170715,1356.8320083618164,480.3044557571411,1352.8387069702148,548.1803297996521,1489.4918060302734,468.91146183013916,1476.1299133300781,552.5703763961792,1607.135353088379,504.85519766807556,1560.3965377807617
970,32.3343501048218,True,170.1,172.8,179.3,158.6,167.3,172.4,23.7,8.0,579.9202823638916,1189.5843887329102,469.00412678718567,1175.116310119629,596.8837308883667,1267.9235458374023,462.57596611976624,1250.4735946655273,600.07972240448,1348.129005432129,465.073059797287,1313.0377578735352,545.3835797309875,1359.001579284668,478.811194896698,1354.932632446289,548.263692855835,1494.0695571899414,468.7382984161377,1484.3433380126953,552.2398209571838,1610.2568435668945,501.71125173568726,1592.816390991211
971,32.367684486373165,True,167.8,175.1,179.7,162.1,167.9,172.1,24.5,7.1,578.1860733032227,1189.4615936279297,467.64798045158386,1175.343017578125,597.4216961860657,1268.8358688354492,462.1958112716675,1253.5740280151367,599.5270800590515,1351.4308547973633,463.21457862854004,1318.0281829833984,545.0874638557434,1361.1820220947266,477.5655126571655,1356.983871459961,547.9758167266846,1496.6005325317383,466.2282657623291,1491.5933990478516,550.9795260429382,1611.2644958496094,493.23776721954346,1607.3492431640625
972,32.40101886792453,True,166.0,178.6,179.9,164.9,168.5,171.1,24.3,6.9,576.1939215660095,1189.6337127685547,465.9063684940338,1175.775489807129,596.8516731262207,1272.0286560058594,461.3689398765564,1256.5327835083008,597.041380405426,1360.173683166504,455.5105125904083,1328.6328506469727,545.0292706489563,1362.7717208862305,477.52647042274475,1358.1342315673828,548.0855083465576,1498.9218521118164,464.607675075531,1499.5035552978516,550.7887887954712,1610.9796524047852,486.6832101345062,1626.0560989379883
973,32.43435324947589,True,164.4,173.7,180.0,170.4,169.8,170.3,23.2,6.7,572.02641248703,1189.5649337768555,462.4729371070862,1176.9054794311523,593.1701159477234,1272.5201797485352,459.5284831523895,1259.2116165161133,591.164767742157,1360.7786178588867,448.93773794174194,1331.521339416504,544.9816346168518,1362.8599548339844,477.31815934181213,1358.737907409668,548.1400322914124,1496.1395645141602,464.6831202507019,1501.556625366211,550.8794903755188,1610.4518508911133,475.7098317146301,1638.9494705200195
974,32.46768763102725,True,163.3,173.0,178.5,178.9,172.2,168.2,21.1,7.8,566.3902974128723,1189.5101165771484,457.77119636535645,1180.2527618408203,587.2884178161621,1272.8572082519531,454.9915051460266,1265.365104675293,583.1331396102905,1363.0821990966797,443.2446527481079,1340.6920623779297,544.9605202674866,1363.3913040161133,476.5585255622864,1360.6618881225586,546.8057727813721,1495.0574111938477,462.07173228263855,1501.0815811157227,551.4231848716736,1611.6581726074219,449.8631000518799,1646.363525390625
975,32.501022012578616,True,159.0,175.6,178.5,176.2,173.9,165.8,20.1,11.1,561.2357568740845,1189.4755554199219,452.46280431747437,1184.0247344970703,583.3357214927673,1273.0862045288086,446.81944727897644,1270.077896118164,573.719744682312,1361.747703552246,435.60672998428345,1348.231430053711,544.8460006713867,1368.0051040649414,475.98753690719604,1366.1375427246094,546.7653465270996,1497.9927062988281,459.34112548828125,1504.7227478027344,551.5140795707703,1614.9556732177734,431.026976108551,1655.3147506713867
976,32.53435639412998,True,157.7,177.9,179.7,171.3,171.4,164.9,18.6,15.1,555.6730914115906,1189.7187423706055,446.10838294029236,1187.5053405761719,575.4923844337463,1274.3900299072266,436.07710361480713,1271.4968490600586,561.9920754432678,1358.455581665039,429.42920565605164,1351.6302108764648,538.5989534854889,1368.5768508911133,472.2370684146881,1367.731704711914,545.6934714317322,1496.8742752075195,455.22324800491333,1509.2666244506836,551.5950608253479,1613.895149230957,414.3226933479309,1656.4905166625977
977,32.56769077568134,True,148.0,178.0,178.9,172.0,169.0,165.1,16.6,14.5,549.1564178466797,1189.7299575805664,439.338401556015,1191.8714904785156,566.3608145713806,1278.4998321533203,429.1808867454529,1279.3774795532227,536.5871036052704,1355.9833145141602,422.84204363822937,1358.602180480957,531.3376450538635,1370.6858825683594,464.28767681121826,1372.3180389404297,543.1093454360962,1496.5476608276367,446.79672360420227,1513.5211944580078,551.680097579956,1613.2499313354492,406.61840200424194,1662.5707626342773
978,32.601025157232705,True,147.0,173.6,179.1,177.7,167.2,164.1,14.8,14.7,542.3922300338745,1189.8901748657227,432.5931394100189,1195.9957122802734,556.5141892433167,1279.072265625,421.3535463809967,1285.9073638916016,525.3573596477509,1349.1707611083984,420.2463948726654,1368.5601425170898,523.8659012317657,1372.2901153564453,456.5614342689514,1375.271873474121,539.0141594409943,1496.1280059814453,436.51992559432983,1513.2726287841797,551.5210318565369,1612.884407043457,407.089387178421,1670.6346130371094
979,32.63435953878407,True,136.3,174.3,177.7,179.6,165.4,165.0,15.7,14.8,533.8897132873535,1190.2558135986328,425.6900990009308,1197.396011352539,550.4125928878784,1278.6165618896484,413.7147545814514,1286.553955078125,516.0836863517761,1331.209945678711,410.73312520980835,1376.2164688110352,517.0796978473663,1376.6402435302734,448.70486855506897,1380.6209564208984,537.5611639022827,1499.9750518798828,429.12256479263306,1522.7986907958984,551.4592981338501,1610.478172302246,406.53780698776245,1679.5480728149414
980,32.66769392033543,True,126.8,177.1,178.9,174.2,165.2,164.2,14.2,14.7,523.9082586765289,1190.4323959350586,418.83559584617615,1196.9145584106445,539.526504278183,1278.138656616211,405.9069514274597,1286.0286712646484,501.2160623073578,1319.0431594848633,397.7868103981018,1372.9015731811523,510.13648867607117,1380.864143371582,440.0382328033447,1385.255355834961,533.8585889339447,1506.9670486450195,415.84099531173706,1531.2483215332031,551.2152600288391,1610.419921875,406.15575313568115,1685.6904602050781
981,32.701028301886794,True,121.0,171.2,176.2,171.5,164.9,165.7,14.7,16.9,515.1659524440765,1190.2391052246094,409.68088388442993,1196.2235641479492,530.9771239757538,1275.8222579956055,391.62692427635193,1285.1236724853516,489.773211479187,1312.2369003295898,387.2807478904724,1377.3637390136719,500.73397278785706,1385.2555847167969,427.9639792442322,1389.3252182006836,524.948912858963,1511.722297668457,404.64630246162415,1538.4844207763672,549.9718308448792,1607.340087890625,403.7588560581207,1689.477310180664
982,32.73436268343816,True,113.7,176.1,174.1,173.5,163.3,168.5,16.8,13.7,507.71490454673767,1188.7164688110352,398.94500970840454,1195.9380340576172,526.139041185379,1275.666847229004,384.6094286441803,1291.2289810180664,481.05018496513367,1307.9934310913086,377.12477803230286,1383.5809707641602,491.18539452552795,1384.815788269043,416.3506042957306,1388.173828125,518.2981503009796,1514.1344833374023,399.39430117607117,1541.173439025879,546.833324432373,1603.1892013549805,399.87024307250977,1693.0171966552734
983,32.76769706498952,True,111.2,177.8,160.4,174.9,165.6,171.0,17.9,11.2,499.9874711036682,1187.5253677368164,391.23756408691406,1195.5198669433594,519.2396378517151,1277.1228790283203,380.7413184642792,1290.3462982177734,472.59771823883057,1307.8022003173828,367.19173192977905,1380.3871536254883,480.0512766838074,1384.3412017822266,407.49181509017944,1387.0628356933594,500.0968408584595,1516.7364120483398,396.62413716316223,1537.950782775879,546.0571146011353,1602.5405502319336,399.3162488937378,1689.788818359375
984,32.80103144654088,True,111.7,177.4,150.6,175.2,168.3,171.5,19.8,11.6,491.65634751319885,1186.285629272461,383.94654750823975,1195.151138305664,513.5578501224518,1277.5714874267578,372.6156735420227,1292.6383209228516,464.3294870853424,1312.2902297973633,356.9732880592346,1388.9198684692383,469.6685206890106,1385.4022979736328,400.8724021911621,1388.0241394042969,482.5351417064667,1521.0707473754883,391.4287519454956,1540.9039306640625,540.0135827064514,1603.8339614868164,394.75451946258545,1693.0230331420898
985,32.834365828092245,True,111.6,177.1,141.9,174.7,175.6,171.1,18.9,12.4,482.91709899902344,1183.1195068359375,379.53471064567566,1192.6010513305664,504.7866725921631,1277.5099182128906,367.71527767181396,1292.2834396362305,454.0278089046478,1312.6032257080078,351.7882025241852,1385.6402206420898,462.2675549983978,1384.1331481933594,398.7468373775482,1386.8540954589844,458.67422103881836,1520.1184844970703,390.21358251571655,1537.4728775024414,525.5931901931763,1610.2813339233398,395.92140913009644,1693.8798522949219
986,32.86770020964361,True,125.6,176.6,146.6,172.5,176.1,171.5,16.9,12.1,477.4902284145355,1180.3467178344727,373.57627987861633,1189.4886016845703,494.9703025817871,1277.4668884277344,361.8858826160431,1290.878562927246,447.9650294780731,1325.892677307129,345.3643870353699,1384.3923568725586,453.6048460006714,1383.431396484375,392.48092889785767,1386.1106872558594,446.76456928253174,1524.0951919555664,384.5719635486603,1536.866340637207,505.90167760849,1624.167366027832,396.9261109828949,1693.019142150879
987,32.90103459119497,True,131.8,178.0,155.3,174.3,176.5,173.0,17.5,13.6,472.0214831829071,1179.1165924072266,366.8734395503998,1188.3223342895508,489.12439584732056,1277.8217697143555,352.5202524662018,1289.9649810791016,440.508348941803,1339.302749633789,336.34347438812256,1381.794662475586,444.5193350315094,1383.1321334838867,385.9657037258148,1386.1213302612305,433.7877416610718,1530.772361755371,381.9972360134125,1535.9943008422852,477.45009183883667,1647.2761917114258,393.25836181640625,1690.586814880371
988,32.934368972746334,True,140.4,177.4,161.7,175.6,175.5,174.8,16.8,14.0,467.594518661499,1178.6603164672852,360.1483905315399,1187.7106475830078,482.54273772239685,1279.6340560913086,345.01094698905945,1289.476318359375,436.98405504226685,1354.800910949707,327.7971839904785,1377.2811126708984,437.4316084384918,1382.988052368164,379.38053727149963,1385.7136917114258,427.2238504886627,1533.530044555664,380.3253722190857,1536.3126754760742,460.9575641155243,1664.8923110961914,393.05986762046814,1688.1646728515625
989,32.9677033542977,True,149.0,175.8,166.9,174.9,176.7,175.6,14.7,13.9,463.9634943008423,1178.9290237426758,353.6892342567444,1186.8474197387695,474.6622896194458,1281.2717056274414,338.7451994419098,1289.2022323608398,433.3792304992676,1369.5442199707031,319.3457794189453,1376.3496780395508,432.3809337615967,1383.6448287963867,373.3114814758301,1385.5452346801758,417.84579634666443,1536.4519500732422,376.64535999298096,1535.8447265625,437.46736764907837,1681.4815521240234,393.2221519947052,1684.3004608154297
990,33.00103773584906,True,154.7,176.6,172.0,175.9,176.4,177.3,13.5,14.6,458.1697940826416,1179.0372848510742,345.8788239955902,1186.8792343139648,466.0121011734009,1286.6735458374023,329.16115164756775,1289.8856735229492,428.95731925964355,1382.3902130126953,309.2961537837982,1378.974494934082,423.6984622478485,1388.8948059082031,364.9311125278473,1387.924919128418,407.63031363487244,1548.4248733520508,372.236967086792,1543.9328384399414,413.7400531768799,1703.6731338500977,389.0240979194641,1685.1081848144531
991,33.03437211740042,True,156.7,179.3,173.1,174.1,176.0,177.8,14.2,16.0,452.41114497184753,1180.9086227416992,339.2693245410919,1186.915397644043,460.1529335975647,1293.4380340576172,320.16698598861694,1290.4108428955078,426.26211762428284,1389.920883178711,302.6933491230011,1378.776512145996,413.91141414642334,1394.501838684082,358.96772503852844,1389.6847915649414,395.85075974464417,1559.212875366211,368.38070154190063,1548.7556076049805,397.75980591773987,1722.9496765136719,390.272741317749,1683.1068420410156
992,33.067706498951786,True,155.5,179.2,179.5,171.6,176.3,177.9,14.4,16.3,444.7673964500427,1185.325813293457,332.26531505584717,1187.2733688354492,453.6538338661194,1299.4829177856445,312.03580498695374,1290.7669830322266,419.74692463874817,1392.224464416504,295.9541702270508,1379.3854522705078,406.9755756855011,1400.9299850463867,351.1885678768158,1395.1116943359375,388.2616317272186,1572.4100875854492,359.94407057762146,1555.1765441894531,368.6295676231384,1767.8364944458008,389.3793725967407,1699.9333190917969
993,33.10104088050315,True,153.6,177.9,178.5,171.5,176.3,179.2,15.4,17.2,440.45517683029175,1188.226089477539,324.9194848537445,1189.636573791504,450.6698548793793,1304.5453262329102,302.39469051361084,1295.4828643798828,414.14045333862305,1397.713279724121,286.70949697494507,1385.0588607788086,400.0190734863281,1409.1149139404297,344.4301414489746,1402.972183227539,380.06462931632996,1579.2577743530273,356.8434476852417,1562.9275131225586,352.2396504878998,1772.688102722168,390.6511580944061,1709.809913635254
994,33.134375262054505,True,153.0,173.5,176.5,169.9,175.6,178.7,16.7,18.0,437.1231973171234,1191.547622680664,317.11824774742126,1190.8569717407227,447.9886221885681,1309.4249725341797,291.59502267837524,1297.272605895996,410.6853926181793,1403.089485168457,279.6211910247803,1394.7019958496094,392.0463788509369,1415.0840377807617,334.46983337402344,1409.6908950805664,371.5830659866333,1581.565933227539,351.7659294605255,1577.644271850586,333.99949193000793,1783.3544540405273,391.3685631752014,1716.1902236938477
995,33.16770964360587,True,150.9,172.4,176.6,171.7,175.1,175.6,19.0,19.0,431.670480966568,1196.587257385254,310.6659471988678,1192.3419570922852,444.02456402778625,1315.6800842285156,282.85393953323364,1297.4828338623047,403.8930094242096,1409.458236694336,270.6956470012665,1393.018913269043,381.20158553123474,1413.636817932129,326.2385845184326,1407.5146865844727,357.3967659473419,1578.7367248535156,350.61699986457825,1568.9919662475586,318.93794417381287,1765.8174133300781,393.61077189445496,1711.0771179199219
996,33.20104402515723,True,148.8,169.4,176.6,174.5,178.0,174.1,20.0,19.9,425.51313757896423,1204.8094940185547,298.77525329589844,1197.4968338012695,439.3721330165863,1320.7684707641602,271.8562924861908,1302.124900817871,396.5496575832367,1415.0909042358398,265.4053920507431,1398.2860565185547,375.9712779521942,1415.4755401611328,318.9530074596405,1408.282356262207,343.1966257095337,1580.2851104736328,350.45474767684937,1564.9278259277344,316.7671251296997,1772.8082656860352,392.2175145149231,1702.6676559448242
997,33.23437840670859,True,146.0,164.9,173.7,175.9,178.7,172.0,20.9,21.4,418.7370729446411,1209.7662734985352,290.37611961364746,1200.7268142700195,435.4736065864563,1325.7087707519531,260.15363216400146,1307.2803497314453,389.890011548996,1420.1762008666992,258.88884723186493,1406.2519454956055,370.3179430961609,1424.5377731323242,311.3357162475586,1417.3931121826172,328.9264154434204,1590.963249206543,347.0725893974304,1566.049919128418,301.805419921875,1791.448745727539,389.263436794281,1698.5418319702148
998,33.267712788259956,True,145.5,165.9,173.2,174.6,177.8,171.0,20.1,20.1,411.6980445384979,1213.0640029907227,283.6888253688812,1204.3489837646484,428.085161447525,1332.2595977783203,254.44023728370667,1314.1399383544922,381.3964104652405,1425.113182067871,253.07124853134155,1414.687728881836,363.72048139572144,1433.5200119018555,303.76535296440125,1426.808853149414,319.66217279434204,1603.739891052246,340.76561093330383,1573.2338333129883,290.9189450740814,1814.7991561889648,385.1094460487366,1698.1838607788086
999,33.30104716981132,True,143.4,166.2,171.4,165.5,176.5,174.4,20.1,19.4,403.36511850357056,1214.4590377807617,276.0887539386749,1206.0832214355469,421.92675590515137,1336.1450958251953,248.4596300125122,1316.9740676879883,372.1219325065613,1430.090446472168,248.1291550397873,1420.1021575927734,357.88761019706726,1438.9620208740234,297.9608380794525,1435.5330276489258,311.1024284362793,1614.118537902832,327.6939296722412,1587.8670501708984,288.4515917301178,1818.9525604248047,379.7247076034546,1696.9205474853516
1000,33.33438155136268,True,143.2,165.7,172.9,164.6,176.9,178.5,19.8,18.3,397.2682857513428,1215.3684997558594,266.0517293214798,1206.6525650024414,415.76332926750183,1338.7346649169922,239.0974920988083,1322.6059341430664,365.4788303375244,1432.159423828125,241.32050156593323,1427.2424697875977,351.5165162086487,1445.8062744140625,287.7485418319702,1443.6600494384766,306.02922320365906,1623.6320114135742,306.88483715057373,1606.3530349731445,278.5814380645752,1838.6180877685547,353.3014190196991,1720.8170700073242
1001,33.367715932914045,True,143.6,167.9,174.6,170.8,179.5,175.6,20.4,16.5,390.7602381706238,1215.490379333496,256.6504204273224,1205.8800888061523,408.1751346588135,1337.5762939453125,232.50621020793915,1320.8663177490234,356.89262866973877,1432.9522705078125,233.0080944299698,1427.0452880859375,339.9609160423279,1449.7279357910156,276.23246669769287,1445.0010681152344,301.67831540107727,1634.2034912109375,277.00600504875183,1617.4059677124023,278.98518562316895,1837.5994491577148,304.6878504753113,1783.7238693237305
1002,33.40105031446541,True,142.9,169.3,177.4,167.9,176.9,171.6,20.5,14.7,384.4270598888397,1216.4360046386719,244.9280297756195,1205.6518936157227,401.5682101249695,1338.951072692871,224.63911950588226,1324.0924072265625,348.25785756111145,1434.5011138916016,226.40248954296112,1430.8576583862305,332.01934576034546,1452.231216430664,265.71978986263275,1445.8661270141602,299.8454546928406,1644.938850402832,255.1474231481552,1620.370216369629,277.30730295181274,1833.1483840942383,282.32112407684326,1798.978385925293
1003,33.43438469601677,True,142.3,164.6,179.9,136.4,175.0,164.8,20.9,14.5,376.90452575683594,1216.109390258789,232.89944887161255,1205.3782653808594,395.28984546661377,1337.7811431884766,209.19649958610535,1324.3077850341797,341.70716285705566,1434.074363708496,216.78432404994965,1430.6585311889648,324.89267349243164,1455.0999069213867,246.67422831058502,1448.042221069336,299.94935274124146,1650.241470336914,211.3915228843689,1614.1646575927734,274.89463448524475,1842.5115966796875,264.4857108592987,1700.3804397583008
1004,33.467719077568134,True,141.1,167.2,179.6,99.3,175.9,158.9,20.8,14.1,370.1791548728943,1215.8332443237305,221.32810950279236,1203.109474182129,389.91350769996643,1335.7052993774414,199.72006738185883,1324.1191864013672,335.2262806892395,1432.0857238769531,204.62170243263245,1430.207748413086,321.47018551826477,1456.633071899414,238.58534038066864,1448.7133026123047,296.3068377971649,1653.1974792480469,187.84849226474762,1613.6360549926758,273.3727276325226,1842.6222610473633,268.73843371868134,1653.7330627441406
1005,33.5010534591195,True,140.1,170.9,177.7,83.6,175.9,156.0,21.3,12.0,363.5359561443329,1215.354881286621,209.80884790420532,1200.7375717163086,384.2090606689453,1334.4771194458008,192.24299669265747,1323.0757141113281,328.7897193431854,1430.3006744384766,193.99403929710388,1427.7616882324219,315.2945923805237,1453.194808959961,226.23851537704468,1445.4231262207031,289.97639536857605,1648.7963104248047,165.57000517845154,1611.086654663086,273.0942499637604,1840.3594207763672,263.6921685934067,1634.9440383911133
1006,33.53438784067086,True,138.9,164.7,178.3,120.1,177.1,153.4,22.1,16.5,354.6994721889496,1213.7793731689453,196.19767248630524,1198.4081268310547,379.7895312309265,1329.7969436645508,172.21074163913727,1320.7953643798828,324.39947962760925,1429.9715423583984,179.99952256679535,1426.1017227172852,313.38998794555664,1450.4607009887695,219.36753273010254,1443.8951110839844,289.7187101840973,1642.027587890625,153.45950961112976,1613.554573059082,259.52033042907715,1837.2664260864258,236.349778175354,1717.258644104004
1007,33.56772222222222,True,133.2,160.2,179.1,141.1,178.3,150.7,27.7,20.4,340.19648909568787,1209.8020935058594,181.58985793590546,1198.663558959961,380.30593156814575,1321.0200119018555,151.81085228919983,1320.1655960083008,325.7254993915558,1428.4630966186523,163.3102387189865,1429.5014190673828,307.5815784931183,1446.2274169921875,210.26433527469635,1443.7202453613281,286.9144284725189,1637.0465469360352,138.99795055389404,1614.6050262451172,267.582648396492,1846.2406539916992,187.97031819820404,1781.9907760620117
1008,33.601056603773586,True,130.5,160.5,178.7,158.0,177.7,152.1,30.7,21.5,328.7728536128998,1209.6184158325195,165.19141137599945,1203.3858489990234,376.6773211956024,1321.2062072753906,134.43145751953125,1332.389259338379,324.1044580936432,1427.516098022461,146.32100880146027,1443.5025787353516,297.6846778392792,1445.3383255004883,199.0961480140686,1443.3226776123047,280.48478722572327,1634.1999435424805,137.87114918231964,1612.697982788086,265.96804440021515,1848.9158248901367,145.12191653251648,1805.2061462402344
1009,33.63439098532495,True,130.7,160.9,178.0,174.6,177.7,151.5,31.4,23.4,315.66412568092346,1216.1041259765625,151.34060740470886,1214.3931198120117,365.43985247612,1322.1227645874023,120.8831986784935,1339.4425964355469,318.0444145202637,1427.724494934082,131.95124566555023,1457.1878814697266,290.3473770618439,1447.386589050293,191.16341292858124,1448.0324935913086,277.10951685905457,1638.369483947754,127.70498424768448,1634.0706253051758,269.7102892398834,1855.440559387207,80.13145834207535,1833.9636611938477
1010,33.66772536687631,True,132.2,156.0,179.1,177.8,173.2,150.6,35.3,29.3,303.42263102531433,1227.0391845703125,138.60714197158813,1229.1746520996094,354.55862402915955,1322.1873092651367,96.25056624412537,1351.823616027832,317.35411047935486,1427.255859375,106.71728879213333,1473.6560440063477,275.0141751766205,1455.765037536621,180.0032240152359,1457.3672103881836,273.9348006248474,1644.0594863891602,117.11547821760178,1638.7668228149414,269.44579660892487,1859.4439315795898,41.673787236213684,1832.3212051391602
1011,33.701059748427674,True,132.5,158.2,176.3,179.4,172.3,145.4,39.1,30.4,289.4371426105499,1242.4123764038086,122.53611266613007,1255.2581405639648,342.2259771823883,1322.0988464355469,82.74246007204056,1383.0919647216797,315.67745089530945,1428.5089874267578,93.15043419599533,1514.4085693359375,267.2654664516449,1468.5409927368164,172.85992741584778,1471.2873458862305,273.7872576713562,1647.1013259887695,105.37717938423157,1643.0988693237305,267.55474269390106,1863.757095336914,26.7914579808712,1849.9297714233398
1012,33.73439412997904,True,129.4,158.6,169.4,178.2,168.6,142.8,46.6,34.4,275.67641258239746,1262.6814651489258,108.67811501026154,1288.0214309692383,331.37693524360657,1326.6959381103516,65.76464831829071,1411.3103485107422,313.4765696525574,1432.4756240844727,70.6147688627243,1538.390007019043,253.97548019886017,1485.007553100586,163.07444036006927,1488.3523178100586,272.1941864490509,1664.8004150390625,95.34914284944534,1655.8497619628906,255.48016726970673,1864.32861328125,12.08817221224308,1844.809913635254
1013,33.7677285115304,True,123.0,159.5,162.8,178.0,168.9,140.3,51.0,37.2,262.79791474342346,1281.254539489746,86.93295031785965,1318.7480163574219,327.4921524524689,1340.6557846069336,46.36058136820793,1442.2129440307617,308.14555048942566,1455.5023956298828,51.91088318824768,1580.2031707763672,249.37861919403076,1497.348861694336,149.61470246315002,1501.1963653564453,273.5983872413635,1679.1386032104492,89.37941461801529,1659.9041748046875,241.89482152462006,1867.035026550293,30.91599002480507,1831.5776824951172
1014,33.80106289308176,True,122.9,157.9,156.1,177.9,163.0,149.9,53.2,37.2,247.08346366882324,1292.911720275879,75.82285165786743,1350.904426574707,317.3776710033417,1352.5983810424805,31.712746918201447,1478.4269714355469,301.75652861595154,1473.072738647461,39.299038499593735,1624.204444885254,233.72253835201263,1510.3028869628906,129.97244328260422,1516.820297241211,273.54450702667236,1676.8035507202148,95.773586332798,1677.583351135254,239.01662349700928,1864.8860549926758,64.61390823125839,1856.4356231689453
1015,33.834397274633126,True,123.7,167.9,146.9,177.5,152.5,140.8,47.3,39.2,243.12621295452118,1324.4732666015625,65.64729228615761,1388.7898635864258,312.1076774597168,1411.4017868041992,25.286443009972572,1538.2497024536133,289.1301155090332,1482.6152801513672,17.63312302529812,1684.2527389526367,214.2711853981018,1509.0917587280273,119.9021378159523,1510.3339004516602,270.21947979927063,1674.7792053222656,76.79225295782089,1669.6979141235352,221.30096018314362,1864.145393371582,35.445142686367035,1853.6890411376953
1016,33.86773165618449,True,112.4,168.1,146.9,175.6,147.9,146.0,68.3,43.2,234.7456991672516,1352.8314971923828,55.13235032558441,1434.1504669189453,292.9800081253052,1389.5087814331055,17.76017725467682,1560.1860809326172,275.2583420276642,1491.8829345703125,4.167368011549115,1730.0699615478516,204.3824279308319,1516.2027740478516,105.30443787574768,1533.9518737792969,263.96298587322235,1666.8808364868164,87.5538843870163,1672.1947860717773,224.04691994190216,1862.2616958618164,52.20590069890022,1843.1489181518555
1017,33.90106603773585,True,85.5,178.5,158.0,171.1,157.1,136.2,88.1,53.0,233.21115911006927,1386.7497253417969,27.815069407224655,1461.6737365722656,289.2173409461975,1396.479606628418,6.349281091243029,1598.3215713500977,259.7367525100708,1511.7681884765625,-27.204626128077507,1780.8115768432617,213.61340582370758,1527.3760986328125,106.55234098434448,1542.989616394043,250.40627002716064,1665.41748046875,107.27034151554108,1680.1359558105469,225.89521408081055,1861.8906784057617,132.6943677663803,1837.7729415893555
1018,33.934400419287215,True,72.5,168.4,156.9,175.8,158.7,125.9,90.1,60.9,212.07189738750458,1408.2820129394531,16.045356541872025,1489.244613647461,282.5788414478302,1413.1303024291992,18.67719702422619,1596.734275817871,243.41151416301727,1513.0460357666016,-8.927659280598164,1750.5634689331055,204.3399578332901,1516.9147109985352,91.92375004291534,1529.117660522461,246.88627302646637,1654.3512725830078,107.18477368354797,1635.6963729858398,226.4085727930069,1852.8349685668945,134.00050431489944,1757.764663696289
1019,33.96773480083858,True,50.7,175.0,145.7,177.1,139.1,141.0,112.5,60.8,196.52018129825592,1430.5610275268555,-4.656245112419128,1513.7360000610352,282.20335364341736,1413.9096450805664,-4.816637523472309,1608.5124206542969,230.0819706916809,1510.8940887451172,5.01774737611413,1722.0379257202148,177.70449578762054,1522.79296875,62.013049274683,1551.1098861694336,243.09734165668488,1638.8980865478516,107.94120490550995,1666.6282653808594,225.55598437786102,1841.0567092895508,162.93887078762054,1828.3237838745117
1020,34.00106918238994,True,51.6,150.7,138.3,177.4,127.3,127.9,128.0,71.8,180.39794325828552,1449.0472412109375,6.31849117577076,1545.2650451660156,243.70837032794952,1422.670555114746,5.541728138923645,1577.0100402832031,220.34885108470917,1505.237159729004,39.31939646601677,1640.833969116211,160.19777119159698,1522.5488662719727,53.86263683438301,1562.1617889404297,231.53934359550476,1615.9376907348633,92.91556924581528,1679.8255920410156,215.03875315189362,1835.306167602539,155.73025166988373,1844.2028045654297
1021,34.034403563941304,True,48.1,170.7,133.7,156.8,95.3,65.7,147.4,130.1,191.87454164028168,1474.4013977050781,-13.411499373614788,1580.4848098754883,247.92652487754822,1461.0795593261719,-17.299914211034775,1699.7687530517578,215.04506170749664,1521.602897644043,-1.1846616491675377,1823.8533782958984,145.89931726455688,1521.8821334838867,28.773833066225052,1547.2200393676758,231.21858894824982,1621.238136291504,63.48823741078377,1686.4719772338867,210.0477683544159,1833.867301940918,148.90540838241577,1799.0567779541016
1022,34.06773794549267,True,8.0,145.9,139.6,135.5,26.9,22.3,113.7,180.0,185.99141120910645,1509.7288513183594,-6.407588962465525,1594.3310165405273,235.5989795923233,1468.1610488891602,-29.294166192412376,1646.8342208862305,196.47354304790497,1511.546745300293,-11.708218529820442,1740.9990692138672,140.6793576478958,1487.3237228393555,23.424008935689926,1525.9335708618164,224.3731302022934,1599.323616027832,20.968979001045227,1638.207664489746,209.6253365278244,1829.3873977661133,76.97865307331085,1697.8094100952148
1023,34.10107232704403,True,7.9,87.1,132.5,151.9,22.9,5.1,103.2,125.4,178.1973034143448,1527.9914474487305,0.02001653287152294,1603.8335037231445,223.328999876976,1467.2260665893555,-35.798059701919556,1622.6157760620117,210.7060307264328,1490.2855682373047,-11.59213487058878,1663.604621887207,124.54331159591675,1504.724349975586,8.398682568222284,1542.480239868164,222.23510921001434,1607.1294021606445,3.156366404145956,1654.1349792480469,207.04679489135742,1831.3164138793945,48.48036468029022,1749.3798065185547
1024,34.134406708595385,True,13.7,121.9,126.9,160.0,55.1,11.8,128.7,131.8,182.3126381635666,1514.9468994140625,7.865236457437277,1587.8178405761719,213.1415033340454,1448.8784408569336,-51.59832805395126,1616.6396713256836,194.43509101867676,1472.185935974121,-57.29355365037918,1670.068130493164,127.82357543706894,1528.1967544555664,15.032449141144753,1562.6455307006836,222.48770892620087,1611.8257141113281,6.09524505212903,1688.3283233642578,204.74676311016083,1832.552375793457,39.43985044956207,1804.9589538574219
1025,34.16774109014675,True,35.0,163.8,134.6,163.2,75.2,7.7,142.0,148.3,189.83427107334137,1485.5913162231445,11.75340536981821,1579.8479461669922,202.22768604755402,1454.4889068603516,-37.3878438770771,1680.0616836547852,178.66659879684448,1469.959602355957,-64.12944093346596,1832.4005126953125,120.53910076618195,1525.967903137207,9.732436649501324,1559.0428161621094,208.75884354114532,1614.1374206542969,4.1511626075953245,1708.780288696289,207.15058028697968,1833.5755920410156,22.28486806154251,1778.0708312988281
1026,34.20107547169811,True,155.7,173.9,154.2,153.7,90.6,22.3,56.5,136.7,193.73022258281708,1474.7455215454102,10.142396204173565,1577.2100830078125,192.40969061851501,1506.8901443481445,-37.389859557151794,1714.2386627197266,167.9487007856369,1555.5271911621094,-76.06150656938553,1880.767593383789,113.85183870792389,1522.9535293579102,-0.08678050740854815,1554.4012069702148,191.24141693115234,1654.2527389526367,4.686731267720461,1704.6565246582031,206.1963790655136,1834.112319946289,34.19967368245125,1759.8549270629883
1027,34.234409853249474,True,162.5,170.8,160.9,170.6,73.6,13.9,54.0,140.6,194.8338496685028,1481.4745330810547,11.678499318659306,1561.010513305664,183.10088574886322,1504.2658996582031,-30.056368857622147,1678.740348815918,145.55385947227478,1542.1321105957031,-58.40883627533913,1833.9931869506836,112.67784386873245,1494.2012786865234,0.3228792082518339,1529.663429260254,186.96175396442413,1652.3123931884766,18.399157896637917,1700.7154083251953,206.29313170909882,1835.5866622924805,60.140192806720734,1851.9557189941406
1028,34.26774423480084,True,156.7,119.0,145.4,173.4,99.5,169.4,37.2,48.0,195.07759809494019,1457.8392791748047,34.10890772938728,1506.4441680908203,191.327982544899,1493.5716247558594,-14.571102820336819,1536.5309143066406,168.5295867919922,1534.1481399536133,-12.99258291721344,1570.0587844848633,114.5416197180748,1543.6989212036133,22.370043620467186,1571.059226989746,194.83542680740356,1649.1527938842773,22.956083491444588,1698.0199813842773,203.84187161922455,1841.0246658325195,47.55742058157921,1902.0862197875977
1029,34.3010786163522,True,174.3,112.9,153.1,164.3,121.3,171.1,14.9,64.8,205.7707929611206,1458.563346862793,67.62581706047058,1478.5345458984375,197.92058408260345,1485.9790420532227,-12.349183671176434,1510.9807205200195,180.5233258008957,1529.791145324707,-13.089459277689457,1560.2431869506836,148.57177913188934,1554.1283798217773,62.46628358960152,1572.612190246582,198.05652379989624,1647.9880142211914,40.391175001859665,1676.458511352539,201.06103777885437,1844.1118240356445,53.41543346643448,1878.951187133789
1030,34.33441299790356,True,94.6,128.4,159.7,172.5,142.6,150.4,60.0,26.8,186.15244030952454,1409.315528869629,111.1562106013298,1487.4663162231445,99.04550582170486,1430.365104675293,32.87455312907696,1580.4555130004883,107.3076456785202,1482.7605056762695,65.36064729094505,1740.2174377441406,146.00751221179962,1545.266990661621,89.24489110708237,1580.072021484375,194.3388533592224,1671.59912109375,117.72773802280426,1677.627296447754,196.25737845897675,1839.3339157104492,146.06929421424866,1860.3430938720703
1031,34.367747379454926,True,134.1,79.9,170.2,167.7,161.2,173.0,33.8,36.4,189.12282049655914,1374.0797424316406,158.08857321739197,1419.422950744629,134.89133030176163,1435.4595565795898,89.43507313728333,1497.5934219360352,140.23180425167084,1503.7086868286133,132.36801266670227,1523.5429000854492,164.55207467079163,1555.6623458862305,144.04233276844025,1583.401222229004,192.40000247955322,1697.7453231811523,148.95368814468384,1714.4182205200195,195.63519716262817,1837.8387451171875,185.27629137039185,1855.690040588379
1032,34.40108176100629,True,132.5,129.1,167.0,173.6,158.3,154.9,18.9,26.8,190.3610998392105,1357.4330520629883,189.1738200187683,1374.0953063964844,150.94645142555237,1435.257911682129,114.65004801750183,1469.8294830322266,177.63959169387817,1506.020622253418,132.268186211586,1546.0125732421875,162.59581089019775,1556.7969131469727,148.65412831306458,1581.4421081542969,194.85341906547546,1688.4218215942383,180.13502776622772,1707.4365234375,196.62108600139618,1826.4785385131836,199.63554561138153,1852.7320861816406
1033,34.43441614255765,True,114.2,136.9,170.2,156.0,155.4,139.2,14.2,17.0,221.11369907855988,1359.2089462280273,215.30704379081726,1359.2145538330078,180.33353805541992,1428.7891387939453,146.21443927288055,1461.7216873168945,223.15361559391022,1489.0576171875,162.8277951478958,1565.7406997680664,162.65736758708954,1561.0612106323242,149.00571763515472,1576.7864227294922,180.72827339172363,1683.299789428711,195.02606749534607,1681.0499954223633,177.28388249874115,1828.3459854125977,194.40079629421234,1851.3048934936523
1034,34.467750524109015,True,122.7,142.5,169.4,158.8,148.0,135.7,14.1,17.1,247.0006799697876,1343.0995559692383,240.1855891942978,1340.105094909668,184.19601559638977,1429.804458618164,153.90139818191528,1442.523193359375,214.85211968421936,1508.1291961669922,149.43025767803192,1540.9479904174805,161.8750423192978,1555.331153869629,145.53889274597168,1563.0658721923828,184.54514265060425,1682.629051208496,187.1364462375641,1669.4955825805664,183.18432927131653,1829.4494247436523,187.7313494682312,1854.374771118164
1035,34.50108490566038,True,143.7,149.9,165.6,168.4,141.5,163.5,5.9,2.7,263.049259185791,1313.9570617675781,257.23846793174744,1307.9339218139648,197.67638504505157,1422.0121765136719,174.3947732448578,1437.9800033569336,206.90414428710938,1525.6412887573242,169.420525431633,1556.828384399414,161.04979634284973,1529.9578857421875,134.79582488536835,1521.452293395996,191.81700825691223,1660.9601211547852,98.60172629356384,1673.7878036499023,188.3297449350357,1829.7965240478516,18.026319444179535,1847.0567321777344
1036,34.53441928721174,True,143.1,125.4,164.0,170.7,133.3,151.7,4.9,9.3,288.75102281570435,1299.7711944580078,277.28219747543335,1295.9969329833984,210.90191781520844,1406.971664428711,169.35880780220032,1401.6288757324219,212.67008364200592,1523.2256698608398,190.52080929279327,1535.628776550293,160.90186715126038,1512.140121459961,124.75424587726593,1503.8167190551758,201.09095513820648,1655.134506225586,101.09962463378906,1673.174057006836,200.09222388267517,1827.286262512207,43.60233038663864,1858.1926345825195
1037,34.5677536687631,True,137.9,122.1,153.7,159.3,124.7,145.0,3.7,3.3,306.64227962493896,1276.402244567871,286.8177080154419,1280.6549835205078,219.24652755260468,1389.2533493041992,179.7584617137909,1401.9087982177734,229.32949841022491,1520.9377670288086,217.55506217479706,1529.6911239624023,163.49898040294647,1488.541488647461,122.86717504262924,1489.1044235229492,223.19911122322083,1641.7260360717773,113.34891647100449,1659.8846054077148,206.96843683719635,1827.799072265625,25.96925564110279,1857.5858688354492
1038,34.601088050314466,True,149.6,128.5,152.2,152.8,127.4,143.0,1.7,3.5,316.2531387805939,1259.4925689697266,307.9419708251953,1261.164436340332,244.43942248821259,1381.7216491699219,205.9665834903717,1379.9248123168945,244.43586587905884,1503.5700988769531,232.1322512626648,1515.9324645996094,177.64277815818787,1479.8890686035156,143.5021948814392,1478.0744934082031,237.78119266033173,1641.1469650268555,142.84555792808533,1659.8302459716797,213.71847867965698,1828.9319229125977,38.92717570066452,1860.3118515014648
1039,34.63442243186583,True,141.5,131.1,149.9,145.9,131.0,143.4,4.4,7.1,325.0221276283264,1243.9068603515625,323.6839735507965,1242.011375427246,243.05730164051056,1361.9483184814453,223.20844531059265,1355.7743453979492,251.32807552814484,1490.0966262817383,241.61745429039001,1496.3508224487305,191.9089812040329,1470.8992767333984,169.40155148506165,1467.7922058105469,250.03118455410004,1643.023910522461,176.86465322971344,1657.0756530761719,212.4604368209839,1829.252815246582,55.61221495270729,1852.2918319702148
1040,34.66775681341719,True,142.2,123.5,150.8,156.8,136.6,155.0,4.7,10.9,328.3139705657959,1230.915184020996,335.63804268836975,1233.5799407958984,252.60391652584076,1350.2783203125,233.04203510284424,1350.893898010254,263.2096606492996,1461.9786071777344,270.68013310432434,1488.036231994629,205.48330307006836,1464.9559020996094,198.20076763629913,1469.4786071777344,255.39060831069946,1642.8045272827148,180.2021688222885,1666.4634704589844,211.37467324733734,1826.1283493041992,80.57578504085541,1850.3535461425781
1041,34.701091194968555,True,122.5,116.5,151.5,144.8,145.1,146.9,5.6,14.1,338.6979818344116,1227.1061325073242,337.16777086257935,1221.9495391845703,265.2572053670883,1347.4635314941406,235.23226261138916,1338.2950973510742,311.5871572494507,1441.9488143920898,288.8732671737671,1468.9286041259766,228.6154729127884,1454.7221374511719,216.3811880350113,1457.3779678344727,257.54430413246155,1634.7636795043945,237.55739986896515,1659.319953918457,195.18450558185577,1812.319450378418,131.11261010169983,1849.7670364379883
1042,34.73442557651992,True,136.4,124.3,148.0,143.7,144.3,144.4,5.3,11.6,347.0022940635681,1225.0348663330078,345.0294542312622,1216.5949630737305,276.24154329299927,1347.817268371582,256.8930906057358,1339.8347854614258,301.6477704048157,1452.410545349121,304.41246271133423,1469.7855377197266,241.66500985622406,1454.4419860839844,238.52331697940826,1455.8782196044922,275.5326998233795,1628.789176940918,278.90504121780396,1651.7311477661133,205.28410077095032,1812.0597839355469,187.77539670467377,1850.4067611694336
1043,34.76775995807128,True,132.8,126.8,149.8,141.4,149.7,143.5,4.1,8.5,351.825635433197,1219.365348815918,356.095175743103,1214.231071472168,292.31751322746277,1342.9185104370117,281.1179280281067,1340.8642959594727,331.3187098503113,1441.9948196411133,332.6814866065979,1464.6994400024414,258.8550674915314,1454.4795227050781,257.67459511756897,1456.2328720092773,285.49838304519653,1628.0010223388672,306.04464054107666,1645.6076431274414,212.64423787593842,1812.9961395263672,214.8100358247757,1848.0290222167969
1044,34.801094339622644,True,126.3,123.9,163.6,145.1,160.4,143.5,3.1,10.9,363.0877912044525,1216.0942840576172,364.8064863681793,1210.733985900879,311.86174035072327,1336.3713455200195,292.61218070983887,1334.022445678711,365.6967008113861,1427.182502746582,350.76911330223083,1454.762077331543,274.72227573394775,1459.573860168457,276.30189299583435,1460.9885787963867,273.58354926109314,1630.6250381469727,331.65241956710815,1641.8306350708008,218.3133441209793,1813.333854675293,264.95825707912445,1847.9901123046875
1045,34.83442872117401,True,137.3,128.1,166.8,143.4,162.1,135.8,1.2,5.8,367.6621377468109,1211.1243438720703,374.67522382736206,1207.1028900146484,320.15427231788635,1331.3525390625,317.53252029418945,1333.531265258789,355.7154715061188,1423.4268951416016,379.06208395957947,1451.312599182129,276.1088705062866,1458.010139465332,290.79808473587036,1457.856674194336,268.71847808361053,1632.040901184082,373.65774393081665,1629.961166381836,217.92015373706818,1813.828239440918,335.9341585636139,1826.304702758789
1046,34.86776310272537,True,132.3,128.9,166.4,160.0,165.5,144.2,2.4,7.9,372.6831364631653,1206.9585800170898,386.6814351081848,1206.9734573364258,338.65060329437256,1327.488784790039,334.72439646720886,1334.6876907348633,387.49581813812256,1405.861587524414,394.75136518478394,1443.347053527832,289.5766067504883,1460.368766784668,321.69368863105774,1462.5312423706055,278.46012711524963,1632.952651977539,389.157897233963,1633.3402633666992,220.7520192861557,1818.1760787963867,394.4669008255005,1829.073257446289
1047,34.90109748427673,True,134.5,129.6,172.4,170.2,171.4,146.2,5.5,8.3,379.106662273407,1206.3309860229492,400.522084236145,1206.7955017089844,355.8684539794922,1322.62939453125,352.7014625072479,1333.857421875,408.7087547779083,1400.3042221069336,414.87295389175415,1442.666130065918,302.1398055553436,1460.8826065063477,344.29746866226196,1464.649314880371,276.9994390010834,1635.6716537475586,411.19699716567993,1634.260597229004,222.01150953769684,1829.9139404296875,450.00526785850525,1821.6745376586914
1048,34.934431865828095,True,133.9,132.4,175.0,174.3,175.0,146.2,8.5,6.3,393.1413960456848,1208.3106994628906,413.94810676574707,1210.2653503417969,376.141802072525,1322.856216430664,374.1300165653229,1337.9785537719727,441.3681149482727,1407.2292709350586,436.6671144962311,1445.2238845825195,315.8231270313263,1461.9952011108398,364.35935139656067,1464.9654006958008,277.65185952186584,1643.111801147461,435.6694293022156,1634.5947647094727,220.42215585708618,1831.878318786621,488.0932688713074,1804.6791458129883
1049,34.96776624737946,True,138.1,135.2,170.3,177.3,178.5,145.7,10.3,2.1,392.93073534965515,1206.5932846069336,432.40381836891174,1211.6916275024414,386.9190037250519,1319.9773406982422,399.65388536453247,1340.6926345825195,455.35321712493896,1404.9910354614258,460.8032298088074,1444.416160583496,332.19579219818115,1462.7102279663086,377.70716071128845,1465.458755493164,294.5689916610718,1642.8120803833008,440.41114568710327,1619.4001007080078,219.92332935333252,1831.9890975952148,513.1469249725342,1776.5507125854492
1050,35.00110062893082,True,135.5,136.8,166.2,176.8,178.8,145.2,4.5,1.1,393.0098497867584,1204.6370315551758,452.5917112827301,1213.3330535888672,380.94814896583557,1323.5735321044922,424.761164188385,1339.786491394043,450.5316138267517,1410.403175354004,485.62665581703186,1441.9795989990234,345.9051525592804,1463.1722259521484,402.0141863822937,1466.392822265625,309.36384201049805,1642.818603515625,467.2058343887329,1616.3337707519531,222.12614178657532,1827.3070907592773,526.8661344051361,1777.7807235717773
1051,35.034435010482184,True,139.9,137.8,161.4,165.0,177.1,147.8,1.2,1.1,402.78621196746826,1206.9684219360352,465.25365829467773,1211.52099609375,383.4305012226105,1325.6993865966797,446.46066427230835,1340.8716201782227,434.8871684074402,1411.911735534668,510.72733640670776,1436.345558166504,366.3516962528229,1463.422966003418,423.3490777015686,1466.8961334228516,332.5277316570282,1637.1550369262695,488.4851396083832,1621.358413696289,229.77988421916962,1817.9838180541992,511.84404730796814,1789.9382400512695
1052,35.06776939203355,True,151.5,145.1,157.7,162.4,176.5,149.6,3.8,5.8,406.4532208442688,1208.1681060791016,480.3097987174988,1210.5958557128906,387.558388710022,1327.1542739868164,475.23025274276733,1341.3228607177734,418.14918637275696,1413.8624954223633,537.2609281539917,1437.904930114746,383.14008235931396,1461.5977478027344,444.40619945526123,1464.3181228637695,358.68197321891785,1619.9149703979492,506.37160062789917,1614.7423553466797,255.71314930915833,1790.5598831176758,521.3002824783325,1794.631004333496
1053,35.10110377358491,True,157.1,144.8,147.9,163.7,178.8,156.4,3.7,6.0,411.5375304222107,1209.9302673339844,494.72700476646423,1210.1939392089844,399.40524458885193,1333.1807327270508,494.5001220703125,1341.7557907104492,424.86042737960815,1415.071678161621,555.9141683578491,1429.032211303711,403.42179894447327,1454.8503112792969,468.33834886550903,1456.9284439086914,395.3159809112549,1603.0879211425781,516.7777240276337,1610.1692962646484,298.8348948955536,1739.6146774291992,520.7335102558136,1793.031349182129
1054,35.134438155136266,True,153.7,150.5,143.0,166.3,175.7,160.7,1.7,9.9,421.55561327934265,1207.6701736450195,509.35036540031433,1207.2100067138672,415.68662881851196,1333.1933212280273,518.7926638126373,1340.4376602172852,448.12448143959045,1407.3878860473633,576.0080122947693,1426.7737197875977,417.6160168647766,1445.7746887207031,484.9077379703522,1446.6157150268555,426.00221157073975,1587.1713638305664,523.1154727935791,1606.1224365234375,340.29446482658386,1716.0655975341797,522.4589967727661,1791.9133758544922
1055,35.16777253668763,True,149.2,157.8,149.9,167.7,169.6,161.4,7.6,13.2,427.4217653274536,1202.1629333496094,526.0693252086639,1197.5630950927734,412.8440451622009,1322.7168273925781,538.6817693710327,1326.0444259643555,445.94886660575867,1397.5067138671875,586.0558676719666,1415.7706832885742,430.22334337234497,1432.0265579223633,494.4895648956299,1433.4932327270508,457.6725447177887,1571.5953826904297,527.7227783203125,1605.6085968017578,405.4998564720154,1723.3388900756836,523.260247707367,1792.3547744750977
1056,35.20110691823899,True,159.0,160.8,145.5,171.7,171.2,165.3,0.2,14.3,434.03235912323,1198.4092712402344,539.394668340683,1188.4000396728516,440.25240182876587,1316.294059753418,554.0375018119812,1313.412208557129,473.8442051410675,1391.7021560668945,599.6783566474915,1407.5537109375,445.36590456962585,1424.6216583251953,507.61380672454834,1424.5210647583008,475.18577098846436,1568.884391784668,529.298597574234,1601.3795471191406,412.8842782974243,1716.8614196777344,524.8161113262177,1792.0296478271484
1057,35.234441299790355,True,148.4,166.5,153.3,172.3,167.3,165.8,3.2,18.5,441.24770522117615,1191.1827850341797,552.496862411499,1184.3249130249023,440.30084252357483,1304.3090057373047,572.8012704849243,1306.6178512573242,481.0268819332123,1371.6999435424805,613.7315011024475,1403.543357849121,451.6806721687317,1411.6034317016602,515.7460820674896,1413.314094543457,495.08092761039734,1569.1181945800781,531.8382096290588,1593.102035522461,461.7691469192505,1736.4854049682617,523.0577301979065,1788.5760498046875
1058,35.26777568134172,True,127.9,169.9,156.2,171.9,165.5,166.9,5.5,21.0,447.16925024986267,1190.218391418457,561.6734290122986,1184.011116027832,442.646723985672,1304.1521072387695,585.0386452674866,1301.3836669921875,499.6954107284546,1352.2412109375,622.0081973075867,1395.728874206543,459.79347467422485,1413.0329132080078,522.1502637863159,1415.4037857055664,508.80164980888367,1566.2632369995117,532.759644985199,1595.2070617675781,490.51501393318176,1737.828483581543,516.7912101745605,1789.6052169799805
1059,35.30111006289308,True,104.9,178.6,165.6,176.5,167.5,169.6,14.5,23.5,453.3618700504303,1188.7980651855469,576.2911891937256,1183.905258178711,432.24323987960815,1301.8656921386719,603.2016849517822,1298.8555526733398,502.348769903183,1335.318603515625,620.5520153045654,1381.8040466308594,468.48837018013,1408.7967681884766,534.4332146644592,1412.955665588379,514.9527490139008,1566.1970901489258,534.4361114501953,1596.4611053466797,521.2278950214386,1743.2525253295898,522.5087249279022,1788.837661743164
1060,35.33444444444444,True,108.3,171.4,171.6,176.4,168.3,169.8,19.3,24.8,456.42982363700867,1189.2314529418945,591.4000511169434,1186.6925811767578,426.42858624458313,1302.2327041625977,617.3863434791565,1298.5205841064453,483.59031200408936,1339.5452499389648,623.4047698974609,1375.6848907470703,473.4769892692566,1407.6989364624023,544.4231343269348,1413.493766784668,519.3708622455597,1566.2643814086914,539.6181070804596,1594.0037155151367,542.2684407234192,1734.6118927001953,522.2633671760559,1787.263298034668
1061,35.367778825995806,True,116.4,160.9,169.2,175.0,170.2,169.8,23.7,24.5,461.2166976928711,1190.5353927612305,600.4301047325134,1188.376121520996,424.8097336292267,1301.6536331176758,625.641667842865,1299.2158126831055,476.58852338790894,1352.6204681396484,619.7548198699951,1352.7234649658203,482.5370407104492,1409.8921966552734,553.1310653686523,1416.4826202392578,525.7772326469421,1567.1756744384766,548.4969162940979,1595.44189453125,539.40638422966,1736.0543060302734,526.8286049365997,1786.7388153076172
1062,35.40111320754717,True,107.2,154.9,171.9,174.2,172.2,171.2,26.9,22.8,465.72763681411743,1191.5420150756836,607.6481866836548,1189.4292068481445,424.90748405456543,1301.7693328857422,630.3759169578552,1300.682144165039,474.4061493873596,1339.720573425293,618.4241008758545,1350.2518844604492,491.1369860172272,1412.0966720581055,562.1176028251648,1418.9374923706055,530.4168212413788,1565.6308364868164,554.5937490463257,1595.2898025512695,544.8533391952515,1696.8762588500977,527.8228139877319,1779.2619323730469
1063,35.43444758909853,True,130.8,93.0,167.6,173.8,173.9,173.7,28.7,23.1,467.5622355937958,1191.9862747192383,609.5548510551453,1190.050163269043,425.7442045211792,1301.0763931274414,636.5606188774109,1300.276107788086,454.00672674179077,1353.7946319580078,607.9025888442993,1308.885726928711,497.2375202178955,1411.3388442993164,572.0324635505676,1419.085922241211,534.8591387271881,1563.922004699707,562.7955150604248,1594.2395782470703,538.4742951393127,1711.4816665649414,533.404598236084,1774.6282196044922
1064,35.467781970649895,True,106.9,54.3,169.8,172.3,175.9,175.6,30.1,21.9,472.14491844177246,1193.1122589111328,611.9958758354187,1191.888084411621,430.11893033981323,1302.135887145996,640.054657459259,1301.836280822754,470.5074942111969,1333.71826171875,606.3621425628662,1288.6621856689453,506.88127398490906,1412.3497009277344,581.4480471611023,1420.1084518432617,541.0336375236511,1558.9274597167969,571.7554020881653,1594.786148071289,547.5255274772644,1687.5498962402344,538.4639954566956,1767.5627517700195
1065,35.50111635220126,True,147.4,43.9,163.6,170.2,174.2,176.4,29.0,19.2,476.86806321144104,1193.4571838378906,615.660502910614,1192.7696228027344,439.4944417476654,1302.184066772461,639.4205832481384,1298.331069946289,452.3124933242798,1355.0707626342773,603.1561732292175,1274.4446182250977,515.3020691871643,1411.3837051391602,589.6176910400391,1419.2154693603516,556.5150260925293,1557.472801208496,580.5162477493286,1593.9521026611328,554.9286818504333,1688.69384765625,542.7691984176636,1759.7800827026367
1066,35.53445073375262,True,150.4,48.9,169.8,167.4,175.7,174.0,27.4,16.8,480.642671585083,1194.5306396484375,618.2609152793884,1192.8351974487305,446.8322253227234,1303.1596755981445,637.0417428016663,1299.6876525878906,459.68494176864624,1362.183609008789,601.6384506225586,1278.3335494995117,519.4644927978516,1412.2919082641602,591.2785148620605,1419.3537139892578,557.1545076370239,1559.282569885254,588.8843536376953,1594.3107604980469,566.8983936309814,1692.044563293457,550.3666949272156,1756.4553451538086
1067,35.567785115303984,True,139.3,86.7,176.0,163.7,178.4,172.4,25.9,12.0,483.5595738887787,1194.623908996582,621.663544178009,1192.7356338500977,453.5086405277252,1303.5880279541016,633.4331202507019,1300.316162109375,479.98857736587524,1359.7272491455078,606.7213439941406,1301.6736602783203,523.7608122825623,1412.002830505371,598.9381957054138,1416.4500045776367,553.8710331916809,1553.3103561401367,604.0745830535889,1579.2767715454102,574.4247579574585,1698.3988952636719,564.1972374916077,1733.4052276611328
1068,35.60111949685535,True,139.1,95.1,177.8,162.5,179.2,170.7,23.7,11.2,486.60850524902344,1194.206314086914,625.3853344917297,1190.830307006836,461.5962088108063,1301.4458084106445,635.5863332748413,1297.349967956543,485.59720516204834,1347.0787811279297,606.6374659538269,1302.7312088012695,526.9278681278229,1409.5875549316406,603.2027792930603,1411.9856643676758,554.4863748550415,1545.882225036621,612.3349928855896,1558.092041015625,576.404550075531,1680.6330871582031,576.8536162376404,1701.6632080078125
1069,35.63445387840671,True,102.3,90.5,178.1,162.4,178.9,169.9,24.5,11.3,489.5431101322174,1194.1218566894531,628.3957386016846,1189.5837020874023,463.07620882987976,1301.5930938720703,638.8213348388672,1298.0732345581055,508.212765455246,1323.702278137207,605.8277177810669,1301.5081787109375,530.1977598667145,1410.157356262207,605.6344056129456,1412.369613647461,558.0981516838074,1543.7800598144531,615.5156636238098,1545.1835632324219,581.2387704849243,1676.557502746582,581.9032287597656,1687.0876693725586
1070,35.66778825995807,True,102.4,103.7,179.5,165.1,178.7,168.5,22.6,10.9,494.0030336380005,1193.6430358886719,630.3032398223877,1186.724967956543,469.9787664413452,1301.974868774414,640.0089526176453,1295.6476593017578,519.5410001277924,1324.9456787109375,609.8650646209717,1305.9099197387695,532.2891747951508,1408.8883209228516,607.7801513671875,1408.923110961914,558.2182717323303,1537.9116439819336,619.7620940208435,1529.5390319824219,586.7247676849365,1673.6741638183594,595.0304317474365,1681.4570617675781
1071,35.701122641509436,True,94.3,88.0,175.5,170.1,178.0,168.4,21.4,10.4,495.7705557346344,1192.6963806152344,631.7701721191406,1185.7942199707031,474.6742630004883,1301.6147232055664,641.2384128570557,1293.6123275756836,525.5519914627075,1315.5205535888672,610.1092314720154,1295.2483749389648,535.0395441055298,1405.6724166870117,610.988245010376,1404.773941040039,554.2987275123596,1534.8247146606445,623.1275153160095,1516.563720703125,585.9799075126648,1671.8685150146484,613.2030630111694,1668.3269119262695
1072,35.7344570230608,True,85.1,87.0,175.0,177.1,176.9,168.1,20.8,11.4,499.3284201622009,1191.5227890014648,632.7022933959961,1184.3060302734375,479.4274055957794,1298.602523803711,642.9640603065491,1289.2975616455078,526.5732371807098,1303.2182693481445,609.3346309661865,1290.8171081542969,537.4089217185974,1400.6377029418945,610.6935453414917,1399.2165756225586,554.787769317627,1537.8496170043945,623.4295535087585,1519.013557434082,585.2171516418457,1678.59375,632.1842837333679,1675.9209823608398
1073,35.76779140461216,True,80.8,84.8,172.9,179.5,175.3,168.4,18.9,12.2,500.14331817626953,1191.4667129516602,634.5091152191162,1184.2433166503906,485.1676118373871,1298.0730056762695,646.1090683937073,1289.4042205810547,526.823970079422,1297.188491821289,609.4850063323975,1290.0939559936523,539.7669696807861,1397.3701858520508,612.8538393974304,1395.1707458496094,555.007860660553,1538.8470840454102,625.2258825302124,1518.310317993164,588.033664226532,1678.8963317871094,639.0941476821899,1668.8507080078125
1074,35.801125786163524,True,73.9,69.0,172.7,179.9,173.8,167.7,19.6,15.3,501.74314856529236,1191.4286041259766,635.078558921814,1183.9155578613281,486.66032552719116,1296.7475509643555,651.3955736160278,1286.9802474975586,535.3867721557617,1289.9823760986328,612.8403210639954,1278.8001251220703,541.5435361862183,1388.0037689208984,612.7665495872498,1386.0118103027344,555.0346398353577,1535.4477310180664,626.5973496437073,1516.8262481689453,586.2803363800049,1676.0567092895508,642.2849893569946,1667.3305892944336
1075,35.83446016771489,True,73.3,71.9,172.6,179.7,173.1,167.8,20.7,16.9,505.76266407966614,1191.4752960205078,636.2761545181274,1183.3634948730469,488.39327931404114,1295.6228256225586,655.0102472305298,1283.9020156860352,537.5045156478882,1289.399299621582,620.6698822975159,1279.3367385864258,544.1575956344604,1384.6467590332031,614.0765404701233,1382.2984313964844,555.5173087120056,1533.7687683105469,627.4726295471191,1513.6330032348633,584.8108291625977,1674.137306213379,641.5925931930542,1660.2013778686523
1076,35.86779454926625,True,76.5,78.4,171.3,179.6,172.9,167.7,20.7,16.8,508.53739857673645,1192.294578552246,637.3209285736084,1183.4220886230469,491.1118483543396,1295.7141494750977,655.6787610054016,1284.070701599121,539.6686398983002,1292.3818588256836,621.281361579895,1283.3097839355469,546.3419651985168,1384.753761291504,614.9632143974304,1381.7484283447266,556.6024446487427,1532.7596282958984,627.9739665985107,1508.2708740234375,587.02796459198,1668.6678314208984,640.9165477752686,1642.4719619750977
1077,35.90112893081761,True,79.4,83.8,170.7,177.9,172.5,167.1,21.9,17.2,511.0267996788025,1193.6674118041992,637.7870535850525,1183.487434387207,491.99636578559875,1295.8580017089844,656.2867641448975,1282.049217224121,542.4566030502319,1295.8528518676758,619.7960829734802,1284.8855209350586,549.268684387207,1384.8094940185547,614.7335958480835,1382.1941757202148,558.9100241661072,1530.6100845336914,627.8763127326965,1501.5798568725586,589.2784452438354,1661.2627029418945,636.9353342056274,1625.0255584716797
1078,35.934463312368976,True,77.6,82.9,168.5,178.4,171.5,168.2,24.5,16.9,514.0850973129272,1195.543327331543,638.552577495575,1185.2727127075195,490.59078097343445,1295.9162521362305,656.3665866851807,1281.4212799072266,542.860221862793,1296.665267944336,621.8425011634827,1283.4912872314453,552.1249151229858,1385.9745025634766,616.2548589706421,1384.167594909668,558.987078666687,1528.4834289550781,627.0674657821655,1497.5299072265625,591.3350343704224,1656.239891052246,634.6674084663391,1611.8290328979492
1079,35.96779769392034,True,73.0,78.8,167.4,179.2,170.4,170.5,25.3,15.6,516.6409313678741,1197.3181915283203,639.5456600189209,1185.9956359863281,492.25186228752136,1296.0366439819336,655.3685474395752,1279.6880722045898,541.6726040840149,1293.3555221557617,621.5234684944153,1278.7532043457031,554.680073261261,1386.3636016845703,618.7101745605469,1385.0049591064453,558.8118553161621,1520.0152587890625,625.6840896606445,1498.7865829467773,591.9539165496826,1649.227523803711,631.5135812759399,1621.9147109985352
1080,36.0011320754717,True,62.5,79.3,166.3,178.9,169.6,172.0,25.7,14.1,519.0737164020538,1197.260627746582,639.9155473709106,1186.0600662231445,494.07294273376465,1294.991569519043,654.423680305481,1280.3487396240234,541.2631273269653,1283.9297103881836,626.4472317695618,1279.3892669677734,556.5308618545532,1384.6794891357422,621.3098788261414,1383.2973861694336,558.613007068634,1513.7736511230469,626.5313029289246,1496.4506149291992,591.6617918014526,1640.5871200561523,630.0018453598022,1625.503921508789
1081,36.034466457023065,True,64.4,74.7,159.0,179.5,165.0,173.4,23.4,14.1,520.1034593582153,1196.5699768066406,639.7522974014282,1184.4380950927734,500.65096378326416,1291.892967224121,653.9296174049377,1272.7290344238281,547.518961429596,1280.1213455200195,623.8835120201111,1269.4706726074219,557.9473900794983,1376.227798461914,623.1386518478394,1375.7560729980469,551.0281920433044,1503.651008605957,626.4894604682922,1490.8899307250977,592.0701098442078,1630.722999572754,629.099850654602,1621.340446472168
1082,36.06780083857443,True,65.5,80.5,154.5,179.5,162.3,174.8,22.3,14.5,521.689578294754,1193.6224365234375,639.5242881774902,1180.7161331176758,504.20554518699646,1288.820686340332,652.9214715957642,1256.2213897705078,544.0247941017151,1278.8505935668945,620.145628452301,1256.531639099121,559.4434189796448,1373.503761291504,624.6980237960815,1373.1511688232422,546.7647671699524,1496.7925643920898,626.226110458374,1486.76513671875,591.1774492263794,1621.226577758789,626.7785596847534,1619.102554321289
1083,36.101135220125784,True,41.2,57.6,151.8,179.4,161.1,174.7,22.8,6.8,524.9690616130829,1189.2098236083984,639.3301391601562,1175.6425094604492,505.65496802330017,1282.525978088379,641.8285202980042,1244.1557693481445,538.9758253097534,1257.2988510131836,612.165949344635,1226.8438339233398,560.6085062026978,1369.969482421875,623.2902503013611,1368.3706283569336,543.5289287567139,1495.1869583129883,624.3635416030884,1484.3156433105469,591.1177754402161,1622.757568359375,624.1404891014099,1610.5470657348633
1084,36.13446960167715,True,7.6,87.4,150.6,178.6,160.4,176.9,21.3,4.4,530.7599937915802,1182.7753829956055,636.0376524925232,1172.3494720458984,512.0072650909424,1273.0650329589844,626.5951609611511,1236.3183975219727,521.2222945690155,1246.8318557739258,592.2815108299255,1229.662742614746,561.6784501075745,1366.8288803100586,622.6611971855164,1365.563850402832,539.594224691391,1491.3179397583008,620.8893942832947,1486.4033889770508,584.2740225791931,1618.6680221557617,622.1361708641052,1611.9268798828125
1085,36.16780398322851,True,49.1,62.0,151.5,175.5,159.9,178.8,20.1,22.4,534.3085241317749,1178.4368133544922,630.264036655426,1169.6317291259766,515.4920661449432,1267.1129608154297,601.1312556266785,1230.4695510864258,498.80316853523254,1245.0592803955078,580.6646919250488,1202.7709579467773,561.2073040008545,1365.8444595336914,619.3112254142761,1364.820556640625,535.473997592926,1487.0979309082031,615.0337028503418,1485.5588150024414,573.5738754272461,1615.8515167236328,620.5048298835754,1613.7934112548828
1086,36.20113836477987,True,64.2,76.2,153.1,174.6,160.6,179.6,18.1,18.5,540.9899926185608,1174.9676513671875,617.3036885261536,1168.0290985107422,521.6428756713867,1265.785903930664,591.7649173736572,1240.2513885498047,499.2121946811676,1248.3881378173828,566.5702199935913,1223.6954498291016,561.1431884765625,1363.6365509033203,614.0977191925049,1362.3956680297852,532.7633786201477,1483.4817123413086,611.2569379806519,1485.7198333740234,562.3814034461975,1606.5312194824219,620.2442479133606,1613.2442092895508
1087,36.234472746331235,True,76.0,94.0,152.7,173.4,161.7,179.6,15.8,13.9,544.4303441047668,1174.4771575927734,607.0876264572144,1167.7453994750977,526.4783835411072,1266.9409561157227,587.371780872345,1244.4316864013672,495.0499641895294,1252.317237854004,556.798460483551,1238.8161849975586,560.4947590827942,1364.5634078979492,605.4062032699585,1361.5018844604492,531.4323699474335,1485.5149841308594,605.1670575141907,1485.4242324829102,559.7444915771484,1601.103744506836,619.6010971069336,1612.9973602294922
1088,36.2678071278826,True,76.0,114.3,154.7,174.5,163.5,179.1,12.7,9.9,546.7690801620483,1175.0914764404297,590.5186557769775,1167.9769134521484,532.4833238124847,1268.374900817871,579.2346453666687,1244.549217224121,494.2881417274475,1252.4004364013672,543.7673664093018,1254.686622619629,560.1789450645447,1365.128288269043,595.6014847755432,1361.421890258789,533.1228697299957,1487.1009063720703,600.8304405212402,1485.116958618164,558.349335193634,1598.2811737060547,618.2926511764526,1610.8393478393555
1089,36.30114150943396,True,74.0,132.7,155.4,174.3,165.0,178.6,9.9,12.4,550.0286078453064,1174.2756271362305,578.8186025619507,1167.747802734375,538.6543464660645,1268.1818389892578,564.8738622665405,1246.7702865600586,491.83749318122864,1248.4136581420898,528.5540270805359,1270.099754333496,559.9684453010559,1364.948959350586,586.8139243125916,1360.6622314453125,533.8594257831573,1487.7636337280273,594.7263979911804,1481.8596267700195,558.7775444984436,1599.264907836914,615.9210848808289,1609.7945022583008
1090,36.334475890985324,True,71.9,122.0,157.8,172.4,167.6,177.5,5.4,8.8,552.322347164154,1172.438735961914,572.2761797904968,1165.3993606567383,546.2082624435425,1267.881088256836,562.2554898262024,1247.7919006347656,488.79313230514526,1244.9674987792969,521.6566836833954,1266.756706237793,558.2127356529236,1363.8269805908203,578.5697364807129,1358.166847229004,534.7280430793762,1488.427619934082,587.7048468589783,1477.943000793457,557.7377271652222,1600.9518814086914,614.7164082527161,1605.3240966796875
1091,36.36781027253669,True,70.4,97.8,159.2,170.6,171.4,175.0,0.8,6.2,556.5788197517395,1172.5996398925781,565.2002334594727,1164.7279357910156,554.557249546051,1266.5430450439453,555.7258772850037,1248.541374206543,489.90330934524536,1241.9233703613281,503.9999055862427,1249.7620010375977,555.2329730987549,1355.6443405151367,564.471595287323,1350.8152770996094,534.7848522663116,1484.3471145629883,573.9909482002258,1465.664176940918,558.694052696228,1599.0655517578125,603.9526605606079,1584.6183013916016
1092,36.40114465408805,True,70.0,95.8,160.1,165.1,171.1,175.3,2.5,4.2,558.6781525611877,1170.1091766357422,553.2924485206604,1164.843978881836,560.5789589881897,1260.0742721557617,547.5615763664246,1249.607162475586,492.6331114768982,1236.9672775268555,502.78016567230225,1251.0850524902344,554.6896004676819,1346.6963195800781,554.4799375534058,1343.6733627319336,531.2983453273773,1477.313461303711,564.7330784797668,1459.3951034545898,551.9334053993225,1597.1234893798828,605.3630089759827,1571.0573959350586
1093,36.43447903563941,True,71.1,71.2,155.3,162.9,169.0,177.0,3.2,11.1,560.9590172767639,1165.5766296386719,536.5482223033905,1168.824691772461,562.7046203613281,1254.3959426879883,523.9415395259857,1254.1965866088867,494.0636730194092,1232.3600006103516,486.76180958747864,1235.064468383789,554.6802663803101,1342.4878692626953,544.7543334960938,1341.7700958251953,524.3383026123047,1473.9198303222656,556.4859938621521,1458.7485122680664,549.4182872772217,1595.024185180664,598.8961601257324,1559.267463684082
1094,36.467813417190776,True,67.2,59.7,154.0,161.6,169.9,179.2,6.7,16.0,559.8972487449646,1163.1468200683594,531.3310468196869,1169.4009017944336,566.1460661888123,1247.9109191894531,512.0941042900085,1254.0471267700195,494.4461131095886,1223.7802505493164,481.274653673172,1225.184669494629,552.0721292495728,1341.0851669311523,540.8556461334229,1340.2433395385742,522.5712311267853,1472.9719161987305,549.2545866966248,1459.984245300293,551.7923641204834,1595.2506637573242,590.4439830780029,1559.6236038208008
1095,36.50114779874214,True,58.2,44.0,156.2,156.7,172.7,178.9,13.2,21.3,561.6895222663879,1162.9646301269531,517.8622484207153,1170.527000427246,574.8006963729858,1242.0804977416992,493.82468819618225,1247.8511810302734,502.9541337490082,1212.4682235717773,479.9820113182068,1220.3704833984375,549.9574112892151,1341.9295120239258,529.8476028442383,1341.5522003173828,524.4983017444611,1472.6423263549805,535.8084797859192,1460.4001235961914,552.1449995040894,1594.6410369873047,583.1078410148621,1556.4690399169922
1096,36.5344821802935,True,51.9,25.6,157.5,143.6,173.5,172.1,16.1,26.5,561.8547677993774,1162.532730102539,516.0214698314667,1169.9187469482422,578.2713675498962,1238.412094116211,485.53251028060913,1241.147689819336,510.1313066482544,1205.2777862548828,484.027179479599,1205.6647109985352,549.578447341919,1340.7356643676758,525.9921741485596,1339.8357009887695,525.5809271335602,1471.5430068969727,516.7027616500854,1457.743148803711,551.8297648429871,1593.786964416504,575.0803327560425,1551.7070388793945
1097,36.567816561844865,True,47.9,24.8,160.3,140.6,174.5,167.6,18.2,28.9,565.4801273345947,1161.7926406860352,512.4479305744171,1169.7777557373047,581.9609069824219,1232.369384765625,479.03337836265564,1238.9238739013672,514.6994733810425,1195.158462524414,479.6365213394165,1202.435188293457,549.7503876686096,1338.3317184448242,521.6008400917053,1337.7695846557617,526.5084779262543,1462.898826599121,502.4577534198761,1454.4643020629883,547.124354839325,1591.7777252197266,560.36865234375,1554.5806503295898
1098,36.60115094339623,True,42.1,11.5,167.1,150.1,177.6,168.6,20.1,30.3,565.4755568504333,1160.2934646606445,506.8586790561676,1169.6979904174805,583.3821988105774,1225.7684326171875,470.42335867881775,1239.4928741455078,518.3631670475006,1184.102439880371,481.1920630931854,1202.0149612426758,550.4774808883667,1338.966064453125,515.0669467449188,1338.5017776489258,534.6533060073853,1465.0938034057617,497.1597898006439,1456.0859298706055,547.562735080719,1592.3390579223633,537.1124839782715,1558.916244506836
1099,36.63448532494759,True,37.2,5.0,169.9,151.3,178.5,165.6,22.8,31.7,566.7345643043518,1159.3280410766602,499.5572018623352,1169.1902160644531,587.7134084701538,1222.6413345336914,463.0011820793152,1238.8232803344727,521.9598484039307,1177.5165939331055,482.711877822876,1191.7168807983398,552.7027916908264,1339.6564865112305,511.48175597190857,1338.0714797973633,539.6475255489349,1464.8358535766602,490.0107800960541,1455.9954071044922,548.7845349311829,1589.6434020996094,523.1964218616486,1556.0945892333984
1100,36.66781970649895,True,36.1,1.9,172.5,161.5,179.5,164.3,24.4,32.3,568.7007737159729,1158.7201309204102,493.1410789489746,1169.187240600586,590.3429818153381,1219.4737243652344,456.59886717796326,1239.2903137207031,525.6894600391388,1175.3844451904297,481.7740273475647,1186.9135665893555,553.7316656112671,1338.446159362793,507.004097700119,1334.223976135254,544.4231343269348,1464.7572326660156,484.1254448890686,1452.7610778808594,551.5154314041138,1589.3892288208008,497.6262044906616,1554.1318130493164
1101,36.701154088050316,True,30.6,3.6,172.6,170.5,179.5,163.8,29.7,31.4,568.1270170211792,1159.0388488769531,485.86435317993164,1169.3599319458008,595.2861857414246,1216.8838119506836,452.89616346359253,1239.4379425048828,532.3255133628845,1174.0259170532227,483.32149028778076,1184.1816329956055,553.9109444618225,1336.208724975586,503.63423466682434,1331.5010833740234,544.6842312812805,1463.7957000732422,482.3874056339264,1452.6432037353516,551.8253231048584,1590.1405334472656,481.6641426086426,1556.6067123413086
1102,36.73448846960168,True,23.6,9.2,172.9,178.5,179.4,164.3,33.9,28.6,567.3596906661987,1160.4627227783203,476.77868127822876,1169.483413696289,597.0500707626343,1213.289680480957,449.5118486881256,1239.8249816894531,534.6392726898193,1166.1372756958008,483.6173486709595,1181.7541122436523,553.5382890701294,1335.3709030151367,497.72263526916504,1330.8588409423828,544.6109104156494,1464.6173858642578,479.88152503967285,1453.6861038208008,551.4522814750671,1590.2684783935547,461.9454324245453,1558.1241989135742
1103,36.76782285115304,True,19.5,14.2,173.8,178.5,178.6,162.2,40.2,26.2,566.6634321212769,1161.0709762573242,468.02337169647217,1169.8047637939453,602.0278429985046,1210.8452224731445,447.20826029777527,1238.474464416504,536.3453507423401,1164.6217346191406,484.0978932380676,1177.2697448730469,552.2905468940735,1331.9115829467773,494.2202603816986,1328.763427734375,544.5970702171326,1460.460433959961,475.69348096847534,1453.8109588623047,550.9204959869385,1589.7745513916016,462.83870458602905,1559.007339477539
1104,36.801157232704405,True,15.2,18.3,174.9,176.0,178.3,161.7,44.8,24.3,563.0829405784607,1161.3313293457031,463.4404957294464,1169.812889099121,602.2001051902771,1207.3746871948242,446.3541913032532,1235.7150650024414,537.1754086017609,1162.803840637207,484.4736707210541,1176.5540313720703,550.1661729812622,1327.7294540405273,490.35237550735474,1326.3989639282227,544.2687034606934,1452.982521057129,471.52323603630066,1452.385139465332,550.0082015991211,1587.883415222168,463.14186930656433,1559.4520568847656
1105,36.83449161425577,True,10.5,21.3,176.0,175.9,177.5,161.9,49.5,26.8,558.5987162590027,1161.5167236328125,458.3910119533539,1169.3970108032227,601.9123578071594,1203.9755630493164,441.8345296382904,1226.1647415161133,538.2544612884521,1161.2080764770508,485.111221075058,1169.8052215576172,547.043309211731,1327.8197479248047,487.50911593437195,1326.5265655517578,543.83225440979,1453.2143783569336,471.05791568756104,1450.4973220825195,549.6747493743896,1587.359962463379,464.4157147407532,1559.688491821289
1106,36.86782599580713,True,5.4,22.2,178.0,177.2,175.2,164.3,54.0,29.8,554.5637512207031,1162.3267364501953,455.85188269615173,1169.3975830078125,600.5684423446655,1201.2738418579102,438.57593536376953,1216.959228515625,540.005214214325,1159.0779876708984,486.0809361934662,1164.452018737793,542.404203414917,1325.7997512817383,482.88439750671387,1325.2887725830078,543.5942673683167,1448.5772323608398,470.07226824760437,1449.7978591918945,549.5501232147217,1582.3656463623047,464.1052436828613,1559.8856735229492
1107,36.901160377358494,True,1.0,16.4,179.6,177.1,172.2,166.0,57.3,37.9,554.1330313682556,1162.8240966796875,456.3017213344574,1168.974838256836,599.6132111549377,1198.3552551269531,433.10818791389465,1210.3294372558594,539.4458770751953,1153.099021911621,486.55327320098877,1158.1159973144531,538.8953268527985,1326.9532012939453,480.0011622905731,1326.291618347168,544.2170763015747,1449.9238586425781,468.2397937774658,1450.5348587036133,550.7961273193359,1580.2056884765625,463.4113025665283,1560.2617263793945
1108,36.93449475890986,True,2.8,9.8,179.6,177.4,169.5,167.7,59.8,48.9,553.011589050293,1164.2343521118164,456.4769124984741,1167.8715133666992,598.5174536705017,1197.1553421020508,428.346483707428,1199.981689453125,538.0617606639862,1148.7030029296875,486.84446454048157,1152.718162536621,536.648998260498,1327.3926544189453,478.02571535110474,1326.7509841918945,546.7293620109558,1448.4646224975586,468.1545317173004,1450.9235000610352,558.2984161376953,1577.4568176269531,464.4238257408142,1560.3741073608398
1109,36.96782914046122,True,6.5,0.7,178.9,177.0,168.0,168.0,61.3,61.8,551.8905973434448,1166.5946960449219,455.49261689186096,1167.5255584716797,594.4292521476746,1195.396499633789,421.48724913597107,1192.0050430297852,537.3194432258606,1146.3847732543945,485.81597685813904,1146.9046783447266,536.5012300014496,1328.2539367675781,476.6347110271454,1328.0946350097656,550.4501867294312,1449.5844268798828,467.05384969711304,1450.382080078125,562.5679564476013,1576.3937759399414,464.21181321144104,1560.483169555664
1110,37.00116352201258,True,7.0,13.0,176.4,176.5,166.7,169.3,57.4,74.4,549.5680832862854,1166.5570449829102,456.8561339378357,1166.531982421875,589.0860986709595,1196.7987442016602,418.7402594089508,1182.114486694336,537.2584819793701,1145.9757614135742,482.3456597328186,1137.1842956542969,535.7800912857056,1328.7422561645508,475.58704018592834,1328.2353973388672,553.7080407142639,1448.869400024414,466.8899881839752,1449.2270278930664,564.543821811676,1574.3132400512695,465.6782305240631,1560.9832763671875
1111,37.034497903563945,True,4.9,19.3,172.3,176.0,164.3,170.1,50.8,78.6,548.9665174484253,1164.8469543457031,457.2936451435089,1161.5446472167969,583.5690093040466,1198.388786315918,418.1462252140045,1173.7748336791992,537.0355904102325,1144.928855895996,479.7489809989929,1128.0094528198242,535.0828349590302,1327.5679779052734,474.65433955192566,1327.291488647461,557.2446298599243,1443.2545852661133,466.2927997112274,1448.825912475586,563.8650727272034,1563.4159469604492,466.4030706882477,1562.5606155395508
1112,37.06783228511531,True,3.2,25.7,171.5,176.1,163.9,169.4,44.9,84.5,548.8245105743408,1163.268928527832,457.10155606269836,1159.3412017822266,579.2524123191833,1199.4110870361328,417.6512610912323,1167.561264038086,536.960209608078,1142.995491027832,477.36772656440735,1121.7216110229492,535.0852167606354,1326.316909790039,475.413361787796,1326.2592315673828,558.120424747467,1441.772232055664,466.2748396396637,1447.4361419677734,563.5885906219482,1554.2516326904297,465.40528893470764,1562.4743270874023
1113,37.101166666666664,True,0.4,31.8,172.4,175.6,164.3,169.3,38.5,90.0,549.2557454109192,1163.1821823120117,458.4761130809784,1159.3083572387695,573.7673163414001,1199.9723052978516,417.44558930397034,1163.7548446655273,535.1396441459656,1142.7861785888672,475.09931802749634,1118.7058639526367,535.4833960533142,1325.844383239746,476.36592149734497,1325.654411315918,557.2990250587463,1439.9110794067383,466.81299805641174,1446.3071823120117,563.4763240814209,1548.5723876953125,466.53387665748596,1561.710548400879
1114,37.13450104821803,True,7.0,34.0,173.1,176.2,164.6,169.1,30.6,91.4,550.3863286972046,1163.2074737548828,459.38193798065186,1158.896713256836,567.9906105995178,1200.1716613769531,419.01159167289734,1162.2497177124023,531.6625356674194,1143.163719177246,476.0214614868164,1116.4202499389648,535.8408915996552,1325.243911743164,477.3974668979645,1325.046272277832,556.7857146263123,1440.8220291137695,467.52238869667053,1445.3162384033203,563.1124234199524,1547.5922012329102,465.74588656425476,1561.461067199707
1115,37.16783542976939,True,15.4,33.5,173.9,176.4,164.2,168.9,22.9,90.4,553.8262939453125,1163.0336380004883,459.623304605484,1158.112564086914,565.1446151733398,1200.494499206543,420.8410084247589,1162.1765899658203,529.8723864555359,1144.56298828125,476.6635823249817,1116.2247848510742,536.5418171882629,1323.8136291503906,478.1209874153137,1323.9419174194336,556.2322998046875,1439.2706680297852,467.99919962882996,1445.174674987793,562.9720258712769,1545.966682434082,465.6428897380829,1561.2517547607422
1116,37.20116981132075,True,26.2,32.3,174.5,176.8,163.2,169.8,14.0,86.5,559.0882086753845,1162.7800369262695,462.811861038208,1157.4462890625,563.2607388496399,1200.2360916137695,422.0556306838989,1163.8568115234375,527.9102647304535,1144.808235168457,477.1307694911957,1115.5575942993164,537.3950815200806,1323.4852981567383,478.5355496406555,1323.760757446289,556.0817313194275,1439.7243118286133,468.36899042129517,1444.3457794189453,562.8518414497375,1546.6889190673828,465.0571596622467,1559.718017578125
1117,37.234504192872116,True,31.9,30.0,177.0,176.3,165.2,170.1,9.0,83.8,562.3749661445618,1162.573356628418,467.20564126968384,1156.6926956176758,563.229968547821,1200.1145553588867,422.4797201156616,1165.052604675293,527.3133015632629,1145.3071975708008,478.8549041748047,1116.7951583862305,540.5424070358276,1323.570899963379,480.15153765678406,1323.628807067871,555.0708174705505,1440.3676986694336,468.5112226009369,1444.2419815063477,562.7423429489136,1548.116340637207,464.85557556152344,1559.768943786621
1118,37.26783857442348,True,36.5,29.0,178.5,175.4,167.6,169.1,3.7,82.0,564.4393444061279,1161.742057800293,471.2351667881012,1156.7602157592773,562.1906661987305,1198.9847946166992,425.251944065094,1166.7058181762695,527.0121002197266,1144.877815246582,481.5003776550293,1117.4550247192383,544.1601061820984,1323.2621383666992,483.35432052612305,1322.6243591308594,554.9561047554016,1440.7014083862305,469.03772950172424,1443.4025573730469,562.1492099761963,1549.9303436279297,464.6629071235657,1559.9189758300781
1119,37.30117295597484,True,39.2,29.6,179.9,175.6,169.5,169.0,1.1,81.4,566.6801047325134,1160.082664489746,475.6558871269226,1156.365852355957,562.9325008392334,1197.2478103637695,428.01602482795715,1166.7713928222656,527.3676645755768,1143.2948684692383,482.1474230289459,1118.097038269043,547.1537733078003,1322.6664733886719,486.3727390766144,1321.5118789672852,554.7612476348877,1441.131477355957,470.8015823364258,1442.9375839233398,561.9428944587708,1550.1211166381836,464.8055577278137,1559.9621200561523
1120,37.334507337526205,True,40.8,30.7,178.9,175.7,170.7,168.7,1.0,80.8,568.2121825218201,1159.9425888061523,478.6090314388275,1155.890007019043,563.5486149787903,1194.5787048339844,431.198433637619,1166.6140365600586,528.2384705543518,1140.5353546142578,483.91626477241516,1116.6041564941406,549.2054057121277,1322.4397659301758,488.8273787498474,1321.1005783081055,554.608039855957,1441.6718673706055,472.2184646129608,1442.940559387207,561.5856885910034,1550.6312942504883,465.045508146286,1559.996566772461
1121,37.36784171907757,True,44.2,32.4,178.6,176.0,171.4,168.5,4.7,81.5,570.2158570289612,1160.006332397461,481.51556968688965,1155.9140396118164,563.7948417663574,1191.7964172363281,433.7402021884918,1165.9577178955078,528.8138365745544,1137.410888671875,486.618515253067,1114.324836730957,550.9282851219177,1322.5331497192383,491.18767976760864,1320.7008361816406,554.8547172546387,1442.3865509033203,473.7374746799469,1442.5995254516602,561.096453666687,1550.1116180419922,465.1992952823639,1559.9354553222656
1122,37.40117610062893,True,50.4,35.9,178.9,176.3,172.0,168.4,9.5,83.4,570.4463768005371,1160.2965545654297,484.26265597343445,1155.9369277954102,563.4434938430786,1184.9312210083008,435.2129924297333,1164.3066787719727,528.8279342651367,1134.701042175293,487.1933662891388,1111.2775039672852,552.3062539100647,1322.5873947143555,493.21691036224365,1320.5287170410156,555.7138395309448,1442.4443435668945,475.0391936302185,1442.5506591796875,560.8993434906006,1550.3770065307617,465.2495062351227,1559.9885559082031
1123,37.43451048218029,True,54.9,39.8,179.1,176.3,172.6,167.6,12.7,88.4,570.8869457244873,1160.3364944458008,485.4146432876587,1155.970687866211,563.4122085571289,1182.2890090942383,435.6814992427826,1160.3173828125,528.844735622406,1134.8570251464844,488.3944058418274,1107.916259765625,553.5773634910583,1322.6233291625977,495.24420976638794,1320.6341171264648,556.3653588294983,1442.472267150879,476.0801374912262,1442.5354385375977,560.489866733551,1549.9951171875,465.3189969062805,1559.6000289916992
1124,37.467844863731656,True,57.8,41.5,179.5,176.2,173.1,167.4,14.9,90.6,571.1145043373108,1160.2056884765625,486.32407307624817,1155.4265213012695,563.4068012237549,1180.5427551269531,435.627361536026,1157.9537200927734,528.5731780529022,1134.309196472168,488.94830346107483,1105.8781814575195,554.5098066329956,1322.6827239990234,496.3671004772186,1320.5290603637695,556.7000985145569,1442.5942611694336,476.8275725841522,1442.1836471557617,559.5860695838928,1550.0541687011719,465.8631420135498,1559.6150207519531
1125,37.50117924528302,True,56.8,41.6,179.7,176.4,173.7,167.4,14.4,91.6,571.248528957367,1159.7559356689453,486.81636571884155,1154.3871688842773,563.6416339874268,1180.708351135254,435.4533290863037,1156.1069869995117,528.5933268070221,1133.960952758789,488.95084619522095,1105.345115661621,555.2714681625366,1322.6942825317383,496.90834879875183,1320.5904006958008,556.8395948410034,1442.7009201049805,477.4101161956787,1441.776351928711,558.7221837043762,1550.2393341064453,465.99356174468994,1559.5703887939453
1126,37.53451362683438,True,53.0,42.1,179.7,176.2,173.7,167.5,10.7,92.4,571.2117075920105,1159.6702194213867,487.6422071456909,1154.139633178711,564.9658513069153,1181.147117614746,435.3197228908539,1155.0310134887695,529.8390412330627,1134.0850067138672,488.80677938461304,1105.033836364746,555.5300545692444,1322.716941833496,497.5171887874603,1320.4823684692383,557.1725964546204,1442.8010559082031,478.0614745616913,1441.4971160888672,558.153190612793,1550.123519897461,466.98017477989197,1559.5622634887695
1127,37.567848008385745,True,47.7,43.4,179.1,176.3,173.7,167.5,4.4,94.7,571.2601161003113,1159.691276550293,487.44049429893494,1153.827896118164,567.4456286430359,1181.8281555175781,435.11942625045776,1152.7986145019531,530.4578912258148,1134.4284439086914,488.964364528656,1103.8871383666992,555.8823680877686,1322.852554321289,497.85385966300964,1320.5147552490234,557.836925983429,1443.3086013793945,478.7923014163971,1441.980972290039,557.877995967865,1549.9742889404297,468.08127522468567,1560.1714324951172
1128,37.60118238993711,True,46.4,43.7,178.7,175.7,173.8,167.2,2.1,96.2,571.3141250610352,1160.0072479248047,487.0156967639923,1153.883171081543,568.5676503181458,1181.1744689941406,434.1391861438751,1151.7121124267578,530.8342158794403,1134.5348739624023,488.54355812072754,1103.7580490112305,556.2768459320068,1323.2056045532227,498.2265794277191,1320.8222579956055,558.23082447052,1443.940200805664,479.00521516799927,1443.1999969482422,557.504632472992,1549.9522018432617,469.2308485507965,1562.8098678588867
1129,37.63451677148847,True,45.8,43.9,177.8,175.7,173.5,167.3,1.7,97.4,571.1998629570007,1160.987892150879,486.7831492424011,1153.930778503418,568.6988425254822,1181.4721298217773,433.19409370422363,1150.697135925293,531.1819911003113,1134.8311614990234,488.24663758277893,1103.8312911987305,556.2554740905762,1323.9250946044922,498.38570952415466,1321.6934967041016,558.8320684432983,1444.0132141113281,479.5780384540558,1444.5697402954102,557.0678615570068,1549.515724182129,470.42438864707947,1564.727668762207
1130,37.667851153039834,True,41.1,44.5,176.6,175.6,172.9,167.4,2.3,97.6,571.0926818847656,1162.7117156982422,486.5396583080292,1154.432144165039,570.098569393158,1181.7656707763672,432.54292845726013,1151.0391998291016,533.3884406089783,1134.953842163086,486.69888496398926,1104.180793762207,556.1327791213989,1324.0093231201172,498.23636412620544,1322.38037109375,559.936580657959,1443.713722229004,479.66590762138367,1444.720344543457,557.0971512794495,1548.207893371582,470.6960105895996,1565.2009963989258
1131,37.7011855345912,True,37.4,46.5,175.2,175.7,172.1,167.4,3.3,98.8,571.0493588447571,1165.129051208496,486.34332060813904,1156.3128662109375,570.4273867607117,1182.0503997802734,432.29087591171265,1151.7732238769531,536.2114870548248,1133.6877822875977,485.3423523902893,1104.5045471191406,556.1089611053467,1323.9605712890625,498.05721402168274,1322.4372482299805,561.3049578666687,1441.3463973999023,479.6263825893402,1444.1802978515625,557.1841835975647,1547.0356750488281,470.4350423812866,1565.031509399414
1132,37.73451991614256,True,29.9,48.5,173.5,175.4,170.5,167.0,9.7,99.9,570.509204864502,1167.0965194702148,485.7408535480499,1159.137840270996,571.6592931747437,1182.7016830444336,432.2421455383301,1153.7815475463867,537.9654586315155,1133.0437088012695,484.5362091064453,1105.3322982788086,555.2346467971802,1325.5832290649414,497.7043855190277,1324.5783233642578,563.2319641113281,1441.007423400879,479.1692054271698,1444.061393737793,558.5031867027283,1545.897560119629,470.2661597728729,1564.8724365234375
1133,37.76785429769392,True,22.9,46.3,171.0,174.2,169.3,166.3,15.8,96.8,569.5423865318298,1169.7156143188477,484.0190362930298,1162.6273727416992,572.7393436431885,1186.966323852539,431.35894775390625,1160.3240203857422,538.1740272045135,1134.506607055664,483.2688009738922,1110.545768737793,554.6968746185303,1330.9407806396484,496.66115641593933,1330.1445007324219,565.1493144035339,1441.1400604248047,477.7584707736969,1444.5273971557617,558.7373113632202,1543.98193359375,470.24659037590027,1564.8464584350586
1134,37.801188679245286,True,10.2,44.8,169.4,172.4,168.0,165.9,30.4,94.9,568.6484384536743,1174.1474533081055,482.20967173576355,1167.9005813598633,577.2885847091675,1192.6368713378906,430.9083366394043,1167.234878540039,538.7444365024567,1138.1755828857422,483.212571144104,1116.595687866211,553.5821270942688,1336.160545349121,494.3581473827362,1335.0860595703125,565.9365963935852,1441.8950271606445,474.98077511787415,1446.0776138305664,558.9332628250122,1543.5373306274414,470.2291452884674,1564.1361236572266
1135,37.83452306079665,True,12.3,40.2,168.0,171.8,166.6,166.6,31.8,89.8,568.3394479751587,1174.6053314208984,481.78542137145996,1171.0551452636719,579.5155048370361,1197.3617935180664,430.84006905555725,1174.5707702636719,537.5597476959229,1144.5469665527344,483.0452334880829,1123.820571899414,552.2672438621521,1336.809425354004,492.46702909469604,1335.9217071533203,566.6210746765137,1442.1063995361328,473.5814666748047,1446.3788223266602,559.0096092224121,1543.7522506713867,470.449880361557,1562.5587844848633
1136,37.86785744234801,True,15.4,34.0,166.6,170.5,165.6,166.2,30.9,80.9,567.1916770935059,1173.7693405151367,480.6391632556915,1170.4864883422852,579.2091536521912,1199.113655090332,431.05356216430664,1181.7783737182617,535.2238118648529,1148.1083679199219,482.83016324043274,1126.658821105957,551.1279702186584,1338.2985305786133,491.39901638031006,1337.5664520263672,567.2672510147095,1442.2866439819336,471.8842399120331,1446.7586517333984,559.0813207626343,1544.2976760864258,470.68175196647644,1561.0414123535156
1137,37.901191823899374,True,13.7,32.6,166.1,169.4,165.7,165.7,32.0,77.1,565.0487637519836,1173.201026916504,478.70848774909973,1169.8004150390625,578.6462759971619,1199.9510192871094,431.058486700058,1184.3347549438477,534.4959139823914,1148.5993194580078,479.82239842414856,1127.1703720092773,550.5138516426086,1337.9832458496094,490.4911959171295,1337.3498153686523,567.5112247467041,1442.501106262207,470.61670303344727,1446.7188262939453,559.1245794296265,1544.5480728149414,471.1881101131439,1558.7021255493164
1138,37.93452620545074,True,9.0,38.1,166.1,169.1,166.3,165.2,36.5,80.8,561.8900442123413,1172.6819229125977,476.8302118778229,1169.3037414550781,578.3577561378479,1198.7538528442383,430.9394609928131,1180.5295944213867,534.2385184764862,1148.5196685791016,474.19867515563965,1125.3793716430664,549.6753287315369,1337.3347091674805,490.03411531448364,1336.5880966186523,567.2665429115295,1442.5516891479492,470.10448694229126,1446.6047286987305,559.3787884712219,1544.7736358642578,471.32384061813354,1558.326301574707
1139,37.9678605870021,True,3.8,53.4,165.5,169.8,165.9,165.3,41.3,94.0,559.6351218223572,1170.662498474121,474.15168285369873,1167.4375534057617,578.118417263031,1194.8809432983398,431.02449774742126,1168.2447052001953,533.1696689128876,1143.401756286621,471.5738332271576,1111.446533203125,548.137264251709,1336.457748413086,489.01341676712036,1335.728530883789,567.161614894867,1442.5677108764648,470.2649688720703,1445.9851455688477,559.4302868843079,1545.0188827514648,471.3287329673767,1557.8443908691406
1140,38.00119496855346,True,4.1,76.3,166.7,170.5,166.0,166.0,50.2,107.7,558.9817357063293,1169.695816040039,473.9588212966919,1163.2313919067383,577.9595446586609,1188.1355667114258,438.64996433258057,1155.2223587036133,532.7436482906342,1137.3857116699219,471.72008872032166,1088.8204193115234,546.5363073348999,1332.9515075683594,488.43891978263855,1330.3578186035156,565.0303530693054,1441.9358825683594,470.33249616622925,1444.555778503418,558.3720588684082,1545.388298034668,471.2613022327423,1556.8597412109375
1141,38.034529350104826,True,22.3,128.3,167.2,171.6,165.5,167.1,65.2,150.5,556.8826603889465,1168.8898086547852,473.33446741104126,1160.2136993408203,573.8864064216614,1178.5233306884766,449.7764539718628,1125.7778549194336,532.6931798458099,1126.021728515625,472.5428080558777,1052.7527618408203,543.7398791313171,1326.6731643676758,487.2725772857666,1323.259162902832,563.1563258171082,1440.3967666625977,470.4683554172516,1443.0125427246094,557.4428987503052,1545.6792068481445,471.27623677253723,1556.809959411621
1142,38.06786373165619,True,38.2,154.9,168.7,172.0,166.6,167.8,77.6,169.0,555.1286888122559,1165.2635192871094,473.278044462204,1157.40966796875,569.0104079246521,1169.4574356079102,459.7085666656494,1109.047508239746,532.365231513977,1117.1146774291992,473.28943848609924,1027.4435806274414,542.9892897605896,1323.6464309692383,486.5225672721863,1321.0979461669922,561.5495109558105,1440.4296112060547,470.3584384918213,1443.0792617797852,557.441611289978,1546.3938903808594,471.1950945854187,1558.0879211425781
1143,38.101198113207545,True,65.1,174.9,170.3,172.3,167.2,168.7,105.9,179.0,552.7690315246582,1164.8426055908203,473.58684182167053,1156.1594009399414,568.007218837738,1161.6852951049805,470.36593794822693,1097.1736907958984,532.3768186569214,1113.6792755126953,473.3912444114685,1010.9379959106445,541.1127519607544,1322.094383239746,485.4921805858612,1319.4049072265625,558.9330053329468,1440.4901504516602,469.92244005203247,1443.0254745483398,556.7922806739807,1546.3932037353516,470.92118740081787,1558.3585739135742
1144,38.13453249475891,True,80.2,179.5,172.0,172.7,167.4,169.4,121.4,176.7,551.9326329231262,1164.3547439575195,473.8014614582062,1155.0347900390625,565.5456590652466,1157.442741394043,473.3961045742035,1091.4859771728516,532.1582078933716,1112.6391220092773,473.58108043670654,1005.9030532836914,539.5396041870117,1320.7777404785156,484.188015460968,1318.0426025390625,556.4217495918274,1440.2026748657227,469.0533399581909,1443.0163192749023,556.4434432983398,1546.3848495483398,469.9080526828766,1558.3462142944336
1145,38.16786687631027,True,82.5,178.0,171.5,173.7,166.5,170.0,124.0,177.6,551.7644262313843,1164.470558166504,473.6115610599518,1154.5079040527344,566.307384967804,1156.3929748535156,472.42918968200684,1091.0350799560547,532.5471818447113,1110.846061706543,473.72064113616943,1010.4531097412109,538.3189630508423,1318.472785949707,483.5524606704712,1316.480369567871,556.389434337616,1439.1443252563477,469.1437518596649,1443.0384063720703,556.4042401313782,1546.3924026489258,468.74908089637756,1558.689193725586
1146,38.201201257861634,True,86.3,178.9,171.3,174.4,165.4,170.8,128.2,177.4,551.3585543632507,1164.2451095581055,473.73283982276917,1154.6826553344727,566.7570304870605,1154.395637512207,473.10031056404114,1092.5360870361328,533.837571144104,1109.5098495483398,473.84217739105225,1016.0672378540039,536.3117802143097,1318.2515716552734,482.6409387588501,1316.4680099487305,555.4816460609436,1439.1305923461914,469.15398716926575,1442.9035949707031,556.0587501525879,1546.6457748413086,468.21211338043213,1558.8922119140625
1147,38.234535639413,True,82.6,178.2,171.6,174.9,165.4,171.2,123.5,177.9,550.714373588562,1164.148063659668,473.4896385669708,1154.5952224731445,567.0903539657593,1155.465087890625,472.69601583480835,1093.9659118652344,534.496750831604,1109.4521713256836,474.0481388568878,1017.5665283203125,535.6833386421204,1318.1884002685547,481.61415696144104,1316.5311813354492,554.7680711746216,1438.3600616455078,468.3963167667389,1442.808723449707,556.0337090492249,1546.6498947143555,466.6537392139435,1558.9034271240234
1148,38.26787002096436,True,80.3,177.9,172.2,174.8,165.9,171.2,120.5,178.1,549.8306608200073,1163.9235305786133,473.53270411491394,1154.56787109375,567.1937370300293,1155.7481002807617,472.54454612731934,1093.2488250732422,535.3885424137115,1110.2064514160156,474.1562855243683,1017.8583526611328,535.4747378826141,1318.4526443481445,481.4920735359192,1316.795883178711,553.9756393432617,1437.5264739990234,468.26216340065,1442.1045684814453,555.9222149848938,1546.6559600830078,466.60372138023376,1557.967185974121
1149,38.30120440251572,True,81.8,176.7,172.5,174.7,165.9,171.3,121.6,178.8,549.2753791809082,1163.7880325317383,473.48188161849976,1154.608039855957,567.3966407775879,1154.7961807250977,471.90622329711914,1093.4925842285156,535.5051863193512,1108.5978698730469,474.2435109615326,1018.2489395141602,535.0645208358765,1318.827781677246,481.18655920028687,1317.1649551391602,553.4497761726379,1436.8932723999023,468.1002974510193,1442.0988464355469,556.0433650016785,1545.9348678588867,466.7994153499603,1557.6981353759766
1150,38.334538784067085,True,86.1,177.1,173.1,174.3,166.1,171.2,125.6,178.7,549.5232796669006,1163.767204284668,473.50502371788025,1154.7039413452148,566.9590973854065,1153.5736083984375,472.0362889766693,1095.5545806884766,535.4872584342957,1107.2174835205078,474.0591788291931,1019.0036773681641,535.1766264438629,1319.1095352172852,481.16132497787476,1317.4716567993164,552.9828143119812,1436.9779586791992,467.7447974681854,1442.149772644043,556.2034606933594,1545.801658630371,466.87756419181824,1557.7099227905273
1151,38.36787316561845,True,85.9,177.3,173.8,173.6,166.2,171.1,125.1,178.8,549.7306895256042,1163.7615966796875,473.53936672210693,1154.802474975586,566.5820002555847,1154.1661834716797,472.09274411201477,1097.0610809326172,535.5382740497589,1107.6464080810547,473.8274681568146,1019.8276519775391,534.9674141407013,1319.1783142089844,480.96672534942627,1317.5732803344727,552.2586178779602,1436.9173049926758,467.21693873405457,1442.1636199951172,556.2987971305847,1545.8256912231445,467.3444616794586,1557.6897811889648
1152,38.40120754716981,True,90.1,177.6,173.9,172.8,166.2,171.0,127.3,178.8,549.8898839950562,1163.7763595581055,473.5720360279083,1154.8293685913086,564.1692996025085,1154.9277877807617,472.209677696228,1097.1867370605469,535.4844260215759,1108.4138488769531,473.59089732170105,1018.7148284912109,534.8169422149658,1319.304313659668,480.84853649139404,1317.6682662963867,551.9563221931458,1436.9813919067383,466.8859004974365,1442.1731185913086,556.0533428192139,1546.6929244995117,468.5016632080078,1557.700538635254
1153,38.434541928721174,True,90.1,177.1,174.1,172.4,166.3,171.0,127.3,179.4,549.9735689163208,1164.0473556518555,473.5703945159912,1155.0105285644531,564.1493439674377,1155.3044128417969,471.60788655281067,1097.8840255737305,535.4960453510284,1108.7018966674805,472.84011483192444,1019.3909454345703,534.729620218277,1319.7010803222656,480.795396566391,1317.7317810058594,551.5411806106567,1437.033348083496,466.69703006744385,1442.1873092651367,555.9392094612122,1547.0058059692383,468.8976538181305,1557.890739440918
1154,38.46787631027254,True,89.5,177.2,174.4,172.3,166.5,171.0,126.1,179.8,549.8552513122559,1164.2303466796875,473.524786233902,1155.076789855957,563.8656520843506,1155.9754943847656,471.2121534347534,1098.1776809692383,535.6600999832153,1109.0647888183594,471.7978835105896,1020.6318283081055,534.6515357494354,1319.9078750610352,480.6883442401886,1317.8290557861328,550.9770798683167,1437.037239074707,466.6748535633087,1442.1686553955078,555.5261921882629,1547.32177734375,469.2308807373047,1557.9948806762695
1155,38.5012106918239,True,88.2,177.3,174.6,172.2,166.6,171.1,123.4,179.9,549.7160768508911,1164.2753219604492,473.4919238090515,1155.1129531860352,563.0414199829102,1157.2208404541016,470.9515714645386,1097.984619140625,535.616101026535,1109.1682434082031,471.158047914505,1020.8016586303711,534.6227931976318,1320.1074600219727,480.5755949020386,1317.9701614379883,550.7546710968018,1437.0426177978516,466.602144241333,1442.17529296875,555.5282521247864,1547.3606872558594,469.4305658340454,1557.9953384399414
1156,38.53454507337526,True,82.2,177.9,174.7,172.1,166.6,171.1,116.4,179.8,549.7395086288452,1164.3254470825195,473.4267461299896,1155.135498046875,561.5749382972717,1159.8106384277344,470.745609998703,1098.3219909667969,534.5219850540161,1110.2907943725586,469.9942481517792,1021.3380432128906,534.5557165145874,1320.2327728271484,480.5300188064575,1318.0220031738281,550.6664800643921,1437.198371887207,466.57835841178894,1442.193717956543,555.536298751831,1547.5362396240234,469.5402252674103,1557.9888153076172
1157,38.567879454926626,True,76.3,178.1,174.9,171.9,166.7,171.0,109.5,179.6,549.7556662559509,1164.3321990966797,473.43215346336365,1155.1486587524414,558.989589214325,1162.0465850830078,470.59587836265564,1098.4708786010742,532.555421590805,1111.552734375,469.2691504955292,1021.5544509887695,534.5426487922668,1320.4985046386719,480.51427960395813,1318.20556640625,550.4185152053833,1437.26806640625,466.3516688346863,1442.2453308105469,555.5890846252441,1547.6570892333984,469.62770819664,1557.989730834961
1158,38.60121383647799,True,62.9,163.4,175.1,171.8,166.7,171.0,97.0,170.8,549.7341012954712,1164.3072509765625,473.25432300567627,1155.212173461914,558.7720084190369,1164.0769958496094,461.4206314086914,1098.2807922363281,530.4456925392151,1112.087173461914,467.9212760925293,1021.7812728881836,534.5047652721405,1320.5882263183594,480.4104459285736,1318.2392120361328,550.3120422363281,1437.6751327514648,466.3367986679077,1442.6641845703125,555.6603455543518,1548.2543563842773,469.8122012615204,1558.187255859375
1159,38.63454821802935,True,62.1,165.4,175.5,171.9,166.9,171.2,97.5,171.7,549.760172367096,1164.3158340454102,473.2127380371094,1155.5693435668945,558.9179420471191,1164.0137100219727,462.1933329105377,1097.6043319702148,529.046094417572,1111.750259399414,467.3137879371643,1020.9983825683594,534.416252374649,1320.8002853393555,480.2361559867859,1318.3533096313477,549.9823880195618,1438.2950592041016,466.3404357433319,1443.0490493774414,555.8568120002747,1548.7091445922852,469.8629915714264,1558.450927734375
1160,38.667882599580714,True,65.3,171.0,175.5,172.1,166.7,171.4,100.3,174.5,550.0745701789856,1164.3764877319336,473.2149589061737,1156.098747253418,558.1405091285706,1163.7356185913086,465.1026391983032,1097.0995330810547,529.0407192707062,1111.7855072021484,466.7266094684601,1020.0354766845703,534.2901134490967,1321.3288879394531,479.96904015541077,1318.7227249145508,549.9328851699829,1438.8708114624023,466.31558775901794,1444.464340209961,555.9403038024902,1549.0216827392578,469.64412331581116,1559.4411849975586
1161,38.70121698113208,True,61.5,174.1,175.6,172.2,166.6,171.5,97.6,176.0,550.4958915710449,1164.4413757324219,473.21730852127075,1156.6100692749023,558.0736899375916,1164.2049407958984,466.59239172935486,1097.200927734375,528.925234079361,1114.3260955810547,465.94698786735535,1020.2205276489258,534.3601834774017,1322.0487213134766,479.97422218322754,1319.2753601074219,549.9253535270691,1439.0325164794922,466.42502188682556,1444.651107788086,556.1141109466553,1549.0930938720703,469.61509108543396,1559.4572067260742
1162,38.73455136268344,True,58.9,174.5,175.9,172.4,166.9,171.7,95.6,175.7,551.0500144958496,1164.455909729004,473.45510244369507,1157.3334503173828,557.7247881889343,1164.4767379760742,466.59799218177795,1097.77587890625,528.1372117996216,1115.1765060424805,465.1249122619629,1020.2484512329102,534.9135661125183,1322.9341506958008,480.01757740974426,1320.0,549.9429273605347,1439.7597885131836,466.82384490966797,1444.9223327636719,556.1778402328491,1549.3955612182617,469.9651837348938,1559.7303771972656
1163,38.7678857442348,True,49.8,175.3,176.0,172.6,167.0,171.8,88.1,175.8,551.0834884643555,1164.4396591186523,473.4723222255707,1157.4551010131836,557.8105974197388,1165.3468322753906,466.6905927658081,1098.3152389526367,526.823616027832,1116.7958450317383,464.1923403739929,1020.3530502319336,535.0493288040161,1323.0426406860352,480.0202488899231,1320.0453186035156,549.8714733123779,1439.8297119140625,467.0747709274292,1444.914436340332,556.1615538597107,1549.6442413330078,469.9646043777466,1559.9026107788086
1164,38.801220125786166,True,23.5,175.4,176.2,172.9,167.1,172.0,63.7,175.4,551.1838459968567,1164.10400390625,473.47193598747253,1157.4411392211914,557.6671099662781,1168.172721862793,466.5962219238281,1100.6205368041992,525.1912128925323,1120.6707000732422,463.41802954673767,1020.692138671875,535.1107084751129,1323.03955078125,479.90009665489197,1319.849967956543,549.6958637237549,1439.8033905029297,467.29029178619385,1444.8730087280273,556.1253762245178,1549.837875366211,469.9187707901001,1559.912109375
1165,38.83455450733753,True,2.9,176.1,176.4,173.0,167.1,172.1,43.9,175.7,551.3060259819031,1163.7902069091797,473.4737706184387,1156.7199325561523,558.9808988571167,1173.566780090332,466.81280493736267,1098.540916442871,524.358161687851,1124.5888137817383,463.25735449790955,1020.6945419311523,535.1491713523865,1322.7489852905273,479.78387117385864,1319.3429946899414,549.6030378341675,1439.5454406738281,467.3063850402832,1444.57763671875,556.205005645752,1549.797592163086,469.86247658729553,1559.5146560668945
1166,38.86788888888889,True,2.4,175.9,176.5,173.2,167.2,172.3,39.4,175.3,551.7516803741455,1163.3399963378906,473.83113741874695,1156.0130310058594,560.1107096672058,1175.9523010253906,466.8665564060211,1097.7399444580078,524.5288789272308,1126.9199752807617,463.2707440853119,1020.8134460449219,535.4178321361542,1322.471923828125,479.79623079299927,1319.055290222168,549.612500667572,1438.970603942871,467.52023220062256,1444.1282272338867,556.3358116149902,1549.7249221801758,469.85761642456055,1559.2436599731445
1167,38.901223270440255,True,2.6,175.8,176.8,173.7,167.2,172.6,40.8,174.9,552.004988193512,1163.1207275390625,474.09844636917114,1155.7518768310547,560.9901738166809,1175.9996795654297,466.91699266433716,1098.094711303711,524.5807957649231,1128.4869003295898,463.1015717983246,1022.611198425293,535.546932220459,1322.080078125,479.7986125946045,1318.4696960449219,549.5060276985168,1438.1151580810547,468.01551818847656,1443.2901763916016,556.6175723075867,1549.723777770996,469.8376929759979,1558.7648391723633
1168,38.93455765199162,True,6.0,175.8,177.5,174.1,168.2,172.8,38.4,174.3,552.387170791626,1162.9938125610352,474.62807536125183,1155.3374862670898,562.2789859771729,1178.3343887329102,466.98670864105225,1098.2105255126953,523.7833106517792,1130.4132843017578,462.60197281837463,1024.0619659423828,536.8220973014832,1321.8513107299805,480.1339316368103,1318.3213806152344,549.5087313652039,1438.0694961547852,468.62571001052856,1442.7184295654297,556.8795704841614,1549.8280334472656,469.83537554740906,1558.5321807861328
1169,38.96789203354298,True,4.6,175.3,178.0,174.5,169.1,173.1,39.6,173.0,552.6738882064819,1162.9560470581055,475.58642864227295,1155.183448791504,563.873827457428,1179.3304824829102,467.00528025627136,1099.343376159668,523.8899445533752,1129.9011611938477,461.77069187164307,1024.966049194336,538.2073402404785,1321.8584060668945,480.53674578666687,1318.3829498291016,549.8545432090759,1438.1444549560547,469.19933795928955,1442.7555084228516,557.1629405021667,1549.8397064208984,469.8247218132019,1558.5308074951172
1170,39.001226415094344,True,5.4,174.0,178.0,174.9,169.1,173.4,38.8,170.6,553.5184621810913,1162.9627990722656,477.05764174461365,1155.1883697509766,564.2858791351318,1179.2342376708984,466.94515585899353,1102.2825622558594,523.9440178871155,1129.1737747192383,460.58043479919434,1027.3340606689453,538.8109660148621,1321.7515182495117,481.0462260246277,1318.2793807983398,550.303738117218,1438.073501586914,469.7594153881073,1442.2217559814453,557.3530983924866,1549.9430465698242,469.5973563194275,1558.5328674316406
1171,39.03456079664571,True,6.5,170.1,178.2,175.4,168.9,174.2,38.6,166.4,555.395257472992,1162.9023742675781,479.2172920703888,1155.2983474731445,566.2309098243713,1179.6775817871094,466.1774432659149,1104.6802139282227,524.5404016971588,1128.8573455810547,460.21286487579346,1029.773826599121,539.4954764842987,1321.7115783691406,481.6222035884857,1318.2667922973633,550.4309391975403,1438.0854034423828,470.8065390586853,1441.7960357666016,557.3625612258911,1550.1137924194336,469.97551560401917,1558.5105514526367
1172,39.06789517819706,True,5.1,168.6,178.4,176.0,169.1,174.2,41.1,164.7,556.4313411712646,1162.6088333129883,480.9119117259979,1155.2980041503906,569.0666055679321,1180.4833602905273,466.3443946838379,1104.4688415527344,525.5730736255646,1129.3731307983398,460.30588388442993,1030.0543212890625,540.2590370178223,1321.395034790039,482.8029978275299,1317.930564880371,550.5975365638733,1438.0582809448242,471.7957592010498,1441.340560913086,557.2916865348816,1550.1288986206055,469.5899212360382,1558.3349990844727
1173,39.101229559748425,True,3.1,167.2,178.6,176.8,169.6,174.3,45.0,163.0,557.7262043952942,1162.020149230957,482.53958344459534,1155.2625274658203,573.0753707885742,1180.8477401733398,466.4508354663849,1104.5100402832031,526.5339374542236,1129.5904541015625,460.343542098999,1031.6682815551758,541.5936183929443,1321.289176940918,484.33671712875366,1317.8875350952148,550.9316968917847,1438.0975341796875,473.44135880470276,1441.3169860839844,557.1739482879639,1550.1298141479492,469.58879470825195,1559.0642166137695
1174,39.13456394129979,True,0.1,161.7,179.4,176.9,170.9,173.7,47.7,158.4,558.1940674781799,1162.1894073486328,484.0265357494354,1156.1157989501953,577.297854423523,1183.1087493896484,465.9218180179596,1112.3047256469727,528.8757956027985,1130.353889465332,460.65874457359314,1039.2632675170898,543.3311104774475,1321.303482055664,486.35522961616516,1318.0033493041992,550.9769511222839,1438.810157775879,474.50827717781067,1441.5313339233398,557.1243166923523,1550.1212310791016,469.5750832557678,1559.7382736206055
1175,39.16789832285115,True,1.4,160.8,179.5,177.3,172.8,172.9,47.4,159.2,558.2221341133118,1163.2014083862305,484.7589075565338,1158.1883239746094,579.1563034057617,1185.739517211914,465.9532642364502,1111.9379425048828,531.0208654403687,1131.3875198364258,462.3966872692108,1041.6713333129883,545.608434677124,1321.2685775756836,488.3242392539978,1318.0603408813477,550.99928855896,1439.451026916504,475.82200169563293,1441.490707397461,557.0621967315674,1550.2355575561523,469.48962807655334,1559.959716796875
1176,39.201232704402514,True,0.8,153.3,178.5,177.8,173.7,172.9,44.5,154.5,560.1942014694214,1164.1511535644531,487.0997679233551,1160.225715637207,578.8280010223389,1186.439208984375,466.3670861721039,1118.675308227539,531.9125282764435,1131.9637298583984,466.5630376338959,1049.1232681274414,547.5535941123962,1321.3042831420898,489.97061133384705,1318.1207656860352,551.0135793685913,1440.2143478393555,476.84720635414124,1441.4935684204102,557.1242523193359,1550.361328125,468.7901830673218,1560.0276947021484
1177,39.23456708595388,True,0.5,145.3,177.7,178.0,174.3,172.8,45.6,150.1,562.8634929656982,1164.3943405151367,488.9904034137726,1162.0545959472656,582.2446632385254,1186.8691635131836,466.2597441673279,1123.8669204711914,534.9606227874756,1132.9159927368164,470.8277499675751,1056.7375946044922,549.348828792572,1323.2948684692383,491.3939952850342,1320.1987838745117,551.0492420196533,1441.794204711914,477.84363627433777,1441.655044555664,557.0980525016785,1551.2361145019531,468.78297328948975,1560.1017379760742
1178,39.26790146750524,True,1.8,138.7,176.8,178.5,175.0,172.3,50.7,148.3,565.3604578971863,1165.400390625,490.32858967781067,1161.9485092163086,591.2912607192993,1190.7695388793945,466.2393057346344,1124.7135543823242,546.7515063285828,1144.4411087036133,475.32925844192505,1063.0765914916992,551.2057328224182,1323.7041091918945,493.5282504558563,1320.8362197875977,551.0529112815857,1441.9963073730469,479.60137367248535,1441.3708877563477,557.1109914779663,1551.5462493896484,468.9978504180908,1559.6949005126953
1179,39.3012358490566,True,1.1,129.9,176.3,177.6,174.1,171.9,51.7,143.1,570.0208711624146,1168.4640884399414,493.64248037338257,1162.3814392089844,596.2857699394226,1194.5481491088867,466.13337993621826,1126.563720703125,547.2535514831543,1143.8838958740234,478.48015666007996,1071.144905090332,552.1947598457336,1324.8600769042969,495.45631885528564,1321.541862487793,551.0498857498169,1442.0795059204102,479.8464095592499,1441.3524627685547,557.0775175094604,1551.5428161621094,469.383670091629,1560.142593383789
1180,39.334570230607966,True,1.4,110.3,176.8,175.6,173.5,171.0,49.6,134.6,573.4818863868713,1168.2366943359375,493.95394921302795,1162.5469207763672,597.9064249992371,1194.8024368286133,464.54561948776245,1134.4770812988281,549.854736328125,1144.9682235717773,482.08659052848816,1093.9338684082031,554.0789580345154,1325.1034927368164,496.57222509384155,1321.7346954345703,553.0312871932983,1443.160285949707,479.65415954589844,1440.7079315185547,558.1008553504944,1551.5895080566406,472.0444321632385,1559.684715270996
1181,39.36790461215933,True,4.0,80.1,176.6,174.1,172.5,171.4,50.4,116.9,575.9116458892822,1167.1305084228516,496.2498128414154,1163.082389831543,603.264319896698,1197.008399963379,459.29590344429016,1144.6387481689453,550.2341508865356,1146.5527725219727,485.44254899024963,1109.2686080932617,553.9718413352966,1325.335807800293,497.279394865036,1321.8545150756836,553.2296848297119,1443.1201171875,480.24545788764954,1440.2904510498047,559.022741317749,1551.4719772338867,475.55289030075073,1558.3019256591797
1182,39.40123899371069,True,9.9,54.4,176.8,173.4,170.7,172.7,47.9,97.1,580.6861281394958,1167.439956665039,499.1681635379791,1164.312858581543,606.7015814781189,1200.1844787597656,454.71042037010193,1158.3264541625977,549.1962647438049,1149.0916442871094,489.34892892837524,1121.491928100586,553.9420366287231,1328.0799865722656,497.4699068069458,1323.6871719360352,553.7144780158997,1445.2342987060547,481.33989572525024,1440.369644165039,559.3734455108643,1551.529884338379,478.6600148677826,1557.6648330688477
1183,39.434573375262055,True,15.3,31.6,177.2,172.7,170.0,173.4,44.5,74.3,582.7659559249878,1166.8706130981445,501.1182475090027,1163.89892578125,609.0778470039368,1205.2197647094727,455.6666171550751,1175.6128692626953,548.4594511985779,1153.9432525634766,479.9904441833496,1150.3519821166992,554.064667224884,1329.3957138061523,497.5366938114166,1324.0481185913086,554.1104364395142,1446.05712890625,481.4636528491974,1440.3717041015625,559.2901468276978,1551.3918685913086,480.25810718536377,1555.5975723266602
1184,39.46790775681342,True,23.3,11.5,177.1,171.0,169.8,173.3,40.9,65.6,584.8145627975464,1165.4318618774414,500.2114248275757,1163.477783203125,611.9293141365051,1211.370849609375,456.4829957485199,1182.4153518676758,549.3079519271851,1165.6388854980469,476.6708564758301,1168.312110900879,554.6589589118958,1330.264892578125,497.3601508140564,1324.317626953125,554.3394112586975,1448.3537292480469,481.3584351539612,1442.5048828125,559.26677942276,1551.8873977661133,483.8834023475647,1556.6487121582031
1185,39.50124213836478,True,31.0,10.7,177.5,171.5,169.8,173.2,39.6,47.2,585.1706099510193,1164.7035598754883,499.3357264995575,1163.8359832763672,613.1551051139832,1214.5796585083008,458.75771284103394,1200.362777709961,549.9754357337952,1178.5053634643555,475.6840181350708,1190.079345703125,554.694492816925,1332.4407577514648,497.186279296875,1325.3443908691406,554.4017243385315,1450.6769943237305,481.26792669296265,1445.1646041870117,558.5557150840759,1551.866340637207,483.17562103271484,1561.666488647461
1186,39.53457651991614,True,41.6,15.6,177.7,171.9,168.9,173.2,34.9,39.4,587.4821162223816,1165.7385635375977,498.78211855888367,1165.9803771972656,613.2359576225281,1224.0765380859375,459.5773422718048,1212.7128982543945,549.5767092704773,1194.9433135986328,479.9623453617096,1198.7445831298828,554.5132827758789,1334.4005584716797,497.0801603794098,1326.2975692749023,554.5584082603455,1452.5073623657227,481.1928355693817,1447.6961517333984,558.4841966629028,1551.445198059082,482.5759541988373,1566.9421005249023
1187,39.567910901467506,True,46.8,116.9,177.5,172.9,168.3,173.5,31.7,36.9,588.6304020881653,1168.8123321533203,498.39205026626587,1166.7237854003906,612.4269819259644,1234.2474746704102,459.6919584274292,1217.1855926513672,552.3109531402588,1208.4616470336914,475.76557874679565,1250.702133178711,554.1838216781616,1335.6298828125,496.78542852401733,1327.4974822998047,554.2174243927002,1451.8629455566406,481.59114360809326,1449.5277786254883,558.4729957580566,1548.4580612182617,481.49033546447754,1573.6695098876953
1188,39.60124528301887,True,58.7,137.5,177.5,174.9,168.3,173.3,30.9,34.7,587.9355597496033,1170.856819152832,497.73470520973206,1168.8153076171875,611.3375973701477,1237.8094482421875,459.7858464717865,1222.7905654907227,554.5364570617676,1225.7282638549805,465.5179738998413,1267.1991348266602,553.771641254425,1337.0126724243164,496.707022190094,1329.0134811401367,554.027202129364,1451.8218612670898,481.4544153213501,1451.9245147705078,558.3424472808838,1547.2508239746094,477.13186383247375,1577.0353317260742
1189,39.63457966457023,True,63.4,154.5,177.4,178.0,168.5,171.5,28.3,27.1,587.297945022583,1173.497314453125,490.4177141189575,1175.5348205566406,610.3662729263306,1249.460105895996,457.42544889450073,1245.4709243774414,555.5906295776367,1240.0463104248047,457.77074575424194,1312.8218078613281,553.4172034263611,1342.082290649414,495.4323399066925,1334.5214080810547,553.6471438407898,1451.8957901000977,481.38206005096436,1454.9503326416016,558.1552505493164,1547.365379333496,471.00162148475647,1582.3254776000977
1190,39.667914046121595,True,70.5,168.0,177.2,179.0,168.3,170.3,27.9,23.8,586.9471764564514,1176.0216522216797,483.88996839523315,1181.4228057861328,609.7591710090637,1253.6659240722656,456.5857672691345,1255.8257675170898,555.0294256210327,1250.6901168823242,446.40700936317444,1326.7171096801758,552.4742674827576,1345.546646118164,493.8081765174866,1338.8075637817383,552.9239773750305,1452.7155303955078,481.3534140586853,1456.3317489624023,557.9114699363708,1547.6599502563477,465.3743898868561,1586.308364868164
1191,39.70124842767296,True,86.5,175.2,176.5,177.1,168.4,169.6,30.9,21.4,582.6439046859741,1178.6029815673828,478.24007749557495,1186.1592864990234,609.3623757362366,1252.1388244628906,455.6649434566498,1261.9609451293945,555.799970626831,1267.9590225219727,441.2614166736603,1331.2918853759766,550.0840973854065,1346.8601989746094,491.388555765152,1341.7247772216797,551.2093377113342,1453.564109802246,480.07673621177673,1458.3084869384766,557.937605381012,1548.4602355957031,460.9351944923401,1587.594223022461
1192,39.73458280922432,True,101.5,180.0,176.3,177.4,169.0,167.8,31.7,18.8,576.7207503318787,1182.9357147216797,471.3892436027527,1190.658187866211,606.0252141952515,1255.8678817749023,454.57974314689636,1268.6885833740234,559.052095413208,1286.843032836914,440.1306080818176,1335.6202697753906,547.9078388214111,1349.194450378418,489.38806772232056,1345.2662658691406,550.1390075683594,1457.299461364746,478.2526624202728,1460.6967544555664,557.9333567619324,1549.248046875,459.49442982673645,1592.339744567871
1193,39.767917190775684,True,121.2,179.8,175.8,179.8,168.5,166.0,30.8,17.4,570.8496737480164,1186.2463760375977,465.86974024772644,1191.5483093261719,598.7464928627014,1257.0817565917969,452.9238438606262,1267.4470138549805,561.7311716079712,1305.6788635253906,441.1817228794098,1337.8111267089844,543.6764073371887,1351.8134307861328,487.1620488166809,1349.3378448486328,547.7248907089233,1458.5197448730469,474.41368103027344,1464.5999908447266,557.9628396034241,1549.6346282958984,459.1955780982971,1597.3885345458984
1194,39.80125157232705,True,135.7,178.9,175.6,179.5,166.5,167.0,28.6,14.9,565.2056407928467,1187.4896621704102,460.83242297172546,1190.8766555786133,589.484760761261,1257.531967163086,451.59952998161316,1265.669059753418,561.4080190658569,1317.2886657714844,441.66664481163025,1335.2918243408203,538.0585420131683,1349.9560546875,482.377073764801,1347.0713424682617,545.6685590744019,1458.0561447143555,471.79057717323303,1465.0399017333984,559.1841244697571,1549.280776977539,458.81716132164,1596.5097427368164
1195,39.83458595387841,True,147.8,175.3,175.5,179.9,165.7,168.3,25.8,10.0,559.2955541610718,1186.7241668701172,454.12784457206726,1190.7853317260742,581.1377692222595,1258.1817626953125,451.2673008441925,1267.7373504638672,561.7856311798096,1329.606056213379,443.1237602233887,1335.8735275268555,533.946168422699,1349.9407196044922,475.8108973503113,1348.4669494628906,544.4994163513184,1459.1485977172852,467.72464871406555,1467.9724502563477,560.4616713523865,1549.0496063232422,459.3214273452759,1596.694450378418
1196,39.86792033542977,True,157.0,176.3,176.8,178.1,164.8,168.6,24.2,7.0,552.0748329162598,1185.5608749389648,446.25718116760254,1189.980354309082,573.3118772506714,1257.495460510254,447.7783477306366,1266.9054794311523,564.614245891571,1333.0578231811523,445.01529693603516,1327.9316711425781,529.7407758235931,1349.1708755493164,468.7610864639282,1348.0635452270508,543.9409804344177,1458.6426544189453,461.70693039894104,1472.135124206543,560.6361865997314,1548.263282775879,458.79324674606323,1598.0839920043945
1197,39.901254716981136,True,163.5,174.8,176.6,179.3,162.8,171.5,23.2,2.9,546.8630647659302,1184.7998428344727,441.30049109458923,1188.9686965942383,566.6270613670349,1258.3612060546875,446.8470633029938,1262.676773071289,564.689884185791,1332.6555633544922,445.95224618911743,1321.2176513671875,523.3552300930023,1348.8522720336914,461.32352471351624,1347.949333190918,540.8564829826355,1458.7622451782227,458.4277367591858,1475.2973556518555,560.5987215042114,1548.2786178588867,457.02900767326355,1599.2921447753906
1198,39.9345890985325,True,168.2,175.6,175.7,179.5,161.8,173.0,22.8,2.7,540.9207916259766,1184.3068313598633,436.24444127082825,1187.2443008422852,560.2054667472839,1257.8149795532227,441.83691143989563,1260.2372360229492,564.0093326568604,1332.3114395141602,441.8257427215576,1316.110954284668,517.5518095493317,1348.8044357299805,456.0968542098999,1347.3057174682617,536.7470705509186,1456.01806640625,456.2932884693146,1475.8000946044922,559.8046159744263,1545.402603149414,455.28536796569824,1603.1124114990234
1199,39.96792348008386,True,170.2,174.0,172.3,179.6,162.9,174.2,23.2,0.1,534.8916471004486,1182.8363800048828,432.2110855579376,1184.8804092407227,555.2631640434265,1256.751594543457,441.0475695133209,1258.9766693115234,562.5236678123474,1331.2656784057617,441.8720591068268,1318.6175537109375,512.256098985672,1348.5266876220703,451.2458646297455,1347.8483963012695,529.7872853279114,1455.9234237670898,453.26534271240234,1477.84423828125,556.458957195282,1543.421287536621,456.092187166214,1601.916389465332
1200,40.001257861635224,True,171.1,172.1,168.2,180.0,166.1,175.0,23.9,4.7,527.689014673233,1181.682243347168,427.9506540298462,1182.4652481079102,550.6395721435547,1256.0467529296875,430.86607575416565,1258.6198425292969,561.1002516746521,1328.2523345947266,425.1302468776703,1315.5337142944336,507.8856861591339,1348.4698104858398,447.9450738430023,1348.7707901000977,521.6281020641327,1458.4950256347656,452.13234543800354,1479.8929595947266,550.8675813674927,1543.6357498168945,456.0223424434662,1601.2598419189453
1201,40.03459224318659,True,169.6,176.7,163.5,179.7,170.0,175.6,23.5,3.4,522.6875531673431,1180.8270263671875,422.6862609386444,1181.0993957519531,546.1828351020813,1255.5841827392578,427.65753149986267,1257.4425888061523,555.2721118927002,1328.8976669311523,428.0593800544739,1317.337760925293,505.0031912326813,1348.3292770385742,443.7923061847687,1348.861427307129,512.9933953285217,1464.4650650024414,450.1468563079834,1481.3373184204102,543.552553653717,1546.409912109375,455.3583347797394,1601.978988647461
1202,40.06792662473794,True,168.2,178.8,164.7,178.6,172.9,174.9,23.9,4.6,516.503655910492,1179.7053909301758,418.58537793159485,1179.6544647216797,542.4922013282776,1255.2927017211914,422.6912498474121,1256.8266677856445,551.6899466514587,1328.1889343261719,424.5856833457947,1317.0032501220703,501.8983197212219,1348.290023803711,441.34780526161194,1349.1111373901367,506.26853942871094,1464.8046112060547,447.11240887641907,1479.6724319458008,533.5712277889252,1551.5654754638672,455.4547333717346,1602.260971069336
1203,40.101261006289306,True,165.1,176.4,161.2,179.2,174.3,175.8,25.2,8.4,511.80564880371094,1179.3287658691406,413.6789631843567,1179.052963256836,538.30451130867,1255.0764083862305,412.57094264030457,1253.9200973510742,543.8299369812012,1327.3921966552734,407.7011561393738,1316.7582321166992,494.1773557662964,1347.9473876953125,436.2549340724945,1348.8989639282227,493.6138987541199,1466.4716720581055,443.88847947120667,1479.0729904174805,525.7431793212891,1562.3652648925781,452.74147510528564,1601.8876647949219
1204,40.13459538784067,True,163.5,173.0,161.1,177.4,176.7,175.5,25.0,7.7,506.8411695957184,1178.8411331176758,411.4745092391968,1178.826026916504,532.9735243320465,1255.5421829223633,411.09203696250916,1256.7877578735352,536.0558009147644,1331.0773086547852,402.728887796402,1322.6908493041992,488.4840130805969,1347.7799606323242,433.6420011520386,1348.8091278076172,482.276394367218,1471.3574981689453,440.2230155467987,1478.5717391967773,514.105052947998,1582.367820739746,452.25130677223206,1602.945556640625
1205,40.16792976939203,True,163.0,173.0,159.7,174.9,179.7,174.8,24.9,10.3,502.79725670814514,1178.1099700927734,406.93318605422974,1178.8921737670898,528.5519349575043,1256.6536331176758,403.30978989601135,1264.178352355957,530.1900029182434,1338.5331344604492,389.62743401527405,1346.7287063598633,482.58461236953735,1347.7555847167969,430.25495052337646,1348.633918762207,468.16489577293396,1475.1422882080078,436.205849647522,1479.6810150146484,496.86280488967896,1591.387825012207,452.6482951641083,1600.5195236206055
1206,40.201264150943395,True,160.8,176.5,163.6,173.0,178.3,174.9,25.3,15.9,497.1744990348816,1177.7080535888672,402.90353178977966,1178.5462188720703,523.5715878009796,1256.4754486083984,391.7309832572937,1262.9460525512695,522.6391124725342,1341.3177108764648,375.2680027484894,1347.6208877563477,476.90707325935364,1348.0359649658203,427.9556429386139,1348.5152435302734,456.944260597229,1481.0713577270508,435.809987783432,1484.710578918457,474.15226221084595,1605.4918670654297,456.8468964099884,1600.601921081543
1207,40.23459853249476,True,160.9,175.4,167.7,174.1,178.9,174.8,24.8,18.5,494.27417278289795,1177.796287536621,397.9936730861664,1178.9991760253906,519.48979139328,1257.9836654663086,383.4483325481415,1263.848533630371,517.0621240139008,1344.4929885864258,362.3918545246124,1346.1346435546875,471.9454264640808,1350.596580505371,424.2586040496826,1349.1809463500977,451.6358685493469,1486.7922592163086,432.87387013435364,1486.167984008789,460.44074535369873,1619.5637512207031,452.035528421402,1600.2377700805664
1208,40.26793291404612,True,160.7,173.6,169.4,176.7,177.6,174.3,24.3,20.2,488.9608883857727,1178.4605026245117,391.33010029792786,1181.66015625,514.6857297420502,1260.1485443115234,375.36501288414,1265.7654190063477,511.89177989959717,1346.0528182983398,350.878289937973,1344.939193725586,467.72104382514954,1354.8040008544922,419.9527895450592,1353.1296157836914,445.2640986442566,1492.05322265625,429.0672039985657,1489.6020126342773,448.22638392448425,1621.9715881347656,443.1512153148651,1601.960105895996
1209,40.301267295597484,True,155.3,170.9,175.4,172.8,174.9,174.9,25.4,23.4,483.43916416168213,1178.8628768920898,384.8697853088379,1184.9654388427734,512.4349272251129,1262.8839111328125,365.4909324645996,1269.316062927246,503.9988112449646,1348.0091857910156,335.92195987701416,1342.5308990478516,463.42926263809204,1358.6177444458008,416.6770398616791,1357.1102142333984,434.3757891654968,1501.5143966674805,429.51826572418213,1494.9887466430664,417.36933946609497,1642.6964950561523,453.34288001060486,1602.2456359863281
1210,40.33460167714885,True,150.7,168.7,176.7,172.0,175.6,175.8,27.0,24.2,478.2219886779785,1180.0326919555664,380.52924156188965,1185.1440811157227,508.6660158634186,1263.6496353149414,359.9276876449585,1267.8987121582031,495.1723051071167,1346.0992813110352,325.09255170822144,1341.8096923828125,456.09579205513,1360.1798629760742,411.8329703807831,1359.1028594970703,427.45057225227356,1501.8431854248047,426.39488697052,1498.1855392456055,406.85999393463135,1645.4869079589844,453.3837890625,1606.219711303711
1211,40.36793605870021,True,146.8,168.2,179.7,174.6,178.0,179.2,29.1,25.0,473.4063720703125,1181.169204711914,375.75862169265747,1185.025291442871,504.9551045894623,1264.7346496582031,352.24998235702515,1267.3876190185547,487.11193442344666,1345.085563659668,314.79737520217896,1338.6527252197266,446.672226190567,1362.1052169799805,403.6669635772705,1360.6251525878906,420.84506392478943,1502.9950332641602,427.47828483581543,1497.6727294921875,394.7404217720032,1650.384635925293,457.7270042896271,1608.460922241211
1212,40.40127044025157,True,143.4,166.8,175.6,175.3,176.1,176.4,28.8,26.1,470.52571177482605,1183.472671508789,371.6680383682251,1186.065673828125,501.3750958442688,1269.485092163086,345.399534702301,1266.7187118530273,478.15780878067017,1346.2248229980469,305.1028633117676,1333.1814193725586,441.5453338623047,1364.241714477539,396.7421329021454,1363.0137634277344,409.4974207878113,1503.1030654907227,424.8601698875427,1499.0437316894531,386.14102363586426,1657.2314071655273,458.08414578437805,1611.935920715332
1213,40.434604821802935,True,140.3,163.3,174.2,174.8,176.4,173.4,29.0,25.2,467.3615527153015,1186.538200378418,366.75283670425415,1186.409912109375,497.0487141609192,1276.1653518676758,340.15403509140015,1266.5178680419922,468.73607754707336,1348.6802673339844,295.66828966140747,1329.9108123779297,433.35148572921753,1367.2214126586914,388.3112955093384,1366.0905075073242,398.9786124229431,1502.1923446655273,420.0098240375519,1498.7099075317383,374.9065160751343,1662.546157836914,458.01790595054626,1611.5519714355469
1214,40.4679392033543,True,140.7,162.5,171.7,174.2,177.7,171.3,28.8,25.3,463.8249957561493,1188.7211608886719,361.3617253303528,1186.7865371704102,491.2263035774231,1280.4884719848633,333.8901221752167,1266.1162948608398,461.6749691963196,1351.2749862670898,289.2506539821625,1326.2243270874023,424.74021077156067,1369.5862197875977,380.99749088287354,1367.9438781738281,389.4324803352356,1505.7304000854492,415.3712010383606,1497.6180267333984,372.0544373989105,1664.7605895996094,457.95758843421936,1610.9018325805664
1215,40.50127358490566,True,139.4,164.2,170.7,172.7,179.1,169.9,29.2,25.7,459.4525873661041,1190.807762145996,355.7992208003998,1187.2790908813477,485.6147789955139,1283.0700302124023,326.63615226745605,1265.8399200439453,453.46444845199585,1352.7312469482422,283.96517872810364,1324.134178161621,416.14821553230286,1372.760353088379,372.8706228733063,1370.6742095947266,380.75737953186035,1512.055549621582,408.17635774612427,1498.8435745239258,367.19942450523376,1668.3685684204102,454.89513874053955,1610.5967330932617
1216,40.534607966457024,True,139.0,162.9,170.1,162.1,180.0,173.3,28.9,24.3,453.35408091545105,1191.3615417480469,351.0997974872589,1187.3057556152344,479.599152803421,1284.532470703125,322.929071187973,1265.544776916504,446.58100962638855,1354.5064544677734,279.9126720428467,1322.9291152954102,411.13362193107605,1371.969108581543,365.4619324207306,1370.5678939819336,379.0232992172241,1509.613037109375,391.1951422691345,1500.4022598266602,370.15852332115173,1664.630012512207,450.30308961868286,1606.7017364501953
1217,40.56794234800839,True,138.5,163.7,168.3,148.3,180.0,178.9,28.3,23.4,446.6607356071472,1191.0400772094727,346.1660885810852,1186.281623840332,472.75359749794006,1285.8457946777344,318.2799553871155,1263.7188720703125,437.63567090034485,1357.5896072387695,275.3910791873932,1322.4949264526367,404.65943455696106,1374.8686981201172,357.85861015319824,1372.7006149291992,373.0502235889435,1513.0451202392578,368.63951325416565,1504.5308303833008,369.91767168045044,1668.479347229004,440.6565034389496,1602.3575592041016
1218,40.60127672955975,True,138.8,164.3,169.2,133.7,179.6,175.9,25.2,22.0,440.1897346973419,1190.607032775879,340.0507164001465,1184.0718841552734,463.4979808330536,1286.6754913330078,313.4650468826294,1262.1284866333008,425.32169222831726,1359.854621887207,272.1054482460022,1322.3420333862305,401.3979756832123,1379.7566986083984,350.8060312271118,1377.1528244018555,370.7788860797882,1524.5369338989258,348.57669711112976,1512.3180770874023,367.71563172340393,1677.2253799438477,442.0723557472229,1604.7699737548828
1219,40.63461111111111,True,139.3,164.8,174.7,139.2,176.2,176.3,22.9,19.6,435.11353611946106,1190.2873992919922,334.2928397655487,1181.5966415405273,453.5328447818756,1288.938102722168,308.70257019996643,1261.4005279541016,410.69186210632324,1362.7451705932617,267.8922665119171,1324.3937301635742,393.0850374698639,1382.6422119140625,340.5756461620331,1378.1013107299805,370.0069570541382,1537.104148864746,336.0144317150116,1520.7981491088867,361.94433331489563,1683.1143951416016,421.3463044166565,1626.449317932129
1220,40.667945492662476,True,141.6,166.8,178.6,144.2,172.7,171.8,19.5,19.1,428.69303584098816,1190.0990295410156,329.6843433380127,1179.5832824707031,441.7887604236603,1290.6638717651367,302.95515418052673,1261.3932037353516,396.9879734516144,1365.1511764526367,261.97955667972565,1328.8869094848633,387.57824778556824,1382.354736328125,333.22975158691406,1377.1626663208008,374.2477226257324,1543.0931854248047,314.8984408378601,1523.5075378417969,365.89059233665466,1684.9194717407227,383.2967019081116,1648.443260192871
1221,40.70127987421384,True,140.0,167.3,179.4,139.7,173.3,167.1,18.2,17.9,419.66665148735046,1189.211769104004,324.85292315483093,1177.0872116088867,433.4336256980896,1289.5466995239258,299.60054755210876,1261.3928604125977,386.8957006931305,1363.5015106201172,259.48210895061493,1332.6612854003906,384.39390778541565,1381.4825820922852,329.08100724220276,1376.2102890014648,374.03130054473877,1543.5404205322266,299.27552819252014,1520.2106094360352,366.38648986816406,1685.5643463134766,367.73829102516174,1645.547218322754
1222,40.7346142557652,True,139.4,169.1,179.1,133.6,173.7,165.3,17.1,15.5,411.4188265800476,1187.1481704711914,317.8936529159546,1175.848617553711,425.3211450576782,1288.674201965332,294.9283540248871,1264.4153594970703,377.78398990631104,1362.4760055541992,258.85326504707336,1340.3122329711914,379.83636260032654,1380.9569549560547,321.23799204826355,1376.4636611938477,371.5540015697479,1541.9143295288086,286.222482919693,1519.548454284668,362.03577518463135,1683.6317825317383,365.1048231124878,1642.5374221801758
1223,40.767948637316564,True,135.5,170.0,177.0,133.5,176.1,161.5,16.1,14.5,400.64558386802673,1184.0754318237305,312.71249413490295,1176.0272598266602,416.90884709358215,1288.2994079589844,291.21959924697876,1268.067855834961,364.2610538005829,1361.7790603637695,257.75765240192413,1346.2615585327148,375.7158136367798,1379.637451171875,317.5064814090729,1375.9807205200195,366.2408459186554,1538.7437438964844,273.6492097377777,1518.1333923339844,365.21889209747314,1680.193977355957,345.58953166007996,1645.8677673339844
1224,40.80128301886793,True,134.4,167.9,176.9,134.3,176.1,158.0,14.8,12.1,387.2378432750702,1181.8408584594727,307.8046953678131,1176.15966796875,404.53973293304443,1287.5066757202148,289.571875333786,1271.202621459961,350.1389014720917,1361.6907119750977,256.84954226017,1348.6178970336914,368.1137788295746,1379.296531677246,312.0739781856537,1377.5176620483398,363.7230885028839,1537.5995635986328,259.0240466594696,1517.5336074829102,367.5687325000763,1679.8925399780273,324.4973909854889,1658.166389465332
1225,40.83461740041929,True,127.7,167.2,179.7,145.0,172.2,160.8,16.1,7.9,377.45047330856323,1181.9831085205078,299.9482262134552,1176.3412857055664,396.49983286857605,1287.2539901733398,286.31234765052795,1272.3141860961914,329.8029828071594,1361.2669372558594,256.45514488220215,1350.5004501342773,356.9349217414856,1381.3016510009766,299.40823316574097,1379.5045852661133,362.09853887557983,1538.8983535766602,250.3511506319046,1519.028091430664,367.554634809494,1679.685173034668,289.347825050354,1658.521842956543
1226,40.86795178197065,True,121.3,171.5,179.0,157.9,172.1,162.0,16.7,5.6,362.3022472858429,1183.242416381836,298.6915683746338,1173.3670806884766,385.9843397140503,1288.1241989135742,287.2880172729492,1270.3483200073242,310.50382375717163,1361.1306381225586,266.0800212621689,1348.395881652832,348.42928290367126,1381.117172241211,294.5530915260315,1379.2220306396484,359.15881633758545,1540.2259826660156,244.88536655902863,1522.4650955200195,366.1784362792969,1682.1614456176758,252.70929515361786,1674.5862579345703
1227,40.901286163522016,True,117.9,176.5,179.5,172.4,172.2,162.7,16.8,1.7,348.2393181324005,1184.8701095581055,292.6650309562683,1173.4356307983398,374.89750385284424,1289.428482055664,292.89526104927063,1269.7529983520508,296.66739106178284,1360.4095458984375,288.3110010623932,1348.2503128051758,339.5803427696228,1384.4989013671875,286.96666717529297,1381.937370300293,354.18773889541626,1542.2942733764648,236.01379930973053,1530.746841430664,366.1438035964966,1684.8907470703125,204.11352574825287,1689.9985885620117
1228,40.93462054507338,True,117.4,162.8,179.2,179.4,170.7,164.1,15.5,6.7,341.09742164611816,1187.2978591918945,280.4969537258148,1175.0888442993164,364.5104670524597,1291.9759368896484,290.811892747879,1270.9109115600586,282.88174867630005,1360.469856262207,275.72482109069824,1348.1024551391602,331.13582611083984,1386.1285400390625,278.33836555480957,1383.7663650512695,348.67512345314026,1542.0403289794922,234.12268102169037,1533.5429763793945,366.7666447162628,1684.405632019043,184.68846917152405,1695.149917602539
1229,40.96795492662474,True,114.6,160.7,176.9,173.8,172.6,162.7,14.2,10.3,325.2502977848053,1188.6577606201172,271.8431603908539,1178.4278869628906,351.3512706756592,1295.735092163086,291.7403769493103,1281.643295288086,264.78290498256683,1364.033546447754,280.00385642051697,1361.0313034057617,323.3226156234741,1390.4674530029297,273.99354100227356,1390.129737854004,342.26518034935,1547.127456665039,227.5699746608734,1544.3678283691406,366.7896580696106,1686.895751953125,159.56752717494965,1705.0178146362305
1230,41.001289308176105,True,115.5,152.9,178.4,177.8,169.9,160.1,13.6,13.8,308.43117356300354,1188.7105178833008,266.3047796487808,1185.717430114746,335.4364264011383,1298.0558395385742,292.86729097366333,1291.0194396972656,250.00271558761597,1368.2543563842773,274.4710922241211,1371.2498474121094,309.3961572647095,1397.0862579345703,267.6780331134796,1398.7779235839844,337.8574311733246,1552.4210357666016,213.39938163757324,1551.943244934082,367.1291935443878,1690.1126861572266,147.62700855731964,1716.9954299926758
1231,41.03462368972747,True,120.6,151.9,166.8,177.4,173.4,159.7,11.3,15.9,293.8089394569397,1188.8605499267578,257.72210240364075,1192.877311706543,318.0989706516266,1300.785026550293,286.48834347724915,1298.1499099731445,238.21963727474213,1374.9086380004883,268.5097002983093,1377.2402572631836,297.17568039894104,1397.8119277954102,255.41552066802979,1400.6166458129883,317.46418833732605,1551.9042205810547,197.77410328388214,1551.3439178466797,367.28442907333374,1683.5944747924805,141.12277507781982,1722.5881576538086
1232,41.067958071278824,True,120.6,139.1,162.6,171.0,173.6,161.0,11.8,18.1,279.40383553504944,1188.8510513305664,240.9371441602707,1197.8203582763672,305.7139563560486,1302.4011611938477,272.6291227340698,1306.4484786987305,221.79108023643494,1382.537498474121,236.98092341423035,1384.083480834961,283.9638912677765,1400.3403854370117,234.13008391857147,1405.5548858642578,302.6048684120178,1540.0036239624023,177.48475849628448,1554.1835403442383,365.96619844436646,1675.9379196166992,140.0985199213028,1731.7694091796875
1233,41.10129245283019,True,124.8,143.6,153.2,169.0,177.8,159.8,10.8,18.0,266.0644268989563,1188.860206604004,224.5001381635666,1195.2886962890625,292.6412773132324,1303.4607696533203,258.6158090829849,1301.861572265625,214.3024706840515,1390.1720809936523,230.56809961795807,1384.8112106323242,274.51724767684937,1399.9570083618164,223.65743100643158,1404.785041809082,285.5719292163849,1539.7766876220703,167.55312860012054,1555.6378555297852,365.7163989543915,1671.679801940918,138.5120952129364,1731.7259216308594
1234,41.13462683438155,True,129.8,144.3,144.4,166.1,179.8,161.6,10.3,16.6,250.81994712352753,1188.9539337158203,214.06216621398926,1193.89892578125,276.8448793888092,1303.2672500610352,242.88029193878174,1299.8311614990234,204.47008788585663,1397.9877090454102,210.75936377048492,1385.8860397338867,260.2167338132858,1398.6845397949219,209.1036093235016,1403.7145614624023,267.03348219394684,1540.5134582519531,154.53951179981232,1556.0554504394531,362.22503185272217,1660.6557083129883,136.5690439939499,1733.6114501953125
1235,41.16796121593291,True,134.7,148.1,130.8,162.7,176.7,162.0,11.9,12.8,237.38871037960052,1187.219581604004,202.97204732894897,1193.800163269043,262.7847343683243,1302.4538040161133,224.1750866174698,1300.8082580566406,198.15746068954468,1402.4804306030273,190.39644062519073,1390.1601791381836,239.50078904628754,1397.8800201416016,197.2867351770401,1402.408218383789,232.5824761390686,1540.7873153686523,143.06682407855988,1555.2323913574219,351.2807500362396,1653.9060974121094,135.93260407447815,1735.6250381469727
1236,41.201295597484275,True,142.1,151.2,121.6,160.6,173.7,165.5,11.0,13.5,226.3615643978119,1185.0235748291016,191.89864933490753,1193.1732559204102,248.00308048725128,1301.7089080810547,211.64177298545837,1299.7182083129883,194.0961992740631,1405.5627822875977,181.37166559696198,1391.191291809082,224.61280703544617,1400.679702758789,180.84506213665009,1404.6220779418945,206.97419822216034,1548.775634765625,131.81048601865768,1560.1414489746094,330.7914626598358,1646.8144226074219,137.73342311382294,1736.6297149658203
1237,41.23462997903564,True,148.2,154.4,114.3,158.8,172.7,167.9,11.1,12.2,212.242711186409,1183.4524154663086,186.9231140613556,1192.7042770385742,231.18085026741028,1301.2312316894531,201.34474575519562,1299.4786834716797,185.7784652709961,1410.0936126708984,169.83254492282867,1397.0899200439453,204.64968860149384,1405.2148818969727,169.82649385929108,1407.970848083496,179.86665666103363,1556.410789489746,124.78958666324615,1558.9717483520508,308.57189297676086,1641.9554901123047,138.64129185676575,1732.0817184448242
1238,41.267964360587,True,148.0,156.6,106.6,159.4,168.3,169.9,14.6,12.5,200.21031618118286,1182.6865768432617,169.28572833538055,1193.1413269042969,222.79616832733154,1297.9955291748047,185.10805249214172,1299.502830505371,179.80361938476562,1410.4219436645508,158.22953402996063,1400.0141143798828,186.3377058506012,1408.4631729125977,153.75934302806854,1410.4994201660156,144.39963519573212,1562.677230834961,115.96866488456726,1560.1633071899414,279.7687017917633,1646.590232849121,135.31579792499542,1731.6365432739258
1239,41.301298742138364,True,149.8,157.5,124.2,166.6,175.2,178.0,16.9,13.8,185.78292310237885,1182.8235626220703,156.38321936130524,1192.8683853149414,210.95092177391052,1297.503662109375,172.05441176891327,1299.0699005126953,173.6696755886078,1413.793716430664,145.4157793521881,1405.074806213379,167.53983557224274,1412.3044967651367,135.6817102432251,1412.0282363891602,141.74122273921967,1569.7088241577148,115.40910243988037,1568.6802291870117,257.34878718852997,1679.4200134277344,132.9350745677948,1733.3253479003906
1240,41.33463312368973,True,151.8,152.2,127.5,162.0,169.8,175.1,17.1,17.6,171.3935101032257,1182.7649688720703,147.65933990478516,1190.9392547607422,197.3115509748459,1296.9633865356445,172.63730943202972,1295.4846954345703,165.67456305027008,1411.9636917114258,145.4861068725586,1401.3401412963867,154.08988237380981,1412.5982666015625,131.5044406056404,1411.5729904174805,113.76302003860474,1567.9863739013672,106.98573231697083,1565.679817199707,216.06421530246735,1699.145393371582,133.32313925027847,1733.1026458740234
1241,41.36796750524109,True,152.9,149.7,128.8,153.1,165.6,172.9,18.4,18.6,161.3694566488266,1182.2520446777344,132.0930352807045,1189.7628021240234,188.05538713932037,1294.870262145996,160.88757634162903,1297.745361328125,159.9009472131729,1409.3782424926758,132.67104864120483,1400.3085708618164,140.37860691547394,1416.7451477050781,117.70048409700394,1414.9269104003906,86.04148060083389,1569.7056198120117,89.47153240442276,1563.6536407470703,175.44585585594177,1714.5031356811523,134.90559697151184,1720.7731246948242
1242,41.40130188679245,True,152.6,148.9,131.4,146.8,160.8,171.3,19.1,16.3,145.57305872440338,1182.2401428222656,113.90694200992584,1189.4078063964844,175.34939289093018,1294.3454360961914,141.75548136234283,1302.4324035644531,150.07831692695618,1408.1315231323242,111.79537028074265,1398.6743545532227,128.34631651639938,1416.6707611083984,104.15690034627914,1414.53369140625,62.885372042655945,1567.8094482421875,75.36620557308197,1560.336685180664,136.15864992141724,1723.417854309082,138.26153934001923,1715.5421447753906
1243,41.434636268343816,True,149.5,152.1,134.5,166.1,161.1,179.4,23.0,7.0,127.39354759454727,1183.733253479004,99.68222737312317,1191.800880432129,163.8755303621292,1295.1133346557617,113.6353924870491,1307.670021057129,138.77142190933228,1409.6213150024414,76.02779120206833,1405.2962493896484,107.4951320886612,1417.5837707519531,99.02147054672241,1416.972885131836,40.25584280490875,1570.132713317871,96.93929314613342,1576.9131088256836,108.67630451917648,1741.9292449951172,133.86836260557175,1734.4291305541992
1244,41.46797064989518,True,144.8,158.0,136.7,175.0,160.7,175.3,26.5,0.9,115.21647423505783,1187.0006561279297,79.86761748790741,1196.3210678100586,157.497838139534,1296.006088256836,80.30355155467987,1311.2540817260742,128.65982115268707,1411.640968322754,43.10093700885773,1404.385643005371,93.38561296463013,1423.3761978149414,84.36595559120178,1426.2372207641602,26.04712687432766,1570.664291381836,100.36605387926102,1582.0854949951172,82.72815316915512,1737.9083633422852,130.37057429552078,1737.9767990112305
1245,41.50130503144654,True,142.7,145.3,158.2,178.6,171.4,168.8,29.1,9.6,97.11032420396805,1191.8561553955078,69.97523099184036,1198.0167388916016,143.79847168922424,1301.887321472168,86.81387633085251,1310.994987487793,114.61642920970917,1416.5327453613281,40.98801746964455,1403.9495086669922,71.13355904817581,1433.3840560913086,65.4203251004219,1434.3763732910156,31.80647201836109,1583.148536682129,92.80779272317886,1587.6972198486328,52.78107762336731,1752.084617614746,123.36648434400558,1737.6695251464844
1246,41.534639412997905,True,144.1,149.8,146.9,178.4,167.3,163.6,28.1,18.3,83.60355377197266,1195.143699645996,56.55008152127266,1199.875831604004,130.3260362148285,1312.3234176635742,88.77075165510178,1311.8547821044922,100.74710190296173,1429.497184753418,61.85869887471199,1418.572998046875,56.237188428640366,1439.681739807129,47.22492590546608,1441.9255828857422,2.3541976511478424,1595.1771926879883,85.8184602856636,1594.1843032836914,42.49869927763939,1756.238021850586,126.45164966583252,1737.611961364746
1247,41.56797379454927,True,149.3,166.9,140.1,167.5,174.0,165.8,23.3,4.3,74.60773855447769,1198.3460998535156,19.204480424523354,1201.2756729125977,113.10923963785172,1319.330062866211,26.68385848402977,1317.2365951538086,86.01405769586563,1436.0955047607422,10.417419858276844,1415.3221893310547,51.01736560463905,1435.9366607666016,16.754925213754177,1436.539192199707,19.575122147798538,1588.7413787841797,54.97401684522629,1593.9507293701172,103.87398898601532,1745.4668426513672,119.43135380744934,1724.9910736083984
1248,41.60130817610063,True,153.2,164.6,150.6,167.0,175.2,177.5,18.8,7.2,63.114519864320755,1205.393943786621,-34.149627685546875,1219.5636749267578,93.44935834407806,1330.832176208496,1.1377781024202704,1331.3297653198242,67.57124483585358,1441.2035751342773,4.570600334554911,1421.913185119629,41.58375754952431,1443.0262756347656,6.6880702413618565,1443.3354949951172,40.55967539548874,1600.7696914672852,39.9040724337101,1588.7570571899414,116.76585227251053,1738.0214309692383,103.32678616046906,1719.5454025268555
1249,41.63464255765199,True,148.7,166.8,152.8,159.7,174.8,170.1,18.3,12.6,41.93015679717064,1210.9584045410156,-39.456985741853714,1223.8904571533203,76.21000707149506,1329.3186950683594,-5.608027316629887,1329.8102188110352,46.033562421798706,1440.926170349121,1.8247754825279117,1423.0912399291992,32.85467594861984,1448.188247680664,-19.789747819304466,1441.8914794921875,40.68523898720741,1595.2062606811523,17.262085005640984,1579.779396057129,123.03287923336029,1736.4538192749023,85.8103895187378,1676.5084075927734
1250,41.667976939203356,True,151.9,161.4,154.7,126.5,174.1,174.3,15.4,20.8,21.955314427614212,1214.9795150756836,-78.07486116886139,1227.1012115478516,57.407968640327454,1337.1636199951172,-12.355691380798817,1353.45703125,32.24019929766655,1455.9910583496094,1.8415852636098862,1444.1801834106445,25.119376927614212,1460.782127380371,-51.31637826561928,1457.1429061889648,41.80998042225838,1604.150047302246,-49.37264308333397,1575.0413131713867,124.09935504198074,1736.3591766357422,64.51750159263611,1656.412467956543
1251,41.70131132075472,False,,,,,,,,,,,,,,,,,,,,,,,,,,,,,,,,
1252,41.73464570230608,False,,,,,,,,,,,,,,,,,,,,,,,,,,,,,,,,
1253,41.767980083857445,False,,,,,,,,,,,,,,,,,,,,,,,,,,,,,,,,
1254,41.80131446540881,False,,,,,,,,,,,,,,,,,,,,,,,,,,,,,,,,
1255,41.83464884696017,False,,,,,,,,,,,,,,,,,,,,,,,,,,,,,,,,
1256,41.867983228511534,False,,,,,,,,,,,,,,,,,,,,,,,,,,,,,,,,
1257,41.9013176100629,False,,,,,,,,,,,,,,,,,,,,,,,,,,,,,,,,
1258,41.93465199161426,False,,,,,,,,,,,,,,,,,,,,,,,,,,,,,,,,
1259,41.96798637316562,False,,,,,,,,,,,,,,,,,,,,,,,,,,,,,,,,
1260,42.001320754716986,False,,,,,,,,,,,,,,,,,,,,,,,,,,,,,,,,
1261,42.03465513626834,False,,,,,,,,,,,,,,,,,,,,,,,,,,,,,,,,
1262,42.067989517819704,False,,,,,,,,,,,,,,,,,,,,,,,,,,,,,,,,
1263,42.10132389937107,False,,,,,,,,,,,,,,,,,,,,,,,,,,,,,,,,
1264,42.13465828092243,False,,,,,,,,,,,,,,,,,,,,,,,,,,,,,,,,
1265,42.16799266247379,False,,,,,,,,,,,,,,,,,,,,,,,,,,,,,,,,
1266,42.201327044025156,False,,,,,,,,,,,,,,,,,,,,,,,,,,,,,,,,
1267,42.23466142557652,False,,,,,,,,,,,,,,,,,,,,,,,,,,,,,,,,
1268,42.26799580712788,False,,,,,,,,,,,,,,,,,,,,,,,,,,,,,,,,
1269,42.301330188679245,False,,,,,,,,,,,,,,,,,,,,,,,,,,,,,,,,
1270,42.33466457023061,False,,,,,,,,,,,,,,,,,,,,,,,,,,,,,,,,
1271,42.36799895178197,False,,,,,,,,,,,,,,,,,,,,,,,,,,,,,,,,
1272,42.40133333333333,False,,,,,,,,,,,,,,,,,,,,,,,,,,,,,,,,
1273,42.4346677148847,False,,,,,,,,,,,,,,,,,,,,,,,,,,,,,,,,
1274,42.46800209643606,False,,,,,,,,,,,,,,,,,,,,,,,,,,,,,,,,
1275,42.50133647798742,False,,,,,,,,,,,,,,,,,,,,,,,,,,,,,,,,
1276,42.534670859538785,False,,,,,,,,,,,,,,,,,,,,,,,,,,,,,,,,
1277,42.56800524109015,False,,,,,,,,,,,,,,,,,,,,,,,,,,,,,,,,
1278,42.60133962264151,False,,,,,,,,,,,,,,,,,,,,,,,,,,,,,,,,
1279,42.634674004192874,False,,,,,,,,,,,,,,,,,,,,,,,,,,,,,,,,
1280,42.66800838574424,False,,,,,,,,,,,,,,,,,,,,,,,,,,,,,,,,
1281,42.7013427672956,False,,,,,,,,,,,,,,,,,,,,,,,,,,,,,,,,
1282,42.73467714884696,False,,,,,,,,,,,,,,,,,,,,,,,,,,,,,,,,
1283,42.768011530398326,False,,,,,,,,,,,,,,,,,,,,,,,,,,,,,,,,
1284,42.80134591194969,False,,,,,,,,,,,,,,,,,,,,,,,,,,,,,,,,
1285,42.83468029350105,False,,,,,,,,,,,,,,,,,,,,,,,,,,,,,,,,
1286,42.868014675052414,False,,,,,,,,,,,,,,,,,,,,,,,,,,,,,,,,
1287,42.90134905660378,False,,,,,,,,,,,,,,,,,,,,,,,,,,,,,,,,
1288,42.93468343815514,False,,,,,,,,,,,,,,,,,,,,,,,,,,,,,,,,
1289,42.9680178197065,False,,,,,,,,,,,,,,,,,,,,,,,,,,,,,,,,
1290,43.001352201257866,False,,,,,,,,,,,,,,,,,,,,,,,,,,,,,,,,
1291,43.03468658280922,False,,,,,,,,,,,,,,,,,,,,,,,,,,,,,,,,
1292,43.068020964360585,True,96.0,106.0,170.0,177.3,175.8,175.1,12.0,22.5,-23.956514596939087,1197.081527709961,98.97657036781311,1184.106788635254,13.703824281692505,1295.6611633300781,132.5805240869522,1289.1182327270508,60.91219827532768,1283.0974960327148,92.89303064346313,1315.6007766723633,12.268523275852203,1427.643928527832,78.14918786287308,1432.1656036376953,49.266773611307144,1586.7436981201172,78.32653552293777,1610.2008819580078,57.839810997247696,1745.0129699707031,70.33028841018677,1783.6065673828125
1293,43.10135534591195,True,72.1,84.2,167.5,176.5,173.1,175.1,13.8,20.3,-22.375394627451897,1193.1840133666992,105.07679879665375,1183.6471939086914,19.393312633037567,1295.650291442871,134.02223020792007,1290.2558898925781,50.17982438206673,1269.744987487793,101.31409138441086,1295.657730102539,12.392743080854416,1428.6597061157227,82.93554693460464,1432.2904586791992,55.50854220986366,1586.6276550292969,82.2754418849945,1611.0707473754883,63.061106353998184,1745.2911758422852,70.92824131250381,1785.893898010254
1294,43.13468972746331,True,52.7,37.9,162.7,175.7,175.6,173.7,1.6,17.8,-8.543646074831486,1192.3308563232422,124.73894119262695,1183.9837646484375,-2.651930144056678,1285.7524108886719,144.73324835300446,1290.2594375610352,32.85121589899063,1255.0320053100586,117.95409768819809,1266.6398620605469,12.996661551296711,1429.4634246826172,93.2557886838913,1434.2731475830078,32.88384698331356,1547.1289443969727,90.41388899087906,1611.8708038330078,17.137010246515274,1663.7615203857422,74.37350928783417,1786.4411544799805
1295,43.168024109014674,True,51.6,43.1,168.5,178.6,177.0,175.1,4.1,17.9,7.151341717690229,1191.3288116455078,143.11135411262512,1184.0456771850586,5.193466600030661,1286.2115478515625,161.11933529376984,1294.0850830078125,39.98038664460182,1259.8053359985352,133.0824163556099,1272.4543762207031,19.535432159900665,1431.4622497558594,104.77544456720352,1437.784652709961,19.494044333696365,1555.5480194091797,93.47292691469193,1613.239517211914,-5.9240807220339775,1679.7224807739258,78.03194046020508,1787.5038528442383
1296,43.20135849056604,True,43.7,51.2,170.9,178.8,179.3,177.6,15.5,16.6,20.77902428805828,1191.4693450927734,156.28508269786835,1182.7873992919922,0.6034189509227872,1279.434471130371,172.2292971611023,1293.6827087402344,36.985512524843216,1255.480842590332,132.62344479560852,1270.2876663208008,31.40974313020706,1431.7369079589844,118.44878017902374,1438.627052307129,35.7513128221035,1569.83642578125,99.89197880029678,1615.3135299682617,18.565155789256096,1704.8469543457031,77.82941490411758,1791.2446975708008
1297,43.2346928721174,True,40.5,60.0,178.5,176.5,178.8,176.0,28.3,12.8,37.99332037568092,1191.3090133666992,173.07903707027435,1182.5066757202148,-6.672471351921558,1278.9748764038086,178.26811373233795,1293.1376266479492,34.71387729048729,1261.8196105957031,142.9255735874176,1274.9078750610352,43.64022195339203,1431.6217803955078,127.55835860967636,1438.4266662597656,50.100862830877304,1576.4814376831055,108.52765917778015,1617.0048522949219,53.282696306705475,1750.0333786010742,78.18493902683258,1796.8559646606445
1298,43.26802725366876,True,68.2,76.3,177.9,179.8,176.5,178.2,28.8,18.1,53.12996327877045,1190.1512145996094,182.71397173404694,1180.4129791259766,1.9944873964414,1287.085304260254,199.1528284549713,1295.497055053711,75.01859933137894,1294.7807693481445,168.99423122406006,1292.578468322754,57.21887290477753,1430.050277709961,137.5786542892456,1437.3243713378906,49.962147027254105,1593.0266189575195,111.47047966718674,1619.1865539550781,34.32095244526863,1785.3179168701172,86.51433259248734,1797.2594833374023
1299,43.301361635220125,True,140.9,136.7,175.4,179.5,176.7,175.9,30.7,19.6,65.02654328942299,1189.383430480957,197.34611928462982,1179.2914581298828,3.6413408908993006,1295.592269897461,212.3163217306137,1297.5138473510742,20.695964992046356,1401.8559265136719,196.97396278381348,1318.5502624511719,67.56067961454391,1421.7512512207031,141.81623339653015,1432.4468994140625,59.43404093384743,1597.2274017333984,114.68869596719742,1618.004264831543,34.76520672440529,1792.199478149414,86.88640058040619,1796.8445205688477
1300,43.33469601677149,True,149.0,177.4,172.0,178.6,179.3,177.1,29.6,17.5,81.21208816766739,1186.0824966430664,208.10352623462677,1177.851333618164,22.5117427110672,1297.1833419799805,218.70037078857422,1300.1905059814453,27.98677235841751,1398.064842224121,221.6857498884201,1372.1369934082031,88.15273851156235,1417.3620986938477,152.4973100423813,1428.5503005981445,95.57310461997986,1596.3591384887695,120.78121572732925,1616.275749206543,77.73720055818558,1775.969009399414,85.89923232793808,1796.6643905639648
1301,43.36803039832285,True,137.5,166.4,166.8,175.0,172.7,175.8,27.4,19.2,92.3857069015503,1184.7050857543945,218.56964528560638,1177.7375793457031,35.730383545160294,1298.0982971191406,231.4019876718521,1301.7749404907227,59.91961866617203,1382.8718948364258,223.29512357711792,1362.1825790405273,95.89214533567429,1412.6059341430664,160.26829183101654,1425.142707824707,119.26276087760925,1576.1456680297852,129.9653461575508,1616.2116622924805,102.2103488445282,1767.2236633300781,84.78603780269623,1797.158317565918
1302,43.401364779874214,True,121.0,169.7,168.0,174.1,172.2,177.3,26.8,18.7,104.91553634405136,1184.5587158203125,229.96976852416992,1180.0801849365234,49.960702657699585,1297.9237747192383,241.99402034282684,1305.7978820800781,90.79057574272156,1360.5602645874023,237.659849524498,1357.1538162231445,108.70976239442825,1409.8506546020508,172.9371428489685,1423.4017181396484,134.6162885427475,1577.0440292358398,137.42721676826477,1615.7659149169922,124.28977847099304,1759.5604705810547,84.28677678108215,1796.854019165039
1303,43.43469916142558,True,112.8,171.1,167.3,173.8,171.2,176.5,26.9,21.2,119.45748925209045,1184.7465133666992,240.39917886257172,1185.1784133911133,65.20842120051384,1297.3336029052734,254.49348986148834,1307.6795196533203,115.25421291589737,1354.0410232543945,252.87259340286255,1347.169418334961,123.94123077392578,1408.1001663208008,178.6030626296997,1421.9746398925781,152.43581771850586,1570.6147384643555,141.61527693271637,1610.5905532836914,145.00496685504913,1723.0727005004883,84.89623636007309,1792.4798583984375
1304,43.46803354297694,True,105.7,164.9,167.0,174.2,170.1,176.8,30.1,23.8,134.49438214302063,1186.794204711914,248.13451409339905,1188.6086654663086,79.38855350017548,1295.8874130249023,265.52279233932495,1307.219581604004,132.18241721391678,1344.2604446411133,280.71372985839844,1342.2823333740234,146.6479593515396,1399.4263458251953,185.6999784708023,1414.1516876220703,180.1414006948471,1542.861213684082,144.68575716018677,1602.5220108032227,180.50732910633087,1680.395851135254,84.65320408344269,1785.8722686767578
1305,43.5013679245283,True,94.5,169.2,170.2,173.6,179.4,177.3,28.5,28.4,144.6486783027649,1193.2722473144531,258.6546581983566,1193.9948272705078,94.10242259502411,1295.819435119629,284.06405568122864,1308.5725021362305,146.7603063583374,1327.1391677856445,297.62455344200134,1340.1294708251953,152.71901071071625,1401.280632019043,195.79130172729492,1415.0737380981445,160.09123384952545,1552.2661972045898,152.4080729484558,1599.7795486450195,142.32392728328705,1697.5733184814453,87.0938989520073,1783.1158447265625
1306,43.534702306079666,True,89.6,174.0,179.0,170.7,168.9,178.4,28.1,27.4,153.87342810630798,1197.6386260986328,266.0477542877197,1195.2989959716797,107.33956664800644,1297.4541091918945,291.24985456466675,1308.1612014770508,162.5593113899231,1322.7270126342773,303.1822621822357,1343.723487854004,164.90160405635834,1403.063850402832,207.5661563873291,1415.7983779907227,197.52148747444153,1532.560157775879,165.518941283226,1594.3449783325195,227.18766331672668,1642.375831604004,90.48540741205215,1775.4571151733398
1307,43.56803668763103,True,80.8,162.4,179.6,169.3,167.6,177.4,28.7,24.7,166.7095685005188,1200.1752090454102,272.1512174606323,1194.5170211791992,127.32314765453339,1298.5721969604492,296.4794862270355,1306.1156845092773,182.38961219787598,1310.9421157836914,321.58312797546387,1349.7357559204102,191.3545525074005,1404.1473770141602,223.42840790748596,1415.958251953125,234.67086553573608,1528.0137634277344,177.28357672691345,1587.798728942871,276.024831533432,1648.9870834350586,91.43787860870361,1765.62744140625
1308,43.60137106918239,True,80.1,157.5,173.1,163.4,170.3,176.7,32.8,25.4,183.10502171516418,1200.3437805175781,278.70973348617554,1192.9230880737305,139.9744087457657,1298.338394165039,307.3336458206177,1298.0006790161133,201.00136399269104,1313.4218215942383,357.1719753742218,1362.3151016235352,215.20021677017212,1402.9365921020508,238.6670458316803,1415.55908203125,258.17493438720703,1529.7129821777344,199.53737676143646,1579.200325012207,285.47733306884766,1660.4564666748047,95.61847150325775,1758.5712432861328
1309,43.634705450733755,True,81.1,159.0,169.4,152.3,169.8,176.4,32.7,24.7,190.50441026687622,1199.959945678711,289.7250831127167,1188.237075805664,147.80142724514008,1297.9325866699219,315.62167167663574,1289.8384094238281,212.32815027236938,1314.8542785644531,363.93783688545227,1358.1634140014648,220.42503654956818,1385.6842803955078,250.79287827014923,1400.7371520996094,267.59545862674713,1520.343360900879,231.47812485694885,1563.3203887939453,289.23530101776123,1662.2430038452148,113.70891451835632,1734.9113845825195
1310,43.66803983228512,True,88.6,162.0,166.3,148.8,165.9,176.7,26.3,24.9,196.75219774246216,1199.5549392700195,304.2469596862793,1185.7238388061523,163.0044025182724,1298.4021377563477,333.77856373786926,1288.3257293701172,218.13401699066162,1315.7622528076172,385.59192180633545,1365.065689086914,221.4102816581726,1387.0466995239258,271.1822748184204,1397.9608154296875,269.57690834999084,1508.9418411254883,255.51367342472076,1557.8050231933594,290.6337082386017,1662.2910690307617,140.63170552253723,1711.54541015625
1311,43.70137421383648,True,88.4,160.6,159.4,146.2,164.5,176.5,19.0,21.7,205.89762389659882,1198.1150436401367,311.07693672180176,1182.7569580078125,186.8519014120102,1298.555030822754,337.8452968597412,1283.968276977539,227.53637194633484,1305.072898864746,394.8492121696472,1367.772445678711,233.58920574188232,1387.7039337158203,284.8192799091339,1399.4766998291016,283.18549275398254,1499.9544525146484,275.42680621147156,1558.575210571289,291.8167555332184,1653.1110763549805,172.65058636665344,1694.183349609375
1312,43.73470859538784,True,77.5,167.2,156.1,142.2,166.9,171.9,17.8,24.0,221.95611655712128,1191.244125366211,317.29955434799194,1180.1645278930664,201.62956416606903,1297.6448822021484,348.8247263431549,1284.777946472168,230.9175807237625,1296.7956161499023,398.0675411224365,1371.4274597167969,245.4331648349762,1382.5624465942383,290.0768172740936,1394.9902725219727,292.45800733566284,1510.7977294921875,292.47764110565186,1555.0366973876953,282.7183699607849,1660.342140197754,195.69173276424408,1683.892936706543
1313,43.768042976939206,True,58.6,170.6,167.2,138.2,173.0,166.9,11.9,22.4,234.00360703468323,1182.2482681274414,332.4592065811157,1173.0500793457031,223.0299550294876,1290.816307067871,362.3711907863617,1284.0848922729492,256.99018120765686,1274.556655883789,404.3416893482208,1376.4900970458984,255.2661108970642,1381.5799713134766,304.5552098751068,1391.2846755981445,285.8609640598297,1513.6418151855469,319.7914981842041,1542.2308731079102,286.4365231990814,1660.913429260254,223.6676824092865,1674.3435287475586
1314,43.80137735849057,True,114.0,169.4,167.1,135.0,173.1,155.2,12.1,20.2,248.6401480436325,1174.1325759887695,345.5103850364685,1164.4401168823242,236.96932017803192,1253.6470413208008,367.4027144908905,1275.7182312011719,251.86396479606628,1263.0768585205078,407.4580192565918,1376.4645767211914,261.96533024311066,1377.3072052001953,311.1397647857666,1380.5377578735352,286.6305112838745,1508.4809875488281,350.37315487861633,1519.7620010375977,280.7395112514496,1656.2157440185547,273.55181336402893,1656.7498397827148
1315,43.83471174004193,True,163.1,166.6,173.4,132.6,176.3,153.4,4.1,16.1,256.5708553791046,1175.3190994262695,352.2550678253174,1162.2571563720703,255.83114504814148,1265.174217224121,368.83018612861633,1272.960319519043,273.298956155777,1324.4594192504883,409.92427825927734,1375.1969146728516,269.37715888023376,1378.9606475830078,323.30652236938477,1380.0235748291016,286.5225899219513,1511.9677734375,369.30822014808655,1513.6869049072266,288.4632432460785,1655.5062103271484,294.952107667923,1650.9758377075195
1316,43.868046121593295,True,171.2,165.6,175.9,139.5,179.7,150.8,3.0,12.9,267.41885125637054,1174.7436904907227,362.44097113609314,1163.6321640014648,268.2965451478958,1263.1149673461914,373.3065891265869,1272.4464797973633,280.5523467063904,1337.4113845825195,410.57756781578064,1374.3121719360352,280.2009665966034,1380.4825973510742,334.82040882110596,1382.4411392211914,289.11704778671265,1512.5522232055664,387.3218822479248,1512.5525665283203,288.4732210636139,1656.8139266967773,334.9748396873474,1669.1115188598633
1317,43.90138050314466,True,167.0,162.9,177.4,144.2,177.6,151.4,4.7,9.6,275.6646001338959,1176.1808395385742,371.6771471500397,1165.2836608886719,273.91101479530334,1264.8217391967773,377.9235506057739,1274.2475509643555,292.5560796260834,1353.3943176269531,415.5988562107086,1375.5564880371094,288.50354075431824,1381.3921737670898,347.41090178489685,1383.5492706298828,291.32018208503723,1516.3688278198242,400.7227027416229,1513.9023971557617,287.77889370918274,1663.249168395996,361.96335554122925,1674.8681259155273
1318,43.93471488469602,True,164.0,161.4,180.0,146.4,177.2,150.9,6.4,7.0,285.6558072566986,1176.8994140625,380.37242889404297,1165.3752136230469,280.8939743041992,1266.727409362793,381.19463324546814,1275.1182174682617,301.98981642723083,1358.1377792358398,416.19205355644226,1376.334342956543,297.75983333587646,1381.6072082519531,355.13341069221497,1383.6023712158203,299.0234434604645,1516.680679321289,407.491010427475,1510.0796127319336,300.41908264160156,1664.0350341796875,378.1955909729004,1659.481430053711
1319,43.968049266247384,True,162.7,161.3,179.0,162.0,176.1,150.7,7.0,4.5,300.093709230423,1176.7102432250977,386.7961800098419,1166.2668228149414,292.10527539253235,1265.8495330810547,382.99524307250977,1275.776023864746,312.31019496917725,1359.6328353881836,412.8754913806915,1375.6004333496094,306.75084471702576,1382.1706008911133,362.1921694278717,1381.9272994995117,301.93461656570435,1517.992057800293,414.38716292381287,1506.0102081298828,299.3655860424042,1664.267349243164,425.77342987060547,1641.529197692871
1320,44.00138364779875,True,161.6,160.0,178.8,176.5,175.3,152.0,6.2,2.7,312.99795627593994,1176.873664855957,394.99775290489197,1168.7630081176758,303.75675916671753,1266.976318359375,385.74886322021484,1276.1456680297852,323.7509858608246,1356.493034362793,412.35957384109497,1375.037612915039,314.2851912975311,1382.1557235717773,366.90585136413574,1379.6912384033203,304.0477252006531,1518.0767440795898,414.5677936077118,1507.9156494140625,295.95771074295044,1667.332534790039,453.3207678794861,1635.5543518066406
1321,44.0347180293501,True,160.6,156.8,178.9,171.4,173.7,152.0,0.6,0.3,334.9837553501129,1175.0677871704102,400.5617380142212,1169.7298049926758,333.6375868320465,1268.8431930541992,383.96441102027893,1275.9250259399414,362.0782935619354,1353.6261749267578,409.0355122089386,1374.4536209106445,330.041002035141,1380.0154495239258,369.17895913124084,1376.5157318115234,311.5589940547943,1517.658576965332,413.09876918792725,1501.3100051879883,293.8309872150421,1670.9414291381836,475.45716762542725,1618.6167526245117
1322,44.068052410901466,True,177.1,157.6,177.9,174.9,172.6,153.5,7.3,3.4,356.4270508289337,1173.7703704833984,404.2857813835144,1171.337013244629,363.01350474357605,1264.661521911621,385.8426868915558,1275.9700012207031,373.5484707355499,1350.0304412841797,407.1521186828613,1372.5497817993164,345.33310174942017,1375.3626251220703,381.0336685180664,1372.9007720947266,319.26042079925537,1514.970703125,427.5350296497345,1501.0457611083984,295.9719693660736,1670.8908462524414,482.7482807636261,1619.4378662109375
1323,44.10138679245283,True,151.0,168.2,178.1,174.6,168.0,157.2,1.6,4.4,356.2357020378113,1174.112548828125,424.6200907230377,1173.7237930297852,353.5484504699707,1265.5926132202148,406.2426245212555,1275.0494384765625,391.95767283439636,1339.9541473388672,408.7289035320282,1370.719985961914,355.79957485198975,1375.601463317871,403.8516175746918,1374.11865234375,325.8886528015137,1515.011100769043,442.7545487880707,1502.010269165039,297.83682346343994,1671.2858963012695,491.48369908332825,1620.7245254516602
1324,44.13472117400419,True,171.1,169.6,179.2,178.4,168.1,159.9,9.4,7.6,370.52467703819275,1174.4518661499023,434.98639941215515,1174.255714416504,383.80273818969727,1264.566993713379,413.85483026504517,1270.5163192749023,407.52963423728943,1340.6681442260742,410.54502725601196,1364.3785858154297,366.87150835990906,1371.913719177246,418.5520648956299,1369.5904541015625,334.75117564201355,1511.6908264160156,453.11158776283264,1496.4059829711914,297.27275490760803,1665.2248764038086,483.45744609832764,1621.029167175293
1325,44.168055555555554,True,179.6,171.1,177.5,177.0,168.0,161.4,11.6,10.4,390.8751118183136,1174.6952819824219,444.28035020828247,1178.8136672973633,405.78065156936646,1265.0415802001953,420.2122128009796,1271.158332824707,418.77257466316223,1340.6237411499023,411.11276507377625,1362.8336334228516,383.2561469078064,1368.80126953125,430.42444467544556,1366.684226989746,348.17819595336914,1506.8825912475586,462.22851276397705,1490.7698822021484,304.79194164276123,1650.9404754638672,487.92274475097656,1618.5686874389648
1326,44.20138993710692,True,169.1,170.3,177.6,170.0,166.3,162.5,17.4,15.0,414.1399383544922,1174.9351501464844,444.8891258239746,1180.2327346801758,437.0710229873657,1265.2093505859375,420.32779455184937,1266.2505340576172,468.15263271331787,1331.5120697021484,410.3367805480957,1357.170295715332,403.64272713661194,1367.3011779785156,441.95812582969666,1365.9426498413086,363.24148178100586,1500.8211135864258,480.5487835407257,1495.0402450561523,316.3474130630493,1635.4791641235352,495.4497528076172,1623.3161544799805
1327,44.23472431865828,True,159.2,163.2,170.5,168.5,169.9,165.0,9.6,20.9,425.2879285812378,1175.0919342041016,454.9082386493683,1180.1782608032227,435.7655382156372,1262.0340728759766,422.4566102027893,1261.263656616211,466.67916655540466,1320.915641784668,414.7079014778137,1349.9090194702148,416.0317003726959,1367.2277069091797,452.0823919773102,1367.4338150024414,386.37234807014465,1496.9390487670898,484.6810483932495,1497.103042602539,329.8807454109192,1633.912696838379,490.41497826576233,1624.6046447753906
1328,44.26805870020964,True,158.9,167.8,143.8,174.0,177.8,171.6,7.3,19.0,444.8550081253052,1175.2054595947266,453.05188179016113,1176.5321731567383,455.12752532958984,1262.6136016845703,425.5755150318146,1256.2853622436523,483.84716033935547,1316.967887878418,415.2378845214844,1342.4125671386719,442.8363025188446,1363.209114074707,453.09465765953064,1365.5217361450195,446.4761781692505,1496.2776947021484,472.6047670841217,1497.626609802246,370.3762650489807,1606.3556671142578,477.9745066165924,1625.2527236938477
1329,44.301393081761006,True,168.0,167.3,139.6,171.9,179.2,176.3,2.3,19.6,455.5742418766022,1173.2466888427734,456.6846764087677,1171.9524765014648,454.2245328426361,1259.4491958618164,432.62500405311584,1253.0609893798828,465.9868347644806,1319.150390625,427.00852274894714,1337.6125717163086,459.96280789375305,1356.4691162109375,466.79545640945435,1361.5106964111328,461.2508797645569,1483.2147216796875,482.63817071914673,1494.7138595581055,373.8257896900177,1588.0548477172852,479.56162333488464,1626.3852310180664
1330,44.33472746331237,True,167.2,164.8,151.1,170.1,172.5,178.6,2.2,22.8,466.26917481422424,1170.6047058105469,461.23552680015564,1169.3283462524414,464.7762358188629,1256.4884948730469,437.2292196750641,1247.4928665161133,477.63246059417725,1317.9185485839844,434.41599011421204,1331.3372039794922,470.264196395874,1354.9944305419922,480.41659355163574,1361.3264465332031,457.1196126937866,1475.492820739746,496.6361474990845,1491.8635940551758,385.2094495296478,1577.684555053711,490.00704646110535,1626.1915969848633
1331,44.36806184486373,True,172.3,163.7,150.7,164.5,172.8,179.4,7.4,25.7,471.16809010505676,1169.3389892578125,468.9336383342743,1168.5294342041016,465.01972675323486,1253.4254837036133,442.92706847190857,1244.0254211425781,469.14236783981323,1319.911766052246,439.17643904685974,1324.0643692016602,481.4492654800415,1351.5515899658203,491.09028339385986,1357.9488372802734,473.104430437088,1472.2980880737305,507.4259340763092,1486.714210510254,402.3867130279541,1580.295295715332,487.43379950523376,1624.2856979370117
1332,44.401396226415095,True,159.7,156.4,151.0,168.9,179.3,177.2,2.9,28.6,482.16518998146057,1169.1112518310547,474.97791051864624,1167.1441268920898,480.28369545936584,1252.327995300293,443.66368889808655,1242.0562362670898,500.18715620040894,1310.1679229736328,444.8257827758789,1318.9094924926758,487.2401010990143,1352.6997756958008,494.5890212059021,1358.034896850586,492.0231771469116,1473.7310028076172,501.44030570983887,1484.6385955810547,435.82894563674927,1585.2885818481445,482.2333610057831,1621.4303970336914
1333,44.43473060796646,True,157.0,143.6,149.7,160.8,174.4,176.9,16.0,33.9,488.00758838653564,1167.6100158691406,480.58438181877136,1164.6235656738281,467.00878858566284,1248.2679748535156,439.6320712566376,1238.7440872192383,476.24708890914917,1310.8573150634766,449.5024824142456,1313.5260772705078,492.3562753200531,1347.6991653442383,496.65143609046936,1349.4319152832031,506.77090644836426,1465.1790618896484,514.9060142040253,1477.9003143310547,456.1700463294983,1582.8100204467773,487.3811101913452,1618.1997299194336
1334,44.46806498951782,True,143.4,134.4,153.5,156.8,169.5,171.9,26.7,37.2,491.07081055641174,1167.5244140625,486.5242409706116,1164.514045715332,455.33149123191833,1242.5288772583008,437.34657168388367,1237.939453125,468.0387246608734,1307.0598220825195,452.4104690551758,1310.1076126098633,494.78426456451416,1347.543067932129,497.38065361976624,1349.424934387207,518.8262343406677,1463.7393951416016,522.8446555137634,1474.489517211914,485.2306652069092,1590.6714248657227,493.3552157878876,1616.5225982666016
1335,44.50139937106918,True,147.3,127.5,151.5,152.6,166.4,170.2,27.6,40.5,497.0613956451416,1167.268180847168,490.0668489933014,1164.2641067504883,459.16287660598755,1242.5251007080078,435.6399464607239,1236.672477722168,465.48240780830383,1302.7278900146484,454.32987928390503,1303.9619064331055,499.7933864593506,1341.2348556518555,501.38317465782166,1343.9861297607422,529.6915304660797,1456.9245529174805,531.870653629303,1471.816177368164,495.70837140083313,1592.9014205932617,496.68835401535034,1612.9164505004883
1336,44.53473375262055,True,143.2,121.5,152.8,151.8,164.8,170.6,26.3,43.0,506.6188895702362,1168.0383682250977,494.3920075893402,1164.3706512451172,470.67602276802063,1241.703987121582,434.59784388542175,1237.1808242797852,481.19885444641113,1296.8767547607422,457.4797475337982,1303.3390045166016,507.4832582473755,1343.0628204345703,505.87773084640503,1345.78857421875,538.938649892807,1456.7021942138672,535.2276742458344,1472.545166015625,514.105954170227,1576.5483856201172,497.99670338630676,1609.9650192260742
1337,44.56806813417191,True,141.6,114.4,157.3,150.8,167.9,171.2,28.6,45.7,511.3103950023651,1168.1160736083984,500.2735126018524,1164.6836471557617,474.51967120170593,1239.715232849121,434.2284393310547,1237.046241760254,484.7787666320801,1291.5696716308594,462.2915017604828,1302.6184844970703,515.6138920783997,1341.0914611816406,510.6650233268738,1343.5969161987305,543.3465600013733,1456.5071868896484,538.4815692901611,1473.0381774902344,525.0089085102081,1570.2964782714844,496.77149176597595,1608.8983154296875
1338,44.60140251572327,True,136.4,113.7,170.1,149.0,169.4,171.3,32.6,46.2,519.485285282135,1168.2117462158203,506.540869474411,1164.913215637207,480.05581498146057,1237.6050567626953,438.9515519142151,1236.4947509765625,492.8577733039856,1288.8737869262695,466.88841104507446,1302.4856185913086,528.4011733531952,1341.4788436889648,515.4705333709717,1344.4644927978516,555.514862537384,1454.3339538574219,541.6173720359802,1472.4909210205078,561.4647960662842,1549.936408996582,494.1605222225189,1606.6082382202148
1339,44.634736897274635,True,143.1,118.4,176.1,146.4,170.9,171.7,26.7,44.5,531.6897654533386,1168.1198501586914,508.8673424720764,1165.3431701660156,499.173184633255,1237.166862487793,447.2104489803314,1236.6059875488281,510.6882619857788,1292.8336715698242,472.96319603919983,1304.7261428833008,536.0772049427032,1342.239990234375,520.4137694835663,1345.4791259765625,557.0896196365356,1454.630012512207,546.9258284568787,1470.9797286987305,568.3591461181641,1550.0817489624023,494.9911916255951,1601.9619369506836
1340,44.668071278826,True,148.6,119.9,168.9,145.8,170.2,172.9,10.4,43.8,549.0998983383179,1170.841941833496,505.2242159843445,1172.2223281860352,537.7093505859375,1239.4721603393555,449.21045422554016,1241.172866821289,559.3025064468384,1293.0097961425781,475.26301860809326,1308.9979934692383,551.9602489471436,1342.3767471313477,519.4456315040588,1345.660171508789,573.4511160850525,1455.098648071289,545.6814980506897,1471.1016082763672,572.9137301445007,1554.5244598388672,493.7925660610199,1597.356948852539
1341,44.70140566037736,True,160.7,127.4,165.3,144.3,167.4,172.6,3.8,39.6,567.1420454978943,1175.7691955566406,503.183913230896,1176.2310791015625,568.3579874038696,1248.105239868164,454.86018419265747,1248.2692337036133,586.1770820617676,1296.258659362793,479.2670524120331,1319.9853515625,558.9661574363708,1342.8595733642578,520.2378058433533,1346.169548034668,578.5178518295288,1456.4157485961914,548.9956140518188,1469.871711730957,569.9263715744019,1556.1742401123047,497.40057706832886,1593.5444641113281
1342,44.734740041928724,True,164.3,134.4,164.2,146.2,166.8,175.9,7.0,34.9,581.3432478904724,1179.0940475463867,501.4392113685608,1180.737190246582,584.224841594696,1252.2944641113281,463.16436767578125,1255.265121459961,600.9080100059509,1303.6826705932617,485.73644399642944,1322.9790115356445,567.8656625747681,1342.7542877197266,523.7495148181915,1345.8184432983398,585.0047206878662,1457.3779678344727,549.2724823951721,1468.1854248046875,572.4597072601318,1555.158805847168,499.20549988746643,1592.1528625488281
1343,44.76807442348009,True,168.4,133.5,163.3,151.5,171.2,179.1,6.0,32.3,589.9018335342407,1179.9712371826172,501.3111734390259,1181.946029663086,592.7753162384033,1253.8747787475586,469.19090509414673,1259.1530227661133,606.2700247764587,1308.8366317749023,497.89258003234863,1323.7744903564453,579.0069580078125,1343.0430221557617,529.4893670082092,1346.2219619750977,588.9247155189514,1457.860221862793,548.1424784660339,1466.4059829711914,568.970947265625,1553.9604949951172,504.647980928421,1588.0144500732422
1344,44.80140880503145,True,170.5,134.4,162.9,156.3,171.0,175.3,8.3,28.6,593.9277219772339,1180.7392501831055,502.9087507724762,1181.6278839111328,598.8279891014099,1255.6586837768555,477.37709283828735,1261.5045547485352,612.1163177490234,1312.1508407592773,510.72855949401855,1324.5032501220703,581.1922931671143,1342.1648025512695,534.1597902774811,1344.6905136108398,590.3476166725159,1457.5655364990234,547.0254135131836,1463.8786697387695,569.6413278579712,1550.82275390625,508.40073466300964,1586.290054321289
1345,44.83474318658281,True,173.7,138.6,162.4,158.6,171.0,175.0,8.9,23.5,599.1455411911011,1181.359519958496,504.4800639152527,1181.0345077514648,603.9389491081238,1255.3999328613281,486.3465392589569,1260.611686706543,613.9539098739624,1312.090187072754,519.290235042572,1321.2115859985352,585.0976753234863,1336.7683410644531,534.1217136383057,1339.065055847168,593.0009436607361,1453.9442825317383,546.0284686088562,1459.0698623657227,569.6016097068787,1549.4365310668945,510.77786922454834,1584.2667388916016
1346,44.868077568134176,True,178.5,132.5,169.9,164.2,173.4,173.6,11.3,20.3,602.8747344017029,1181.707878112793,505.8533978462219,1180.5108261108398,609.222686290741,1255.0064849853516,491.7994165420532,1260.0757598876953,615.5192685127258,1310.9865188598633,531.7299342155457,1312.2114944458008,586.0650730133057,1332.952651977539,533.5610246658325,1333.960304260254,586.5803790092468,1452.733039855957,541.8555521965027,1458.0202102661133,570.0161719322205,1548.1662368774414,515.4929673671722,1582.2339248657227
1347,44.90141194968554,True,173.2,113.3,172.8,168.3,175.1,172.5,8.7,19.5,605.587477684021,1181.5110397338867,507.11034536361694,1180.400619506836,608.2480788230896,1254.9238586425781,493.4554123878479,1259.2009735107422,616.1720108985901,1305.9196472167969,540.2354121208191,1289.7018814086914,587.8876662254333,1334.087791442871,533.5413265228271,1335.1130676269531,584.3382668495178,1453.3843231201172,538.2611238956451,1458.552474975586,569.3119955062866,1549.6647262573242,517.1797335147858,1583.902816772461
1348,44.9347463312369,True,175.7,97.2,175.7,172.8,175.5,171.7,10.0,18.4,606.5446400642395,1180.711441040039,507.97967076301575,1178.543701171875,610.1312470436096,1250.7982635498047,495.6092691421509,1251.9757461547852,615.4071950912476,1292.4454879760742,537.560133934021,1264.610595703125,587.5923871994019,1333.718032836914,532.1583366394043,1334.6033477783203,582.2554135322571,1452.7158737182617,533.2078742980957,1456.61865234375,570.4654312133789,1550.5088424682617,518.2266962528229,1583.95751953125
1349,44.968080712788264,True,133.4,81.5,178.5,176.9,175.4,170.1,10.9,17.6,609.4973015785217,1179.2740631103516,508.75800490379333,1176.269874572754,612.931022644043,1251.0742950439453,496.6472840309143,1248.936996459961,607.7871036529541,1256.4241790771484,544.8654413223267,1249.7172546386719,587.7009844779968,1332.0050811767578,531.0596823692322,1332.4023056030273,580.4960346221924,1450.591049194336,527.273679971695,1455.4450607299805,571.8410181999207,1550.8503341674805,516.4118599891663,1584.1374206542969
1350,45.00141509433962,True,30.4,68.9,178.7,179.3,175.8,168.7,12.8,15.0,609.1167283058167,1176.9522857666016,509.3802344799042,1173.204689025879,615.1952147483826,1249.9533462524414,500.2758300304413,1244.157371520996,602.6409959793091,1232.1272277832031,545.7217311859131,1232.9680252075195,587.3461604118347,1330.832748413086,530.4790699481964,1330.452003479004,579.3773603439331,1449.5977020263672,522.5020623207092,1455.5744934082031,570.1501321792603,1551.3115310668945,515.9602510929108,1584.5415115356445
1351,45.03474947589098,True,19.8,52.2,177.9,177.2,174.7,167.1,13.6,11.9,610.7969927787781,1174.8535537719727,510.3604745864868,1170.9069442749023,616.3904929161072,1243.3394622802734,504.5444691181183,1240.869026184082,595.2777528762817,1196.8494415283203,549.3368554115295,1211.7347717285156,586.2570333480835,1330.671501159668,530.0200259685516,1328.4361267089844,578.7104558944702,1448.6076736450195,517.5750160217285,1451.5037155151367,568.2818984985352,1551.6226959228516,510.7339346408844,1583.5351181030273
1352,45.068083857442346,True,22.1,36.3,177.2,176.0,173.5,165.4,11.2,6.5,612.3106598854065,1173.6411666870117,513.1006407737732,1170.5660247802734,613.7903380393982,1232.5805282592773,512.6304280757904,1236.2083053588867,588.2381772994995,1173.8512802124023,549.1899561882019,1187.2436141967773,585.0838351249695,1331.2530899047852,529.9569725990295,1327.975730895996,578.232421875,1448.4892272949219,511.6528272628784,1450.2957916259766,567.1063828468323,1551.771125793457,501.4369261264801,1581.1831283569336
1353,45.10141823899371,True,19.5,30.9,176.5,176.7,173.5,164.9,8.8,2.8,610.0178861618042,1171.85302734375,514.405642747879,1169.5074462890625,609.5909643173218,1223.4103775024414,516.9492781162262,1225.5856704711914,586.4729404449463,1156.2113571166992,548.6449098587036,1166.7522811889648,583.8817977905273,1331.1100387573242,529.1434264183044,1326.778907775879,578.0668544769287,1448.572769165039,508.0511248111725,1450.0401306152344,566.6331768035889,1551.939697265625,493.7373661994934,1577.9705429077148
1354,45.13475262054507,True,26.0,31.2,176.4,175.8,173.2,164.1,7.3,2.3,610.0585699081421,1167.5998306274414,515.2698504924774,1167.5933074951172,608.4527206420898,1212.1673583984375,517.0719087123871,1213.1198501586914,580.4277348518372,1148.9710235595703,549.3253326416016,1154.8778915405273,583.0509996414185,1330.9986877441406,527.8183078765869,1326.3950729370117,577.7610182762146,1448.7272644042969,502.78772950172424,1450.4524612426758,566.5482044219971,1551.9097137451172,486.7145597934723,1577.2416687011719
1355,45.168087002096435,True,27.6,26.6,176.6,175.8,173.0,164.5,5.8,5.7,609.8236083984375,1164.660873413086,516.6743087768555,1164.6696853637695,607.1431159973145,1207.3041915893555,515.1980745792389,1207.2238540649414,579.6601510047913,1145.4471588134766,547.2382950782776,1148.3069229125977,582.5347280502319,1329.4093322753906,526.9833898544312,1324.3714141845703,577.5832200050354,1448.1990051269531,500.78794956207275,1449.935188293457,567.0888090133667,1551.6492462158203,484.130562543869,1575.0940704345703
1356,45.2014213836478,True,27.0,26.3,176.5,175.4,173.1,164.8,3.8,6.4,608.4602522850037,1163.488540649414,516.5480411052704,1162.4947357177734,604.8449993133545,1202.3982238769531,514.5859837532043,1199.4015884399414,579.3587565422058,1138.249855041504,546.6434240341187,1142.3681259155273,582.2437620162964,1326.2598037719727,525.8791351318359,1320.9092330932617,577.4124383926392,1447.441062927246,499.26565647125244,1448.0223083496094,566.9379830360413,1551.6736221313477,483.6108148097992,1572.0647048950195
1357,45.23475576519916,True,26.8,23.8,176.6,175.3,173.3,164.9,3.4,11.3,607.5303840637207,1163.3045196533203,516.9037985801697,1160.1763916015625,604.325315952301,1196.308708190918,512.3374021053314,1191.6446685791016,579.7763442993164,1133.342170715332,546.6269445419312,1136.8012619018555,581.9903254508972,1325.500717163086,525.4294574260712,1320.6671905517578,577.2902584075928,1445.837173461914,498.6780917644501,1445.968894958496,566.8770861625671,1551.272964477539,482.6897656917572,1570.4685974121094
1358,45.268090146750524,True,28.8,21.1,176.6,175.4,173.4,165.6,1.6,14.4,606.9456839561462,1161.8426513671875,516.8450260162354,1157.563247680664,603.2720446586609,1190.9826278686523,511.17305517196655,1185.2538299560547,578.0829477310181,1127.3862075805664,547.295458316803,1128.8765716552734,581.7242074012756,1324.8614501953125,524.8562157154083,1320.2181243896484,577.1488952636719,1445.291976928711,499.07788038253784,1445.9228897094727,566.8266177177429,1550.672836303711,483.66743087768555,1571.2631607055664
1359,45.30142452830189,True,38.6,15.2,177.0,176.2,173.0,166.9,8.3,19.8,606.9017171859741,1162.580451965332,516.8981337547302,1158.0488204956055,598.9763045310974,1187.6775741577148,510.4256522655487,1178.5852432250977,573.9670014381409,1122.83203125,549.4115281105042,1117.8761672973633,580.6347584724426,1324.9834442138672,523.5192847251892,1320.8795928955078,576.0736083984375,1445.148811340332,499.6353828907013,1446.3250350952148,566.5390634536743,1550.4638671875,484.2100954055786,1572.1369171142578
1360,45.33475890985325,True,43.7,3.1,177.7,176.6,172.5,168.2,9.4,41.6,606.5255212783813,1163.0425643920898,517.6617908477783,1157.4101257324219,598.0662631988525,1187.5591278076172,503.49209904670715,1174.3009185791016,570.8693718910217,1128.4522247314453,548.5703015327454,1114.2620086669922,579.1218638420105,1324.7138214111328,522.1890807151794,1320.5207061767578,574.6474242210388,1445.335693359375,499.6633529663086,1446.1100006103516,566.4677381515503,1550.2708053588867,484.70277428627014,1572.4316024780273
1361,45.36809329140461,True,40.4,28.3,178.0,176.6,172.5,168.4,6.6,73.5,605.0904536247253,1162.0814895629883,517.4475574493408,1155.355224609375,598.0869269371033,1186.102180480957,494.66543197631836,1162.6843643188477,570.3783345222473,1124.2759323120117,547.1663904190063,1108.1135559082031,577.3301696777344,1324.5245361328125,521.245790719986,1320.1367568969727,572.7882027626038,1445.4777145385742,498.4896397590637,1446.0921478271484,565.272524356842,1550.0054168701172,483.41264247894287,1572.6078414916992
1362,45.401427672955975,True,39.4,42.6,178.6,177.4,172.7,169.0,4.5,92.3,603.3836030960083,1162.320556640625,517.3135328292847,1154.8650741577148,597.9731154441833,1183.9934921264648,486.90343022346497,1154.2073822021484,570.9777116775513,1127.2250747680664,539.0067887306213,1108.3856964111328,576.2740015983582,1324.2321395874023,520.4130291938782,1319.6356201171875,571.6306471824646,1445.5824279785156,498.2199811935425,1446.0221099853516,565.0350522994995,1550.0341415405273,482.00602769851685,1571.6584396362305
1363,45.43476205450734,True,35.8,52.3,178.3,177.1,172.3,169.1,3.4,109.3,601.9142889976501,1162.5390243530273,516.1166453361511,1154.2830276489258,596.6272687911987,1185.772590637207,474.07305121421814,1140.3638076782227,571.6858148574829,1126.9340515136719,533.6566829681396,1100.2166748046875,574.9664568901062,1324.1023635864258,518.8480889797211,1319.6538162231445,571.266360282898,1445.6147003173828,496.72810435295105,1445.775375366211,564.9852275848389,1549.683837890625,481.42364501953125,1569.854507446289
1364,45.4680964360587,True,33.6,57.1,178.4,177.6,171.7,169.5,1.5,119.6,601.0359835624695,1162.6954650878906,514.4503176212311,1154.2437744140625,596.6479969024658,1184.8258209228516,466.67195677757263,1128.1011199951172,571.7817950248718,1124.4115447998047,528.4410524368286,1094.6583938598633,573.3658218383789,1324.0095520019531,517.0537877082825,1319.5747375488281,570.3860592842102,1445.6304931640625,495.8078598976135,1445.8130264282227,564.9469256401062,1549.6101379394531,480.3392493724823,1568.9436721801758
1365,45.501430817610064,True,26.3,59.5,178.6,178.1,171.6,169.8,6.4,125.4,599.5807671546936,1162.840690612793,513.1895077228546,1154.2834854125977,598.5348343849182,1181.3501358032227,461.91601395606995,1119.2793273925781,572.8153681755066,1120.9325408935547,525.1535546779633,1089.5521545410156,572.2335648536682,1324.0966415405273,516.1782824993134,1319.7127532958984,569.6363711357117,1445.6890869140625,495.7408797740936,1445.8898162841797,564.9270343780518,1549.0632247924805,479.87621426582336,1569.1019439697266
1366,45.53476519916143,True,10.1,61.3,178.9,178.9,171.9,170.2,45.7,126.8,597.5582313537598,1162.946662902832,512.6433670520782,1154.0822982788086,603.0029654502869,1170.322608947754,455.9667241573334,1113.233642578125,575.0122904777527,1113.8029861450195,520.0935137271881,1082.618522644043,571.362726688385,1324.2177200317383,515.6174969673157,1319.773063659668,568.9287829399109,1445.742073059082,495.97156047821045,1446.6121673583984,564.9144816398621,1548.6615371704102,479.3814754486084,1569.173355102539
1367,45.56809958071279,True,96.7,63.7,179.1,179.3,172.1,170.2,134.3,127.4,595.8824729919434,1162.2101211547852,511.9365191459656,1153.6847305297852,600.8473706245422,1158.6852264404297,452.96674847602844,1110.5691146850586,574.3485403060913,1110.2061080932617,516.6068136692047,1077.3308944702148,570.4258418083191,1324.4294357299805,515.4498374462128,1319.809684753418,568.3281826972961,1446.016845703125,496.15814566612244,1447.3468780517578,564.8927235603333,1548.0879592895508,479.2580723762512,1569.7471618652344
1368,45.60143396226415,True,87.7,66.2,178.9,179.7,172.3,170.1,124.8,127.5,593.7029314041138,1160.463523864746,510.3948175907135,1153.443260192871,600.1538801193237,1157.2719955444336,450.70297479629517,1110.1662826538086,573.2621169090271,1108.080825805664,513.8761103153229,1073.2527923583984,569.328281879425,1324.7639465332031,514.9098443984985,1320.003318786621,567.8637957572937,1446.1985778808594,496.23021125793457,1447.9508972167969,564.6210694313049,1548.1158828735352,479.0088200569153,1569.855079650879
1369,45.634768343815516,True,85.2,66.5,178.4,179.9,171.8,170.2,121.3,127.7,592.6838421821594,1159.4292068481445,508.8522469997406,1153.0789947509766,598.1453776359558,1157.1282577514648,448.5905420780182,1109.3381881713867,572.4653720855713,1108.1596755981445,510.95746994018555,1072.605972290039,568.1991147994995,1325.0849533081055,513.8013410568237,1320.1777267456055,567.6596689224243,1446.6370010375977,495.5980682373047,1448.4719467163086,564.4277572631836,1548.3367538452148,478.6453056335449,1569.9450302124023
1370,45.66810272536688,True,103.4,66.5,178.1,179.9,171.5,170.4,140.7,127.3,591.6390681266785,1158.4879302978516,507.97860860824585,1152.8814697265625,595.9971857070923,1154.5188903808594,447.2334945201874,1109.4521713256836,569.4730567932129,1106.572265625,508.4136414527893,1072.803955078125,567.0526313781738,1325.4333114624023,513.0110335350037,1320.3944778442383,567.2330689430237,1447.0551681518555,495.15650153160095,1449.704246520996,563.9470839500427,1548.6981582641602,478.24281334877014,1570.0336074829102
1371,45.70143710691824,True,112.4,66.7,178.3,179.8,171.3,170.6,149.3,126.8,591.2050008773804,1157.6095962524414,506.91043496131897,1152.623634338379,592.8144550323486,1155.6397247314453,447.0139503479004,1110.4190826416016,564.6997976303101,1103.6322784423828,508.0916154384613,1072.99072265625,566.0726165771484,1325.734748840332,511.77465319633484,1320.5441665649414,566.3901686668396,1447.3662185668945,494.2207109928131,1450.3094100952148,563.6893343925476,1549.2783737182617,477.39978432655334,1571.1123275756836
1372,45.734771488469605,True,113.4,67.2,178.6,179.6,171.4,170.9,151.9,127.0,590.1586174964905,1156.7269134521484,505.6352698802948,1152.6577377319336,591.6200137138367,1154.750747680664,447.4532961845398,1111.5277862548828,561.2079477310181,1102.2771835327148,509.2165982723236,1073.0218505859375,565.2344155311584,1325.8829498291016,510.7094085216522,1320.622444152832,565.7380056381226,1447.503433227539,493.94638538360596,1450.400161743164,563.6850214004517,1549.3596267700195,477.4077022075653,1571.0436630249023
1373,45.76810587002097,True,87.1,65.4,178.6,179.7,170.9,171.1,126.6,125.6,589.263961315155,1156.7329788208008,504.5646822452545,1152.6887512207031,591.6563200950623,1155.4551315307617,446.5948498249054,1113.7525177001953,560.1943945884705,1103.030891418457,509.0960919857025,1075.4750061035156,563.9769530296326,1326.0476303100586,509.5953047275543,1320.725326538086,565.2654433250427,1447.7533721923828,493.1292986869812,1450.5047607421875,563.8061714172363,1549.3658065795898,477.3393702507019,1570.5998611450195
1374,45.80144025157233,True,103.9,65.5,178.4,179.5,170.5,171.6,145.2,124.4,587.9432201385498,1155.6026458740234,503.69574308395386,1152.6369094848633,590.8340191841125,1152.516975402832,446.1373507976532,1115.4658126831055,559.7634816169739,1104.6748352050781,505.71621894836426,1077.3438262939453,562.8135395050049,1326.2882995605469,508.3664882183075,1321.1923599243164,565.1048970222473,1448.4128952026367,492.9201829433441,1450.7344436645508,564.2459678649902,1549.6535110473633,477.7474308013916,1569.5373916625977
1375,45.83477463312369,True,53.7,65.5,179.2,179.2,170.8,172.2,94.7,123.4,586.6845345497131,1154.0819549560547,503.5168182849884,1152.6383972167969,591.0715556144714,1154.3535232543945,446.7911231517792,1117.1836853027344,559.7197079658508,1105.5669021606445,505.4910099506378,1078.315315246582,561.829662322998,1326.298484802246,507.5845491886139,1321.281852722168,563.9351105690002,1448.5085678100586,492.9191207885742,1450.7343292236328,564.2878103256226,1549.6940231323242,477.92741775512695,1568.6865234375
1376,45.868109014675056,True,38.0,66.1,179.9,179.2,170.9,172.2,78.7,122.9,585.6586861610413,1153.3879852294922,502.6202952861786,1152.652931213379,591.4500689506531,1155.4329299926758,447.4207878112793,1118.910026550293,559.0500998497009,1104.6553802490234,505.89581966400146,1078.5116958618164,560.9441471099854,1326.2919616699219,507.03444957733154,1321.3212203979492,562.9174375534058,1448.506736755371,492.6542580127716,1450.6030654907227,564.2909646034241,1550.013198852539,477.9511070251465,1567.9380798339844
1377,45.90144339622642,True,42.0,68.8,179.8,179.7,170.5,171.9,82.6,123.8,584.2784643173218,1153.5736083984375,501.5604257583618,1152.7143859863281,592.1431732177734,1155.7863235473633,448.0128586292267,1119.2191314697266,559.4024133682251,1104.045639038086,506.10879778862,1075.8592987060547,559.1641044616699,1326.119613647461,506.65571093559265,1321.256446838379,561.8135690689087,1448.3406829833984,492.2331941127777,1449.781379699707,564.299590587616,1550.0162887573242,478.48321437835693,1567.3052215576172
1378,45.93477777777778,True,51.5,80.4,179.3,179.6,170.5,171.6,92.2,127.8,583.4911179542542,1154.0693664550781,501.2724208831787,1153.0392837524414,592.8496670722961,1155.0690078735352,451.43322229385376,1116.8926620483398,559.788715839386,1103.0107498168945,506.21317863464355,1063.2395553588867,558.3217191696167,1325.6230545043945,506.80219173431396,1320.9544372558594,560.8217740058899,1447.602310180664,492.1882939338684,1448.0074310302734,564.2086315155029,1550.0735092163086,479.36248540878296,1566.7359924316406
1379,45.968112159329145,True,60.3,107.8,178.8,179.3,170.8,171.1,98.3,141.5,582.199022769928,1154.886474609375,500.3781509399414,1153.2471084594727,592.7878046035767,1154.8640441894531,465.779424905777,1113.1472396850586,559.9025917053223,1097.3903274536133,504.999715089798,1049.0153503417969,557.8739404678345,1324.665298461914,506.96370363235474,1320.4814529418945,560.0947451591492,1446.825942993164,492.2194504737854,1447.5901794433594,564.0713238716125,1550.0476455688477,479.7842252254486,1567.0472717285156
1380,46.0014465408805,True,59.1,142.9,178.8,179.1,171.8,170.5,97.0,163.8,578.9174151420593,1155.1223373413086,498.53296279907227,1153.1205368041992,593.6119723320007,1155.1819610595703,480.4584038257599,1101.251564025879,560.0458216667175,1098.6083221435547,504.12948846817017,1027.9639434814453,557.8473544120789,1321.5505599975586,507.0847249031067,1317.6604843139648,559.8911333084106,1445.1432037353516,492.23934173583984,1447.3577499389648,563.8351392745972,1550.2116394042969,480.0636041164398,1569.9961853027344
1381,46.034780922431864,True,98.5,164.0,178.9,179.0,171.9,170.5,136.0,175.2,578.5078740119934,1155.4962158203125,498.9018201828003,1153.1144714355469,589.0263605117798,1147.0372009277344,491.59677028656006,1099.2875289916992,556.7608666419983,1091.784553527832,503.108628988266,1019.7383880615234,557.8532123565674,1320.2495956420898,507.17700362205505,1316.6616439819336,559.9759769439697,1444.1923141479492,492.15494871139526,1446.2426376342773,563.8056564331055,1550.3268814086914,480.04313349723816,1570.4467391967773
1382,46.06811530398323,True,110.8,177.5,179.4,178.8,171.4,171.2,148.2,175.7,578.6759519577026,1157.677230834961,501.3736152648926,1153.7310791015625,588.3402729034424,1145.8418655395508,503.3990156650543,1102.679557800293,555.5440878868103,1089.0387725830078,503.1485402584076,1025.3774642944336,557.4615025520325,1320.1888275146484,507.17970728874207,1315.8234786987305,559.9112820625305,1444.0461730957031,492.16734051704407,1443.1844329833984,563.1487941741943,1550.280876159668,480.11178731918335,1567.3933410644531
1383,46.10144968553459,True,125.1,171.9,179.8,178.7,170.6,172.0,162.3,173.2,579.0616106987,1158.0714797973633,503.00920486450195,1153.7409210205078,587.5430774688721,1140.3374862670898,508.25785875320435,1099.163703918457,554.4939708709717,1081.4784622192383,504.30747985839844,1012.9274368286133,556.5795278549194,1320.3888702392578,506.7200839519501,1315.6323623657227,559.762065410614,1444.1376113891602,491.8411946296692,1443.1123352050781,562.8125739097595,1549.9865341186523,480.1375687122345,1567.4574279785156
1384,46.13478406708595,True,124.4,179.2,180.0,178.5,170.5,173.0,160.6,180.0,578.7922096252441,1160.453224182129,506.5752124786377,1156.461067199707,588.1378841400146,1142.4104690551758,506.43178939819336,1100.0188064575195,555.7193112373352,1082.1162414550781,505.00531554222107,1017.6948165893555,556.3717317581177,1320.461540222168,507.086044549942,1315.7213973999023,559.6763849258423,1443.2020568847656,491.74630880355835,1443.3192443847656,562.6278233528137,1550.2024841308594,480.1383411884308,1568.155288696289
1385,46.168118448637316,True,120.5,178.5,179.8,178.4,170.2,173.4,155.7,179.3,578.1011652946472,1161.8569564819336,507.9395341873169,1157.0075225830078,590.3633880615234,1142.4587631225586,508.9927411079407,1097.677116394043,561.1742806434631,1085.5784225463867,508.37379455566406,1018.0321884155273,555.7775688171387,1320.5247116088867,507.1715319156647,1315.832290649414,559.5581316947937,1442.904167175293,491.71878933906555,1443.4340286254883,562.5748443603516,1550.2521514892578,480.10061860084534,1568.7126159667969
1386,46.20145283018868,True,115.5,178.4,179.9,178.5,169.8,173.6,148.2,179.7,578.3354830741882,1161.9242477416992,507.76273369789124,1156.9538497924805,594.4821667671204,1142.7485275268555,508.43169808387756,1098.3589553833008,567.199981212616,1082.6415252685547,511.5390479564667,1018.5312652587891,555.2268576622009,1320.695457458496,506.7371428012848,1315.997543334961,559.2249369621277,1442.9869079589844,491.67285919189453,1443.563346862793,562.5049996376038,1551.0108947753906,480.0465774536133,1569.2790985107422
1387,46.23478721174004,True,115.4,177.8,180.0,178.7,169.3,174.1,146.5,178.9,578.5050415992737,1162.0069885253906,507.3679983615875,1156.900749206543,597.0120906829834,1141.5087890625,508.95617723464966,1098.266487121582,570.4566121101379,1077.4248504638672,513.910163640976,1022.442626953125,554.4834780693054,1320.9753799438477,505.9958875179291,1316.278953552246,559.0197801589966,1443.1614303588867,491.67794466018677,1444.4197082519531,562.9639792442322,1551.7022323608398,480.30001401901245,1571.341896057129
1388,46.268121593291404,True,115.2,175.9,179.6,178.8,168.8,174.4,144.6,179.5,578.5350394248962,1161.9134902954102,507.11987257003784,1156.07666015625,599.1582226753235,1140.7188034057617,508.19100737571716,1096.520004272461,573.9099025726318,1073.661231994629,514.9004459381104,1021.6529846191406,553.8648533821106,1321.0561752319336,505.53690791130066,1316.3264465332031,559.0489411354065,1443.22998046875,491.69474601745605,1444.665756225586,562.9667472839355,1551.9128036499023,480.6307625770569,1571.6475677490234
1389,46.30145597484277,True,118.7,177.1,179.3,178.8,168.2,174.6,146.8,178.5,579.0263986587524,1161.8903732299805,507.0164895057678,1155.508804321289,599.5678925514221,1139.3169021606445,509.3008625507355,1093.893699645996,575.7065534591675,1070.0767135620117,515.7422518730164,1020.7312774658203,553.5288906097412,1321.0970306396484,505.2591061592102,1316.5132141113281,559.1940379142761,1443.1950759887695,491.7064940929413,1444.7414016723633,562.9672622680664,1551.8730926513672,480.91249108314514,1571.3551712036133
1390,46.33479035639413,True,117.8,175.4,179.3,179.0,168.2,174.6,145.6,178.7,579.3073225021362,1161.8610763549805,506.58284068107605,1154.9585723876953,600.4082822799683,1139.5869827270508,508.60785484313965,1093.0676651000977,577.6237750053406,1072.3734283447266,516.8286108970642,1020.6402969360352,553.6002802848816,1322.4174499511719,504.9374985694885,1318.2175827026367,559.2154741287231,1443.2123565673828,491.71019554138184,1444.7747039794922,563.0096197128296,1551.3142776489258,480.7662034034729,1570.7421112060547
1391,46.36812473794549,True,117.1,174.6,179.4,179.1,168.1,174.6,145.0,178.5,579.8851346969604,1161.939811706543,506.4019525051117,1154.7640228271484,601.3282370567322,1139.9108505249023,508.5631799697876,1092.996482849121,578.7842917442322,1073.0598449707031,517.8019952774048,1021.6693496704102,553.6585378646851,1323.303108215332,504.81770038604736,1319.2592239379883,559.2376184463501,1443.222541809082,491.70578598976135,1444.8134994506836,563.0416131019592,1551.1297988891602,480.6124806404114,1569.173812866211
1392,46.401459119496856,True,115.9,174.3,179.4,179.2,168.1,174.5,143.5,178.3,580.2230930328369,1161.9203567504883,505.9786033630371,1154.3452835083008,602.5959348678589,1140.1593017578125,508.3270275592804,1092.0713424682617,580.581328868866,1073.4427642822266,518.151605129242,1020.684700012207,553.7648820877075,1323.4832382202148,504.7567069530487,1319.619369506836,559.2575740814209,1443.1465530395508,491.70047521591187,1444.980239868164,563.0436086654663,1550.6037139892578,480.55628299713135,1569.1788482666016
1393,46.43479350104822,True,114.7,174.0,179.4,179.2,168.2,174.4,142.7,177.6,580.3534483909607,1161.9013595581055,505.70051193237305,1153.8203430175781,603.1429123878479,1140.3428649902344,508.6944365501404,1090.1410675048828,580.8145523071289,1074.2841339111328,520.3873765468597,1013.8265991210938,554.0246272087097,1323.4907913208008,504.76060152053833,1319.7388458251953,559.3686175346375,1443.0815505981445,491.702663898468,1445.0152587890625,563.0530071258545,1550.412254333496,480.53162813186646,1569.1577911376953
1394,46.46812788259958,True,112.7,175.1,179.2,179.2,168.3,174.1,141.0,176.2,580.3735327720642,1161.8862533569336,504.9021577835083,1153.2259368896484,603.9806628227234,1140.765380859375,509.1599500179291,1090.3444290161133,581.1690545082092,1074.8493576049805,520.979061126709,1013.5219573974609,554.3840217590332,1323.4188079833984,504.77170586586,1319.736557006836,559.7717213630676,1443.017234802246,491.70414447784424,1445.006217956543,563.106050491333,1550.002098083496,480.5291175842285,1569.0555953979492
1395,46.501462264150945,True,115.5,175.8,178.6,179.3,168.0,174.0,142.2,175.0,580.5023431777954,1161.863021850586,504.5311439037323,1152.8827285766602,603.9718437194824,1139.8802947998047,509.95994567871094,1089.9010848999023,583.0142426490784,1073.759765625,522.6385009288788,1010.9812545776367,554.5935559272766,1323.4697341918945,504.7438323497772,1319.802017211914,560.5263662338257,1442.9601287841797,491.742285490036,1445.0017547607422,563.275158405304,1549.3367385864258,480.48128843307495,1568.8893127441406
1396,46.53479664570231,True,117.3,176.0,178.3,179.3,167.8,174.0,143.5,174.7,580.6733179092407,1161.851577758789,504.42341566085815,1152.817268371582,603.7601208686829,1139.271125793457,510.1308560371399,1089.9604797363281,583.504958152771,1073.3284378051758,522.7382147312164,1011.9938278198242,554.7088479995728,1323.471908569336,504.6992540359497,1319.8116302490234,561.0271883010864,1442.6646423339844,491.7748260498047,1444.9674224853516,563.5788059234619,1548.9674377441406,480.58682799339294,1568.3442306518555
1397,46.56813102725367,True,117.4,175.9,178.4,179.3,167.9,174.1,143.6,174.6,580.8166766166687,1161.8268585205078,504.4106376171112,1152.4312591552734,603.6806845664978,1139.3244552612305,510.2867031097412,1088.7688064575195,583.4176683425903,1073.649673461914,523.274120092392,1010.2249145507812,555.141499042511,1323.4735107421875,504.712096452713,1319.8345184326172,561.5305209159851,1442.4104690551758,491.9349217414856,1444.7173690795898,564.1969799995422,1548.7384414672852,480.90157985687256,1567.4263000488281
1398,46.60146540880503,True,119.3,177.0,178.8,179.2,168.4,174.1,144.8,173.7,581.4192080497742,1161.8760681152344,504.4056808948517,1152.2346496582031,603.2025861740112,1139.432716369629,511.3695538043976,1088.2525634765625,583.3283829689026,1072.529067993164,524.0872800350189,1010.0414657592773,556.0205769538879,1323.4585189819336,504.80730414390564,1319.8356628417969,561.5212512016296,1442.3452377319336,492.10435152053833,1444.6611785888672,564.1959500312805,1548.7884521484375,481.33806109428406,1567.4474716186523
1399,46.634799790356396,True,122.6,177.8,179.2,179.5,169.1,174.1,147.0,172.8,582.0743322372437,1162.2039413452148,504.39364314079285,1152.1647262573242,602.3451375961304,1139.4901657104492,512.245477437973,1088.096694946289,583.2428312301636,1071.1165237426758,524.8150169849396,1010.6272888183594,557.1702790260315,1323.4844970703125,504.99234437942505,1319.9442672729492,561.6696310043335,1442.347068786621,492.54289269447327,1444.665184020996,564.2067003250122,1548.8286209106445,481.3351321220398,1567.4218368530273
1400,46.66813417190776,True,128.0,178.4,179.5,179.9,169.5,174.1,150.8,172.3,582.6431322097778,1162.5086975097656,504.38411593437195,1151.957130432129,600.4642868041992,1139.542465209961,512.5474834442139,1088.7607955932617,583.237874507904,1071.4225387573242,524.831657409668,1011.2099075317383,558.2589554786682,1323.4748840332031,505.324090719223,1319.9958801269531,562.0597958564758,1441.926155090332,493.1444263458252,1444.7228622436523,564.6331715583801,1548.8143157958984,481.3372564315796,1567.4267578125
1401,46.70146855345912,True,131.6,179.1,179.8,179.9,170.1,173.7,152.7,171.4,583.246693611145,1162.8830337524414,504.63294982910156,1151.905632019043,600.055582523346,1139.5073318481445,513.5972142219543,1088.851547241211,584.7317147254944,1071.504249572754,525.8914303779602,1011.4184188842773,559.5254302024841,1323.760986328125,506.08681440353394,1320.647964477539,562.5456833839417,1441.7601013183594,493.4797132015228,1445.6052017211914,564.9666881561279,1548.8383483886719,481.3352930545807,1568.1762313842773
1402,46.734802935010485,True,127.0,177.7,179.8,179.9,170.3,173.8,149.1,171.6,583.8740730285645,1164.3658447265625,505.19460439682007,1152.839469909668,600.4443955421448,1144.1798400878906,513.4082794189453,1093.9942932128906,584.5251417160034,1078.3149719238281,526.4473879337311,1021.9857788085938,560.0256085395813,1323.742561340332,506.43510460853577,1320.670509338379,562.5429797172546,1441.1843490600586,493.7524616718292,1445.756607055664,565.2400803565979,1548.8774871826172,481.36712551116943,1569.0039825439453
1403,46.76813731656185,True,110.5,177.1,179.4,179.9,170.3,173.7,135.8,171.8,584.0390610694885,1165.6245803833008,505.5652320384979,1155.2976608276367,603.7018632888794,1150.6781387329102,513.0571246147156,1100.4345703125,584.416995048523,1086.7268371582031,526.4301037788391,1029.4765090942383,560.3055667877197,1323.5136795043945,506.65844678878784,1320.6464767456055,562.541241645813,1439.7094345092773,493.7833285331726,1445.68359375,565.834629535675,1548.4548568725586,480.81979393959045,1569.3628692626953
1404,46.80147169811321,True,103.7,173.8,178.8,179.6,170.5,173.9,131.0,174.2,584.3225598335266,1166.454734802246,506.12386107444763,1156.310920715332,604.2747831344604,1153.7929916381836,511.4151620864868,1101.7617416381836,583.1082916259766,1091.3002395629883,525.8431506156921,1032.5244140625,560.6026482582092,1323.507957458496,506.9368278980255,1320.684471130371,562.5075101852417,1438.2318878173828,494.2060661315918,1445.7106018066406,566.722526550293,1548.1707000732422,480.790536403656,1569.3891906738281
1405,46.834806079664574,True,75.3,171.3,178.1,179.1,171.2,173.8,105.2,175.6,584.4050860404968,1167.5122833251953,506.02086424827576,1156.1842346191406,608.9423418045044,1164.557762145996,509.6948254108429,1102.7388381958008,583.0627799034119,1099.225730895996,525.7619762420654,1031.0939025878906,561.6556620597839,1323.508071899414,507.3001492023468,1320.7378005981445,562.6304626464844,1438.3068466186523,494.6053075790405,1445.8162307739258,567.1849822998047,1547.724266052246,480.07728338241577,1569.8961639404297
1406,46.86814046121594,True,63.3,169.0,178.0,178.9,171.3,173.7,96.3,176.8,584.5667266845703,1168.3769989013672,506.0137188434601,1156.0927963256836,613.6537384986877,1169.381332397461,508.51638078689575,1103.1095123291016,583.5583877563477,1104.034652709961,525.7766211032867,1032.2807693481445,562.0160865783691,1323.4025573730469,507.5055956840515,1320.7255554199219,562.885959148407,1438.0906677246094,494.8623812198639,1445.7706832885742,567.4408650398254,1546.812858581543,479.86716985702515,1569.8868942260742
1407,46.9014748427673,True,57.6,168.3,178.0,179.0,171.5,173.4,90.9,176.9,585.3257489204407,1168.3138275146484,506.0181927680969,1155.9862518310547,615.6867671012878,1172.2247314453125,508.2331073284149,1103.419532775879,584.5538520812988,1105.6733322143555,525.9431219100952,1032.7354431152344,562.8184962272644,1323.0805206298828,507.8509247303009,1320.5058288574219,563.3516335487366,1436.8622589111328,494.99077320098877,1443.8774871826172,567.6219463348389,1545.8910369873047,479.7052073478699,1569.8248672485352
1408,46.93480922431866,True,56.0,167.0,178.6,179.1,171.3,173.2,88.8,177.9,586.5367984771729,1168.293571472168,506.77409291267395,1155.963134765625,615.271303653717,1173.105697631836,508.06055545806885,1105.6514739990234,584.5013880729675,1105.520896911621,526.057995557785,1035.6798934936523,563.9387798309326,1322.7890396118164,508.54132533073425,1320.461196899414,564.623966217041,1436.7622375488281,495.2694761753082,1443.552017211914,567.8851675987244,1545.4201126098633,479.5585012435913,1569.8014068603516
1409,46.968143605870026,True,55.8,166.2,179.0,179.5,172.1,172.1,87.7,179.0,586.9972586631775,1168.213119506836,507.22888827323914,1156.2751007080078,614.7762107849121,1173.1589126586914,507.195543050766,1109.454231262207,584.4970107078552,1105.4500579833984,524.9945533275604,1036.9544219970703,565.7524251937866,1322.80517578125,510.2779483795166,1320.6140899658203,565.8329558372498,1436.8274688720703,495.7204735279083,1442.636947631836,567.8805327415466,1545.4482650756836,479.3860459327698,1569.3169784545898
1410,47.00147798742138,True,53.0,165.9,178.6,179.0,173.0,171.8,84.8,179.0,587.3841404914856,1168.1531524658203,507.50508069992065,1157.0013427734375,615.6588292121887,1174.5096588134766,507.21871733665466,1112.047004699707,584.5281672477722,1105.8089447021484,525.0023102760315,1039.397964477539,567.1231198310852,1322.7915573120117,511.4884829521179,1320.611343383789,566.1450362205505,1436.8161392211914,496.9090247154236,1442.4949264526367,567.8943729400635,1544.8994064331055,479.4208073616028,1569.2816162109375
1411,47.034812368972744,True,51.1,164.9,178.3,178.5,173.7,171.3,82.2,178.9,587.4167132377625,1168.7380599975586,507.73247838020325,1158.2305526733398,615.7411623001099,1176.3110733032227,507.23764300346375,1116.1576080322266,585.3224015235901,1107.8780364990234,525.9404182434082,1043.6733627319336,568.0352210998535,1323.1005477905273,512.7615237236023,1320.864143371582,566.3452363014221,1437.282829284668,498.0542206764221,1442.5724029541016,567.9797315597534,1544.9297332763672,479.43068861961365,1569.4854354858398
1412,47.06814675052411,True,48.6,163.1,178.1,178.1,174.1,171.2,78.9,179.7,587.5753283500671,1169.2906951904297,507.8922200202942,1158.9566802978516,615.4572129249573,1178.4209060668945,506.7122948169708,1119.1984176635742,586.1066579818726,1110.0653457641602,526.5195178985596,1046.0865783691406,568.764374256134,1322.7880096435547,513.5954117774963,1320.604362487793,566.5925574302673,1437.2600555419922,499.20530676841736,1442.4821090698242,568.0370879173279,1544.9538803100586,479.76906538009644,1570.0130081176758
1413,47.10148113207547,True,44.0,162.2,177.9,178.1,174.7,170.8,73.8,179.5,588.0553579330444,1169.6540451049805,508.558931350708,1159.0508651733398,615.2121448516846,1181.1833953857422,506.69269323349,1121.1133575439453,586.2545228004456,1112.8216552734375,526.0656881332397,1048.6431884765625,569.8413991928101,1322.673110961914,514.9594116210938,1320.5078887939453,566.8376898765564,1437.1075057983398,500.11277318000793,1442.4540710449219,568.0474519729614,1544.9739074707031,480.2347719669342,1570.6061553955078
1414,47.13481551362683,True,39.8,160.5,178.6,178.0,174.5,170.7,69.5,177.6,588.8955545425415,1169.6992492675781,509.54020142555237,1158.9746475219727,615.0406551361084,1183.1611633300781,506.60672307014465,1123.0305862426758,586.5087962150574,1115.749282836914,525.2241718769073,1052.5623321533203,570.7617402076721,1322.3760223388672,515.9093642234802,1319.8653030395508,568.1357073783875,1437.0688247680664,500.93932271003723,1442.0482635498047,568.350133895874,1544.6875762939453,480.6258702278137,1571.0244369506836
1415,47.168149895178196,True,37.9,160.6,178.7,177.9,174.9,170.6,67.0,175.6,589.3222832679749,1169.6908950805664,510.47080993652344,1159.6095657348633,614.9005150794983,1184.128761291504,506.3857305049896,1125.7114791870117,586.4842700958252,1115.9706115722656,522.2259986400604,1054.610824584961,572.0237731933594,1322.343521118164,517.3548603057861,1319.6984481811523,569.2066168785095,1437.0222473144531,502.46374011039734,1442.0649719238281,569.0870118141174,1544.6233749389648,481.77319049835205,1572.6655197143555
1416,47.20148427672956,True,36.9,160.6,179.5,177.7,174.4,171.3,66.1,173.9,590.134928226471,1169.3109512329102,510.67110657691956,1159.6187210083008,614.8353052139282,1183.828125,505.91516375541687,1127.7845764160156,586.4730048179626,1115.7146072387695,519.9499619007111,1055.0380325317383,572.5576186180115,1322.314796447754,517.4664187431335,1319.5330810546875,570.6385946273804,1437.3015975952148,504.0373384952545,1442.0855712890625,569.8179030418396,1544.736442565918,484.2869567871094,1572.9504776000977
1417,47.23481865828092,True,32.8,151.8,179.8,178.4,173.4,171.8,62.9,165.2,592.1242475509644,1168.5549545288086,510.69589018821716,1159.7162246704102,614.7982263565063,1184.0105438232422,502.6379334926605,1133.661003112793,586.0208487510681,1116.0769271850586,517.0958232879639,1059.198875427246,572.6671171188354,1322.662467956543,517.279736995697,1319.5781707763672,571.4616680145264,1438.2505416870117,504.6774637699127,1442.050666809082,570.0412774085999,1544.922981262207,487.59923815727234,1572.9009246826172
1418,47.268153039832285,True,28.6,148.1,178.8,179.6,172.9,171.8,59.4,160.0,592.3796153068542,1166.2847900390625,510.68578362464905,1159.6048736572266,614.8925971984863,1183.729248046875,500.4466760158539,1134.6556091308594,585.2898287773132,1116.0297775268555,512.9296338558197,1060.6943893432617,572.7320051193237,1322.5927734375,517.1689510345459,1319.234619140625,572.6105332374573,1438.3527374267578,504.4853746891022,1441.9762802124023,570.1731777191162,1545.3347396850586,490.1105582714081,1572.8773498535156
1419,47.30148742138365,True,22.8,144.8,178.3,179.8,172.7,171.8,55.0,155.2,592.2864675521851,1163.2146835327148,510.6510543823242,1158.6894607543945,614.5815467834473,1183.3718490600586,498.2341432571411,1134.4798278808594,583.1499409675598,1116.3410568237305,508.7677574157715,1059.590721130371,572.5819516181946,1321.3141250610352,517.1498966217041,1317.447395324707,572.9725027084351,1437.8534317016602,504.5054268836975,1440.457420349121,570.1705384254456,1545.3014373779297,491.5359055995941,1572.2618865966797
1420,47.33482180293501,True,17.9,140.9,178.3,180.0,172.5,172.6,53.1,149.3,592.2032976150513,1162.335319519043,510.64117312431335,1158.6595916748047,613.7811970710754,1183.2361221313477,496.34122252464294,1136.4228057861328,578.65567445755,1117.2861099243164,504.689759016037,1061.121826171875,572.286479473114,1319.7734069824219,516.207765340805,1315.462875366211,572.8996968269348,1437.6502990722656,504.572696685791,1438.4257507324219,570.2566051483154,1545.4935836791992,492.09401965141296,1571.0173416137695
1421,47.368156184486374,True,10.9,135.2,178.4,179.9,172.0,173.4,46.8,142.3,591.25572681427,1162.5506973266602,509.7653138637543,1159.0000534057617,610.2628898620605,1185.66650390625,494.17059659957886,1140.0743865966797,575.0847101211548,1121.0302734375,500.7856321334839,1068.3733749389648,570.785493850708,1320.8649444580078,514.7439551353455,1315.8976364135742,572.1834182739258,1438.531837463379,504.50887084007263,1438.6612701416016,570.5205988883972,1546.8737411499023,493.6794626712799,1570.719223022461
1422,47.40149056603774,True,8.7,128.1,178.3,179.3,170.6,174.7,45.5,135.2,589.9264240264893,1162.8228378295898,508.9861750602722,1159.251823425293,608.3006072044373,1186.6429138183594,489.96214628219604,1141.04736328125,572.1933960914612,1121.3209533691406,496.88803911209106,1071.3772201538086,567.8318667411804,1322.197151184082,512.8739511966705,1316.572608947754,570.898597240448,1439.2078399658203,504.4506776332855,1439.2038345336914,570.5782127380371,1547.0537567138672,493.7747025489807,1570.690040588379
1423,47.4348249475891,True,2.7,125.1,177.9,178.1,169.2,176.0,39.2,132.5,587.8940391540527,1163.4564971923828,507.1294641494751,1160.2980422973633,603.5808420181274,1189.6222686767578,486.6153609752655,1142.2623825073242,569.3158578872681,1125.8452606201172,493.8893508911133,1075.1554870605469,564.707522392273,1323.9525604248047,510.3735423088074,1318.5478591918945,569.9532794952393,1440.234375,504.4292092323303,1440.8319854736328,570.9019446372986,1546.9837188720703,493.68107199668884,1570.865592956543
1424,47.46815932914046,True,0.9,125.8,177.6,176.5,167.6,177.4,36.4,136.2,585.2416777610779,1163.5093688964844,503.3379578590393,1160.3497695922852,599.8372936248779,1191.184959411621,484.10922288894653,1141.1781692504883,566.8571949005127,1130.9606552124023,494.3844437599182,1076.7948532104492,560.7778072357178,1325.5241775512695,507.0523774623871,1320.751075744629,568.5935282707214,1441.930274963379,504.3778073787689,1445.2556991577148,571.2176942825317,1546.9762802124023,493.8935351371765,1571.5130996704102
1425,47.501493710691825,True,3.0,117.3,178.0,174.8,167.1,179.4,35.0,131.8,581.431245803833,1163.5969161987305,499.69879031181335,1160.3974914550781,596.9340062141418,1194.2994689941406,480.57865262031555,1144.010353088379,563.5716605186462,1136.1230850219727,494.29383873939514,1085.9486389160156,557.97687292099,1325.7290267944336,502.9658818244934,1321.703109741211,567.3794531822205,1441.845932006836,504.0896415710449,1445.6831359863281,572.2611165046692,1546.5720748901367,493.71490001678467,1571.6876220703125
1426,47.53482809224319,True,5.3,91.2,177.8,174.4,166.2,179.2,33.6,112.2,580.9133648872375,1164.4988250732422,497.5323486328125,1160.5157089233398,597.7375102043152,1200.4035186767578,473.2966160774231,1150.9620666503906,562.2005152702332,1139.901123046875,493.4170460700989,1096.6860580444336,556.7294526100159,1325.9980773925781,499.49756026268005,1322.7224349975586,567.4070048332214,1441.560173034668,502.6872754096985,1445.5214309692383,572.9636192321777,1544.0360641479492,493.5909175872803,1571.6827011108398
1427,47.56816247379455,True,8.4,65.7,177.5,174.9,165.5,179.0,32.7,91.8,579.274492263794,1165.3802490234375,495.09602308273315,1160.3747177124023,598.749840259552,1208.620834350586,468.2062232494354,1159.896125793457,562.8810024261475,1152.7174758911133,494.70431327819824,1103.9623260498047,555.2486801147461,1326.3764190673828,497.29642152786255,1323.8898468017578,567.4154376983643,1441.1846923828125,501.03681564331055,1446.3371658325195,573.5933804512024,1541.3518524169922,493.64067792892456,1571.6559219360352
1428,47.601496855345914,True,11.0,40.1,177.2,175.5,164.8,178.7,32.8,72.0,577.0134544372559,1168.0011749267578,492.9833972454071,1159.6341705322266,598.7169456481934,1215.7366561889648,465.3917062282562,1168.9099502563477,560.7390546798706,1162.3876190185547,495.1113438606262,1120.1057052612305,553.6964535713196,1327.0180892944336,494.7577428817749,1324.8168182373047,567.5752758979797,1441.8546295166016,498.9677059650421,1448.7040328979492,574.6602988243103,1541.1284637451172,493.54617834091187,1571.718635559082
1429,47.63483123689728,True,17.2,9.6,173.9,176.4,163.8,179.0,32.8,58.8,573.3647274971008,1168.1623077392578,484.9964761734009,1158.1300735473633,597.2813630104065,1218.702163696289,462.2611176967621,1173.4858703613281,561.1149287223816,1179.298210144043,479.60845470428467,1156.9268417358398,552.5450778007507,1326.994285583496,493.3231258392334,1324.7013473510742,570.1458835601807,1441.7817306518555,497.33388662338257,1448.4722900390625,574.6799969673157,1540.6179428100586,493.5793948173523,1570.4512023925781
1430,47.66816561844864,True,40.8,5.4,172.7,177.3,163.4,177.0,28.5,33.8,571.9625544548035,1168.6444473266602,478.9300274848938,1158.1617736816406,595.2760148048401,1228.6657333374023,458.0117905139923,1195.6194305419922,571.6113996505737,1216.0715103149414,474.327871799469,1171.9165420532227,551.8975496292114,1326.9319152832031,492.3922276496887,1325.189552307129,571.0906863212585,1442.797737121582,495.8952784538269,1449.1283798217773,574.6724009513855,1540.785255432129,493.6262905597687,1570.4355239868164
1431,47.7015,True,53.5,26.2,170.2,177.9,162.2,177.2,25.5,26.0,571.7317771911621,1168.9871978759766,476.84266805648804,1158.2276916503906,595.1540279388428,1239.8783111572266,453.85342240333557,1217.3175430297852,568.4510064125061,1231.0962295532227,475.64677834510803,1197.2908401489258,551.4923214912415,1328.0279159545898,490.95194578170776,1328.0205917358398,573.0778813362122,1443.9502716064453,495.0666046142578,1450.9589767456055,574.3837523460388,1540.9159469604492,494.6518814563751,1570.4418182373047
1432,47.734834381551366,True,146.3,92.7,168.8,177.8,161.7,176.3,26.5,22.1,570.5164790153503,1170.5873107910156,472.33636379241943,1159.1173553466797,593.5228157043457,1235.7499694824219,455.1923167705536,1218.288459777832,588.988573551178,1253.6064147949219,477.32250452041626,1225.836410522461,551.0245227813721,1327.8911590576172,490.0844871997833,1328.393325805664,574.1184067726135,1444.4742965698242,495.101398229599,1453.267478942871,574.1366243362427,1548.944435119629,495.3495240211487,1570.923957824707
1433,47.76816876310273,True,156.4,133.5,168.8,178.3,162.3,175.6,28.7,23.1,570.803325176239,1172.3343658447266,470.47353744506836,1163.4867095947266,593.909182548523,1230.7152557373047,455.43197751045227,1214.8896789550781,592.7304482460022,1264.800910949707,469.592045545578,1239.2571258544922,551.3980150222778,1328.437385559082,490.1918935775757,1329.5962142944336,573.9442133903503,1448.2041549682617,495.25132298469543,1453.674659729004,572.966902256012,1561.1137390136719,496.48364782333374,1571.0508728027344
1434,47.80150314465409,True,162.9,153.8,170.1,178.3,163.3,174.8,26.9,20.6,571.2014722824097,1175.7471084594727,468.86749505996704,1169.018211364746,594.1514182090759,1239.6226501464844,453.8968098163605,1232.9284286499023,597.024450302124,1300.3698348999023,466.6546082496643,1288.0525588989258,551.515302658081,1332.1392059326172,490.4025864601135,1333.4169387817383,572.4230146408081,1457.1728897094727,495.26654720306396,1456.8809509277344,571.5910577774048,1572.187728881836,496.3508141040802,1571.9872283935547
1435,47.834837526205455,True,172.6,164.1,171.6,178.0,164.3,174.2,25.2,17.7,571.5747714042664,1177.8162002563477,468.07554602622986,1173.5210037231445,594.3730545043945,1247.6802062988281,455.3657054901123,1247.1909713745117,607.4693584442139,1316.9031143188477,462.4375641345978,1313.3476638793945,551.7375183105469,1335.9059143066406,490.88303446769714,1338.6100387573242,571.1449527740479,1465.030288696289,495.3688359260559,1460.317726135254,571.4281296730042,1581.4375305175781,495.5052101612091,1572.084617614746
1436,47.86817190775682,True,177.2,170.5,173.3,177.6,165.2,173.9,24.0,16.8,571.9545722007751,1180.1806640625,468.54501843452454,1177.9047775268555,594.716227054596,1255.2843475341797,456.21349811553955,1257.1888732910156,613.9137411117554,1331.708106994629,457.0597457885742,1331.3145446777344,552.223470211029,1336.6575622558594,491.0483765602112,1339.5322036743164,569.7187042236328,1466.869239807129,494.8464810848236,1461.064682006836,571.6515684127808,1588.6457061767578,493.58158349990845,1572.0839309692383
1437,47.90150628930818,True,179.8,172.4,175.4,176.4,165.7,173.9,23.8,16.8,573.4244656562805,1183.2120895385742,469.1863989830017,1182.5359725952148,596.2604713439941,1261.1674118041992,456.2840509414673,1264.7656631469727,619.0384125709534,1339.756736755371,454.45910811424255,1341.5646743774414,552.8461503982544,1340.408592224121,491.1834955215454,1342.1348190307617,568.3276033401489,1470.2832412719727,494.8775088787079,1463.016700744629,573.1887316703796,1595.335693359375,491.43152475357056,1572.6421737670898
1438,47.93484067085954,True,178.8,171.5,178.0,176.6,165.8,173.5,22.8,17.5,576.5974760055542,1187.0643997192383,470.3452742099762,1185.762062072754,597.3179912567139,1265.7775497436523,456.44025206565857,1267.2153854370117,619.8762273788452,1344.539909362793,454.75120067596436,1346.0124206542969,554.4850873947144,1343.9345169067383,492.2075092792511,1344.7873306274414,568.336808681488,1472.881965637207,495.03210067749023,1465.3841400146484,577.0553612709045,1593.5826873779297,491.1183500289917,1572.6398849487305
1439,47.9681750524109,True,176.3,170.3,179.7,176.7,165.2,173.1,21.6,17.9,581.1796760559082,1189.8900604248047,471.27984166145325,1188.1959915161133,598.3039927482605,1267.9948425292969,456.787930727005,1269.6782684326172,620.0206160545349,1343.3116149902344,456.21121287345886,1345.898551940918,555.6929183006287,1347.1749114990234,493.1686305999756,1347.311897277832,568.2291769981384,1474.6207809448242,495.076904296875,1467.289924621582,579.9146175384521,1600.5182647705078,490.73014855384827,1572.3161315917969
1440,48.00150943396226,True,176.2,167.7,178.5,176.6,164.2,174.1,20.3,18.7,586.5392446517944,1193.4605026245117,474.51539039611816,1189.6875,599.8211359977722,1270.6927871704102,456.9072461128235,1272.5778579711914,617.8940534591675,1345.6216049194336,457.2425973415375,1346.1822509765625,557.0226073265076,1351.4636993408203,493.4484601020813,1350.1146697998047,568.4647178649902,1477.5030899047852,495.0946068763733,1469.4671630859375,583.6709761619568,1606.8103408813477,490.3995609283447,1572.0799255371094
1441,48.034843815513625,True,174.4,166.1,179.8,176.2,162.9,175.9,17.6,19.2,592.6055645942688,1194.1709518432617,478.9740586280823,1191.0530090332031,600.5956721305847,1270.5417251586914,458.74361515045166,1271.3622665405273,614.7162795066833,1339.262466430664,458.4602129459381,1340.8505630493164,559.3489193916321,1356.2556838989258,493.4786832332611,1354.9385833740234,571.3651728630066,1480.9777450561523,495.4279625415802,1474.0439987182617,583.2842874526978,1608.3747482299805,490.52969098091125,1572.76611328125
1442,48.06817819706499,True,172.4,163.3,178.1,176.4,161.8,176.4,14.5,20.4,600.1565194129944,1195.027198791504,485.10932207107544,1191.7064666748047,602.6034665107727,1268.5945129394531,461.0724377632141,1272.5495910644531,613.8657832145691,1335.5321502685547,461.2123203277588,1347.6808547973633,563.5307836532593,1359.0684127807617,496.06531977653503,1356.9558334350586,575.6612992286682,1483.2086563110352,496.39581084251404,1476.3259506225586,584.0274095535278,1612.339210510254,490.5583691596985,1572.6020050048828
1443,48.10151257861635,True,175.8,159.8,176.5,177.7,160.8,175.1,10.5,21.8,607.8595876693726,1196.349220275879,491.5181064605713,1190.8209228515625,604.3511939048767,1270.3078079223633,465.96646070480347,1266.7807388305664,606.1504197120667,1338.2841110229492,467.9285502433777,1337.4157333374023,568.85333776474,1362.2988510131836,500.76509714126587,1357.8210067749023,582.0157527923584,1488.2637405395508,497.17530369758606,1477.9118728637695,587.4019718170166,1615.342025756836,490.5943214893341,1572.2172546386719
1444,48.134846960167714,True,176.6,152.2,177.6,177.2,161.4,173.9,5.3,21.4,615.0472211837769,1195.660400390625,497.23835706710815,1189.6294784545898,604.6287059783936,1268.0448532104492,472.38364577293396,1263.4370040893555,590.9658551216125,1334.4225311279297,483.02321791648865,1329.001808166504,574.6884942054749,1363.6885070800781,505.65181374549866,1359.5376205444336,585.8828973770142,1489.614028930664,498.66524934768677,1482.6934432983398,592.1192264556885,1621.7523193359375,489.28603649139404,1571.6429901123047
1445,48.16818134171908,True,162.5,147.5,177.5,176.6,163.1,172.5,9.1,21.3,619.0590119361877,1194.7983169555664,502.0139980316162,1188.8788604736328,614.1644740104675,1267.7240753173828,477.601979970932,1262.8717803955078,589.2589402198792,1331.5038299560547,493.68290662765503,1326.426658630371,580.4229068756104,1362.9699325561523,510.9540259838104,1358.5986328125,589.205961227417,1488.8933944702148,501.2227249145508,1482.0090866088867,592.7397179603577,1624.8223114013672,488.7467837333679,1571.407814025879
1446,48.20151572327044,True,167.8,143.2,177.1,176.8,164.0,171.5,4.8,21.0,625.434901714325,1194.3954849243164,507.7700400352478,1188.760643005371,614.6879553794861,1266.8330383300781,483.6243009567261,1261.4777755737305,590.5404782295227,1331.045036315918,504.41890954971313,1323.845100402832,585.7042622566223,1363.1073760986328,515.6060707569122,1358.1693649291992,591.9607400894165,1493.342399597168,502.50876903533936,1485.4343032836914,591.6739583015442,1627.1003723144531,488.82506132125854,1571.0316467285156
1447,48.2348501048218,True,164.0,144.0,176.7,178.2,165.2,169.5,5.3,20.0,629.4135403633118,1193.5993194580078,511.9184947013855,1187.6576614379883,619.5706486701965,1267.0592880249023,489.76133465766907,1260.29296875,591.2115669250488,1331.9397354125977,511.37628078460693,1322.7777099609375,590.5161452293396,1362.7436828613281,520.9480655193329,1358.6117935180664,594.6874523162842,1494.5262908935547,504.24680829048157,1486.5055847167969,591.3272452354431,1627.5981903076172,491.0495352745056,1567.7692794799805
1448,48.268184486373165,True,166.0,147.6,177.1,178.0,166.6,169.6,8.8,19.0,634.5388555526733,1191.2490463256836,516.2930274009705,1184.8511123657227,629.0919327735901,1267.631721496582,494.19087409973145,1260.014533996582,606.4820694923401,1336.7262268066406,512.5226998329163,1323.9646911621094,595.2131223678589,1363.8853454589844,524.2835211753845,1360.1137161254883,596.4882230758667,1501.9034957885742,506.07049584388733,1493.0657958984375,591.0818552970886,1629.9295806884766,493.14854621887207,1567.7804946899414
1449,48.30151886792453,True,163.1,145.4,177.2,179.3,167.7,170.2,11.0,19.5,639.0458035469055,1190.119400024414,520.2744662761688,1182.806625366211,636.630527973175,1268.5808944702148,496.26806259155273,1261.1510467529297,613.3599400520325,1337.6265335083008,516.0009670257568,1323.483009338379,599.5588159561157,1364.926643371582,527.9561305046082,1361.1799621582031,598.399007320404,1503.962059020996,510.58040499687195,1495.7440567016602,591.1360573768616,1629.9694061279297,498.80542159080505,1578.4946823120117
1450,48.33485324947589,True,161.9,146.4,177.5,172.9,168.9,171.7,14.3,19.6,642.4739241600037,1188.3193588256836,524.1256785392761,1181.5053176879883,645.1170802116394,1270.1317977905273,499.3151593208313,1261.7986679077148,622.9512619972229,1346.3135147094727,518.0684351921082,1325.540771484375,603.4318828582764,1365.890121459961,531.8030297756195,1361.8005752563477,600.2217292785645,1503.5784530639648,518.0610966682434,1495.125961303711,591.8628287315369,1629.5300674438477,519.8860394954681,1584.8018646240234
1451,48.368187631027254,True,168.1,149.0,177.8,174.9,168.9,174.2,17.8,20.7,646.8348097801208,1187.4969863891602,529.673216342926,1179.6299743652344,653.8965940475464,1269.7943115234375,502.1981370449066,1258.9831924438477,644.3032121658325,1348.0460357666016,516.3149464130402,1326.0268020629883,606.0549545288086,1365.5011367797852,534.8976337909698,1362.212791442871,601.7606949806213,1504.6814346313477,525.2499854564667,1496.2398147583008,593.0445241928101,1631.1979293823242,527.1147429943085,1604.8778915405273
1452,48.40152201257862,True,173.7,149.7,177.6,180.0,169.2,177.8,16.7,22.5,651.0816264152527,1187.5166702270508,534.4784045219421,1178.9926528930664,656.3624024391174,1271.5928649902344,504.3474876880646,1255.195198059082,652.4355840682983,1354.3191146850586,515.1821422576904,1326.1370086669922,609.3919229507446,1366.0095977783203,537.4244999885559,1362.4816131591797,603.6259031295776,1506.2124252319336,534.397873878479,1497.264289855957,593.2473635673523,1631.612319946289,531.7287111282349,1617.5555419921875
1453,48.43485639412998,True,177.6,152.3,176.7,178.1,169.5,178.4,16.6,23.8,654.3701863288879,1189.2415237426758,537.6370918750763,1179.0796279907227,659.8559260368347,1276.6461181640625,505.58058500289917,1257.5151443481445,661.6014003753662,1360.1763153076172,513.4013593196869,1339.0983581542969,613.3001375198364,1367.4450302124023,542.7978444099426,1364.5259857177734,607.114405632019,1512.7719497680664,542.7735114097595,1505.8927917480469,594.8706579208374,1634.4695663452148,538.3612561225891,1635.307960510254
1454,48.46819077568134,True,176.8,156.3,176.8,177.8,169.6,178.0,17.4,22.9,656.6932153701782,1190.4853820800781,539.4846296310425,1179.140968322754,663.9422607421875,1279.9890518188477,508.97056460380554,1260.0016021728516,674.6660327911377,1357.5171661376953,513.2774090766907,1341.0650253295898,616.2677335739136,1369.4075775146484,546.5889644622803,1365.988998413086,610.4286503791809,1515.5302047729492,547.0391249656677,1509.8039245605469,598.941478729248,1634.8992919921875,552.7689671516418,1645.1554870605469
1455,48.501525157232706,True,174.2,158.6,177.4,177.2,169.5,179.4,17.8,22.7,659.6826338768005,1192.0212936401367,540.853328704834,1180.276107788086,667.5821685791016,1280.1032638549805,510.4676878452301,1264.544906616211,682.1919465065002,1355.5366516113281,512.7070319652557,1347.7288055419922,619.1253805160522,1372.082633972168,550.2382063865662,1369.4328689575195,613.5861468315125,1517.5330352783203,555.8139395713806,1513.8183975219727,603.8660144805908,1633.5264587402344,568.4033060073853,1658.5334014892578
1456,48.53485953878407,True,173.5,162.1,176.9,178.1,169.8,179.5,20.5,22.3,662.0224642753601,1193.44482421875,540.8570623397827,1182.5212097167969,674.5136618614197,1281.2707901000977,511.81260108947754,1270.1708221435547,693.7260460853577,1355.1045227050781,511.17060899734497,1355.8696746826172,622.1610832214355,1374.9401092529297,554.2063522338867,1373.5352325439453,616.5662956237793,1518.577537536621,563.2221150398254,1519.4328689575195,605.8634448051453,1633.3316802978516,577.0902514457703,1665.735740661621
1457,48.56819392033543,True,173.0,164.5,179.2,177.4,172.0,178.8,23.8,21.4,663.0409741401672,1194.8521041870117,541.4117646217346,1184.4526290893555,681.1762690544128,1281.734962463379,514.1215968132019,1275.761489868164,706.1353611946106,1355.1697540283203,512.3503410816193,1363.578987121582,623.9415121078491,1379.2109298706055,557.6695561408997,1377.7424240112305,614.1332530975342,1520.2127838134766,566.6969060897827,1522.184944152832,604.3801617622375,1637.6304244995117,582.5960755348206,1670.2195358276367
1458,48.601528301886795,True,174.5,164.9,179.7,178.1,174.2,178.2,26.2,21.8,664.572343826294,1195.9270477294922,542.8474760055542,1186.665916442871,687.3092794418335,1281.2454986572266,515.485532283783,1278.9115905761719,714.3788409233093,1353.951644897461,513.240909576416,1368.7227630615234,627.4436616897583,1382.5825881958008,560.8366441726685,1382.0341873168945,614.1821122169495,1522.8088760375977,569.541871547699,1525.1078796386719,603.4385132789612,1643.774642944336,583.7699818611145,1676.5046310424805
1459,48.63486268343816,True,173.1,163.6,178.9,178.7,174.6,177.9,27.7,21.8,666.0648322105408,1196.4635467529297,543.1455230712891,1189.50439453125,691.81880235672,1280.9739303588867,515.77965259552,1286.3421249389648,723.0313467979431,1351.5021514892578,516.7428660392761,1376.4749908447266,630.5031180381775,1383.6590194702148,563.6677694320679,1384.2778015136719,617.3811936378479,1522.4975967407227,573.5316467285156,1529.5636367797852,602.9439997673035,1650.105857849121,587.552797794342,1684.1999816894531
1460,48.66819706498952,True,170.4,162.1,179.5,177.5,175.7,176.9,28.7,22.1,666.2045216560364,1196.982650756836,543.3658075332642,1191.5909957885742,693.9339709281921,1280.1591110229492,516.8860960006714,1288.8567352294922,728.255603313446,1344.5268630981445,521.0169124603271,1378.641242980957,631.8672466278076,1386.5500259399414,566.936309337616,1387.7026748657227,617.9038381576538,1520.9480667114258,576.4285612106323,1533.8057327270508,605.1290130615234,1654.3133926391602,593.248393535614,1688.9452743530273
1461,48.70153144654088,True,170.2,160.7,177.8,176.2,176.3,175.4,29.3,22.7,666.5332102775574,1196.780776977539,543.085720539093,1193.4171295166016,695.5266880989075,1277.6165771484375,517.7244257926941,1290.4520416259766,730.1753997802734,1338.815689086914,524.7851479053497,1377.8742599487305,634.3274545669556,1388.8271713256836,570.8276581764221,1390.521469116211,620.727367401123,1521.3018035888672,579.6528768539429,1536.544189453125,611.8679022789001,1660.495948791504,599.271776676178,1691.0795974731445
1462,48.734865828092246,True,170.4,157.7,176.8,174.0,177.1,174.6,28.8,22.7,667.959201335907,1197.3831939697266,542.4231934547424,1194.9193954467773,697.5608110427856,1277.4982452392578,517.4506151676178,1294.8686599731445,730.6292295455933,1335.0488662719727,529.5277011394501,1377.98583984375,638.5123443603516,1394.3033981323242,573.5220551490784,1399.1374969482422,625.6152749061584,1526.905288696289,582.2749829292297,1551.148796081543,620.3269028663635,1657.2101211547852,607.9470062255859,1708.7125396728516
1463,48.76820020964361,True,172.4,154.6,179.9,174.4,175.9,175.6,28.5,22.2,668.4272575378418,1197.7419662475586,541.9592571258545,1196.0712432861328,698.1223368644714,1277.4402236938477,517.4566662311554,1296.9140625,728.8359904289246,1335.0575637817383,534.7356069087982,1379.9695587158203,639.642927646637,1401.7212295532227,573.5894536972046,1407.3877716064453,630.4094552993774,1536.5913391113281,584.8912954330444,1566.4683151245117,622.6240539550781,1653.981056213379,612.4227333068848,1727.9071426391602
1464,48.80153459119497,True,173.7,153.3,175.7,174.7,174.4,175.7,26.9,21.2,669.1558957099915,1198.0177688598633,541.5853142738342,1196.56494140625,697.3936986923218,1277.3478698730469,519.4670355319977,1297.569808959961,725.4060673713684,1335.0718688964844,540.8550024032593,1380.966911315918,643.034098148346,1400.6850814819336,574.6317172050476,1407.934799194336,638.7734413146973,1538.4434509277344,587.6501941680908,1571.3512802124023,627.0257520675659,1649.4903945922852,615.3367710113525,1731.3854598999023
1465,48.834868972746335,True,176.4,153.0,158.6,176.0,170.8,176.3,26.8,19.3,669.9640345573425,1197.9217529296875,541.3083815574646,1196.6807556152344,698.3019375801086,1277.2756576538086,522.3155415058136,1299.426383972168,723.3703994750977,1335.6418991088867,547.0576643943787,1382.5506591796875,644.0988278388977,1402.8981399536133,574.5285272598267,1410.6670761108398,649.0930795669556,1543.4517288208008,589.4525098800659,1575.8396530151367,626.9650483131409,1606.2367630004883,614.0735793113708,1728.4794616699219
1466,48.8682033542977,True,179.0,153.2,110.6,176.4,167.8,176.8,26.6,17.5,671.9047522544861,1197.8884506225586,541.1094689369202,1196.5010833740234,699.88853931427,1278.185806274414,524.9450182914734,1299.983139038086,721.9057846069336,1338.006820678711,551.5398931503296,1382.3311614990234,645.1284742355347,1405.283088684082,573.9588904380798,1413.0233001708984,657.4364018440247,1549.2121124267578,590.091347694397,1582.997703552246,624.8058485984802,1564.7953033447266,613.6114454269409,1731.8719482421875
1467,48.90153773584906,True,179.1,153.8,124.3,174.2,165.9,175.9,25.3,16.3,672.9151511192322,1197.0063400268555,541.0243678092957,1196.429214477539,699.8403882980347,1280.166893005371,527.3299419879913,1299.7982025146484,720.4237246513367,1347.388572692871,555.5478858947754,1383.1806564331055,645.859043598175,1405.1893615722656,574.1790461540222,1412.6152038574219,663.0705857276917,1552.4811172485352,588.1449007987976,1585.176773071289,623.4975957870483,1586.847038269043,614.6408343315125,1729.526138305664
1468,48.934872117400424,True,173.8,154.0,125.6,172.7,165.4,174.9,22.2,15.9,675.1298403739929,1196.3676452636719,541.0619616508484,1195.334243774414,698.4761953353882,1286.2566375732422,528.3266615867615,1299.6417617797852,710.1004815101624,1365.647964477539,557.5945615768433,1384.489517211914,647.1290588378906,1404.6948623657227,574.83243227005,1410.8028030395508,665.5409002304077,1554.781723022461,586.2496304512024,1583.0699157714844,622.674458026886,1594.251480102539,614.3356418609619,1726.8304824829102
1469,48.96820649895178,True,172.3,154.2,140.0,172.0,166.2,174.4,19.8,15.9,676.9765090942383,1195.7027435302734,541.1015510559082,1192.859230041504,697.8334951400757,1291.2785339355469,527.9962027072906,1299.5444869995117,704.9221873283386,1380.1268005371094,557.2549295425415,1385.7289123535156,649.4775795936584,1403.7331008911133,575.1044082641602,1409.4340896606445,665.9965968132019,1554.884262084961,585.0626564025879,1582.6782989501953,625.8969712257385,1614.9547576904297,614.6069741249084,1730.3629302978516
1470,49.00154088050314,True,171.4,154.2,155.9,171.3,165.8,174.4,18.1,16.1,679.0072202682495,1195.2889251708984,541.2192249298096,1191.4321517944336,697.4218940734863,1297.3997497558594,527.2993648052216,1299.6772384643555,700.0913143157959,1391.5888595581055,556.7070508003235,1387.8889846801758,650.2831435203552,1403.3324432373047,574.8995733261108,1408.930892944336,667.3637509346008,1556.7340850830078,584.7152352333069,1584.8724746704102,635.6530237197876,1655.5286407470703,615.7123875617981,1731.7435455322266
1471,49.034875262054506,True,169.5,154.2,167.9,172.5,167.2,174.7,16.1,16.4,680.751793384552,1195.2274703979492,541.2935757637024,1190.6525802612305,696.5394687652588,1302.2593688964844,526.5313625335693,1300.1314544677734,693.0833458900452,1398.0083084106445,555.8584213256836,1389.54345703125,652.6764678955078,1403.2844924926758,574.9067831039429,1409.615364074707,667.0139479637146,1563.313980102539,585.4821753501892,1585.550308227539,650.3630948066711,1698.8661575317383,614.509642124176,1735.2746200561523
1472,49.06820964360587,True,165.9,153.4,171.0,172.9,166.5,175.0,15.7,17.1,682.1386456489563,1195.2202606201172,541.5272498130798,1190.3076553344727,696.0781717300415,1300.7652282714844,524.8746263980865,1300.0139236450195,684.5984673500061,1400.8182907104492,554.5384526252747,1391.6845321655273,651.5496182441711,1407.8288269042969,574.6318459510803,1411.574592590332,667.0465207099915,1573.8779067993164,585.5095982551575,1586.9548416137695,657.0973491668701,1729.3880081176758,613.5204863548279,1736.6141510009766
1473,49.10154402515723,True,165.4,152.5,175.1,174.1,166.4,175.5,14.7,17.9,684.1677474975586,1195.8256530761719,542.1693062782288,1190.573616027832,695.5567502975464,1304.0581512451172,523.1939113140106,1301.0363388061523,680.1930999755859,1406.099853515625,553.7178254127502,1396.318588256836,650.8462142944336,1414.6567153930664,574.4616436958313,1416.415786743164,665.5756616592407,1585.6068420410156,585.3047633171082,1588.9497756958008,665.7143211364746,1749.9006271362305,609.6079587936401,1733.94287109375
1474,49.134878406708594,True,169.6,151.2,178.9,173.8,165.9,176.0,13.1,18.6,688.171877861023,1198.352279663086,544.029815196991,1191.0403060913086,695.4278755187988,1310.6024551391602,522.2037255764008,1301.890640258789,683.1371355056763,1414.5111465454102,553.5714411735535,1400.3235626220703,651.0762190818787,1421.3648986816406,574.2844891548157,1420.7271194458008,665.785710811615,1600.531883239746,584.6119809150696,1589.7216796875,683.1141543388367,1771.8029022216797,609.2264199256897,1733.536720275879
1475,49.16821278825996,True,170.8,150.8,177.4,173.6,165.1,176.4,12.1,18.9,690.7215642929077,1202.6312255859375,545.4370737075806,1192.3769760131836,695.6931567192078,1318.000259399414,521.930912733078,1304.8508834838867,683.8115072250366,1419.3738555908203,553.3308148384094,1404.9708938598633,652.4044919013977,1428.984489440918,574.5285272598267,1426.819953918457,668.9670896530151,1609.0398788452148,584.408175945282,1591.1040115356445,693.3627247810364,1786.5338516235352,608.9842486381531,1732.554702758789
1476,49.20154716981132,True,171.7,150.7,176.5,173.1,165.0,176.6,13.3,19.5,694.4958186149597,1207.3346328735352,547.5799870491028,1195.6304168701172,701.3156890869141,1322.449951171875,521.6763174533844,1308.6127853393555,692.4143171310425,1425.0666046142578,551.9684886932373,1411.9507598876953,654.1499662399292,1438.2133483886719,575.3388547897339,1435.3062057495117,670.0765585899353,1616.7949676513672,584.268229007721,1593.8532257080078,697.5159430503845,1797.9093933105469,608.779284954071,1731.5895080566406
1477,49.23488155136268,True,173.6,151.9,175.6,174.3,165.0,177.2,14.8,19.5,699.1545581817627,1211.2882232666016,549.4537568092346,1199.4846725463867,707.8787112236023,1326.3603973388672,522.8878176212311,1314.034423828125,703.967535495758,1433.4241104125977,551.2332844734192,1419.4768524169922,656.0177493095398,1444.8053741455078,576.510443687439,1440.6036758422852,670.0459814071655,1620.4455184936523,586.3399457931519,1597.5995635986328,701.5512299537659,1820.5565643310547,608.1062006950378,1730.5558776855469
1478,49.268215932914046,True,173.5,154.9,173.7,176.4,166.7,178.0,16.0,18.7,703.4981918334961,1217.0076370239258,551.3295865058899,1204.6419525146484,714.9822092056274,1333.6308288574219,525.7177841663361,1322.3715591430664,713.2510256767273,1441.0315704345703,550.0125789642334,1428.7377548217773,660.796480178833,1449.623680114746,578.1527924537659,1444.1276550292969,669.4488573074341,1620.974006652832,589.8874139785767,1597.5205993652344,704.0065455436707,1833.9190292358398,608.2268357276917,1728.4800338745117
1479,49.30155031446541,True,174.3,156.7,171.9,177.1,166.6,178.4,16.9,18.5,708.4359240531921,1224.5013427734375,553.5761404037476,1210.9738540649414,720.8764600753784,1342.2065734863281,528.0255246162415,1329.291114807129,721.5617752075195,1446.3083267211914,549.6737194061279,1439.4071960449219,663.9323472976685,1456.5945053100586,580.3093528747559,1451.7430114746094,671.4386916160583,1628.404312133789,593.0332589149475,1606.0479354858398,710.8835792541504,1840.0299453735352,609.4282293319702,1728.1222915649414
1480,49.33488469601677,True,175.0,159.2,172.4,178.7,167.9,179.3,17.7,17.8,711.6239333152771,1230.6890487670898,556.0205125808716,1216.816291809082,725.9410715103149,1347.015380859375,531.6989707946777,1335.1044845581055,729.61754322052,1451.752052307129,549.6322631835938,1445.6560134887695,669.16175365448,1456.6465759277344,581.6748976707458,1453.8578796386719,673.4699821472168,1622.9684829711914,595.8968281745911,1603.018798828125,705.6087899208069,1823.2383728027344,610.9877300262451,1731.328353881836
1481,49.368219077568135,True,178.2,160.8,172.8,175.0,168.7,176.5,15.7,18.0,717.0079636573792,1239.4017791748047,558.9530897140503,1223.089599609375,728.7058281898499,1359.5792770385742,534.7217988967896,1342.305793762207,735.6995058059692,1465.418586730957,549.6843409538269,1452.268409729004,676.3873028755188,1467.392234802246,586.8969655036926,1466.3756561279297,680.1333618164062,1643.8545227050781,595.1834464073181,1619.2841720581055,707.8453660011292,1832.1843338012695,610.9698987007141,1730.7963180541992
1482,49.4015534591195,True,177.1,162.3,177.1,166.5,168.9,172.2,16.2,18.2,719.7593951225281,1242.5390625,562.4684357643127,1226.2150955200195,735.7102560997009,1366.8224716186523,538.8947796821594,1345.4216766357422,744.4016432762146,1479.7013854980469,551.5039730072021,1456.4523696899414,682.9779410362244,1478.6344528198242,593.005964756012,1476.1564636230469,690.1960873603821,1661.4676666259766,590.7579946517944,1634.5906448364258,707.835259437561,1858.6497116088867,610.915310382843,1724.4919967651367
1483,49.43488784067086,True,177.7,161.9,178.6,149.9,168.6,166.8,16.0,18.8,722.313072681427,1246.431655883789,565.4953837394714,1227.2539901733398,740.8196711540222,1379.6897506713867,541.5855717658997,1346.3798904418945,752.33078956604,1497.9423522949219,555.168149471283,1460.3534317016602,689.1517639160156,1480.4578399658203,598.3469939231873,1478.2768249511719,699.8078799247742,1665.9159851074219,580.9322905540466,1651.4709091186523,706.335175037384,1860.5723190307617,612.0832943916321,1720.3510665893555
1484,49.468222222222224,True,176.4,160.1,176.1,135.2,168.2,162.9,15.9,19.1,726.5191411972046,1249.9922561645508,567.6849031448364,1229.1169738769531,745.5362820625305,1384.668960571289,543.8720369338989,1349.059181213379,754.973623752594,1506.3325881958008,561.1805891990662,1462.6848220825195,695.0456285476685,1479.045524597168,602.2357678413391,1478.1131744384766,707.8893327713013,1661.821517944336,573.0314683914185,1657.8136825561523,708.2072067260742,1858.5369873046875,614.4247341156006,1715.7876205444336
1485,49.50155660377359,True,172.6,156.2,175.6,113.9,168.9,160.3,17.9,21.1,730.6888389587402,1257.315673828125,570.3779482841492,1231.9123077392578,754.3475961685181,1391.3776016235352,544.3653917312622,1347.0017623901367,760.2101111412048,1517.9119491577148,566.5494918823242,1460.3699111938477,699.7501373291016,1479.8169708251953,607.0567917823792,1480.2840042114258,710.3185129165649,1670.544204711914,570.7357335090637,1661.6523742675781,706.2267065048218,1865.8176040649414,623.3158707618713,1698.801040649414
1486,49.53489098532495,True,172.0,152.0,175.5,90.7,169.1,158.8,19.4,22.4,734.8889207839966,1266.3189697265625,572.7706289291382,1235.92529296875,761.1343145370483,1399.2606353759766,544.9918699264526,1347.3359298706055,768.4148383140564,1530.5156707763672,572.8340363502502,1459.1621017456055,702.7308654785156,1487.9235076904297,609.8048758506775,1486.8188095092773,711.5612983703613,1681.3921737670898,569.194643497467,1665.4521560668945,705.2747583389282,1867.7503967285156,655.5128073692322,1686.1640167236328
1487,49.56822536687631,True,168.0,149.3,172.8,133.3,168.5,157.7,22.1,24.4,737.2113060951233,1283.7556457519531,573.723156452179,1247.666358947754,768.3359169960022,1415.130615234375,544.9048376083374,1349.5406341552734,771.4695310592651,1550.1960754394531,574.4949245452881,1460.423927307129,704.6375942230225,1495.4459381103516,610.6866574287415,1493.2380294799805,713.9763164520264,1688.562240600586,567.0931220054626,1671.7765045166016,700.3198385238647,1864.3811416625977,640.6085872650146,1785.0481796264648
1488,49.601559748427675,True,168.3,148.7,169.8,142.4,165.5,156.3,22.2,24.0,741.3013100624084,1298.825454711914,572.5793766975403,1264.8041152954102,769.7625517845154,1431.504249572754,546.006453037262,1364.5986557006836,770.8356499671936,1565.9975051879883,576.1497616767883,1467.2686386108398,705.2392888069153,1501.4923095703125,609.7860145568848,1496.4645767211914,719.1543531417847,1682.5514602661133,565.1342511177063,1668.7194442749023,700.1085662841797,1868.3991622924805,630.0302338600159,1821.1025619506836
1489,49.63489412997904,True,172.1,147.0,172.8,154.8,166.7,155.8,20.2,25.0,747.0754408836365,1319.2064666748047,572.062075138092,1278.7810134887695,767.6431345939636,1451.22802734375,545.413191318512,1374.8247528076172,769.918463230133,1593.472023010254,576.3164234161377,1473.179054260254,708.7512230873108,1510.0789260864258,609.7020721435547,1504.9681091308594,715.3367757797241,1700.1880645751953,565.982301235199,1671.148681640625,698.571081161499,1883.089485168457,601.9977807998657,1867.1308135986328
1490,49.6682285115304,True,170.8,143.0,173.3,161.5,165.5,156.2,23.3,29.7,746.3736462593079,1348.6675643920898,571.7846274375916,1306.1328506469727,765.1751375198364,1452.220573425293,545.2633953094482,1382.4296951293945,767.4099111557007,1574.5916748046875,576.3526654243469,1479.1557312011719,708.4018707275391,1512.7592468261719,609.1019868850708,1506.4438247680664,713.304455280304,1700.6427383422852,568.6441898345947,1678.9176177978516,696.6633224487305,1882.5861740112305,586.5868163108826,1872.0127487182617
1491,49.701562893081764,True,179.2,135.3,169.2,165.5,158.9,157.5,25.1,38.6,747.9645609855652,1386.2816619873047,573.1714153289795,1334.106674194336,768.3088803291321,1540.1378631591797,541.866238117218,1396.3831329345703,785.5181050300598,1685.149269104004,575.2578091621399,1498.8325881958008,707.1417689323425,1515.0984191894531,609.4111061096191,1506.155891418457,718.2616925239563,1697.8166198730469,576.677234172821,1680.2703094482422,694.3466663360596,1883.6960220336914,590.6539678573608,1887.864761352539
1492,49.73489727463313,True,179.3,130.9,169.8,172.3,157.2,159.2,27.0,43.5,745.4766082763672,1400.9605407714844,572.9065847396851,1350.7993698120117,768.233048915863,1572.667350769043,539.5459449291229,1405.8565521240234,786.8892502784729,1727.5019073486328,575.0985503196716,1515.9918594360352,706.0522556304932,1512.3699188232422,605.9807324409485,1502.1302032470703,717.265133857727,1705.9578323364258,576.6344904899597,1698.3086013793945,695.1922059059143,1888.2725143432617,573.8161754608154,1902.0938873291016
1493,49.76823165618449,True,177.1,125.0,165.9,172.9,156.6,158.8,27.4,48.9,738.7663006782532,1412.7803421020508,563.8779473304749,1381.0927963256836,766.4839053153992,1585.6177139282227,535.0247704982758,1424.9428939819336,784.3535327911377,1750.0701141357422,573.9793610572815,1523.1169509887695,705.0690865516663,1514.9312210083008,599.0856099128723,1507.2193908691406,721.7913937568665,1699.3819427490234,579.648756980896,1706.110610961914,693.1107687950134,1882.4131393432617,584.7812819480896,1894.1649627685547
1494,49.80156603773585,True,171.4,103.1,165.6,173.3,112.2,135.0,74.5,99.4,736.7934608459473,1467.7595901489258,561.7029118537903,1415.0664138793945,765.6012225151062,1623.0447006225586,537.216317653656,1431.4980697631836,771.3489603996277,1797.484245300293,573.7078356742859,1527.7231979370117,706.3178586959839,1482.6248931884766,598.8862466812134,1454.6032333374023,720.5746150016785,1695.9503173828125,592.6358842849731,1662.7021408081055,693.6303877830505,1840.4437637329102,606.1360001564026,1817.2551727294922
1495,49.834900419287216,True,104.2,91.2,174.6,173.9,70.5,110.2,120.5,122.9,728.0299115180969,1485.120964050293,551.591649055481,1443.2231140136719,745.260636806488,1573.5271453857422,526.212329864502,1461.2140274047852,652.7042126655579,1617.2069549560547,578.7824249267578,1538.8777542114258,705.6122016906738,1477.174415588379,596.8439483642578,1461.2968826293945,705.3518772125244,1698.3375549316406,591.2077045440674,1670.6381607055664,689.5103859901428,1862.3626327514648,606.5340185165405,1863.6967849731445
1496,49.86823480083858,True,118.3,87.4,179.9,173.5,61.9,94.0,139.1,138.4,722.6312685012817,1483.0082702636719,552.5174617767334,1458.7366104125977,746.1284494400024,1554.0330505371094,514.1094303131104,1486.746940612793,693.7372469902039,1609.4395065307617,570.3347539901733,1556.9490051269531,702.5871849060059,1471.0819244384766,596.4145803451538,1462.9745864868164,692.1747207641602,1696.6014862060547,590.0166749954224,1700.2391052246094,683.5126876831055,1876.992416381836,606.0517358779907,1883.8592147827148
1497,49.90156918238994,False,,,,,,,,,,,,,,,,,,,,,,,,,,,,,,,,
1498,49.934903563941305,True,47.5,9.9,71.4,7.2,62.4,0.3,83.0,47.2,751.1780619621277,1615.9083938598633,567.1759700775146,1565.2346420288086,777.1713066101074,1599.7333145141602,523.1824851036072,1490.6155014038086,761.7920780181885,1681.5066146850586,560.9971261024475,1591.0371780395508,684.762876033783,1472.8147888183594,599.1452836990356,1458.4478759765625,689.4648742675781,1473.039207458496,587.5461030006409,1496.5446853637695,669.6488642692566,1403.294792175293,593.038215637207,1464.5361328125
1499,49.96823794549266,True,9.3,7.3,108.0,64.4,18.1,15.3,67.0,46.0,759.2568755149841,1622.420883178711,559.1862487792969,1572.239112854004,775.7267761230469,1601.9103240966797,518.5889875888824,1497.1330261230469,745.2504014968872,1655.8916473388672,554.8591589927673,1591.1231231689453,685.0789475440979,1484.4185256958008,590.2191281318665,1474.2465591430664,712.0110726356506,1634.56787109375,585.0310492515564,1603.9358139038086,691.4494299888611,1645.5681610107422,599.8033046722412,1597.5789642333984
1500,50.00157232704402,True,9.6,6.5,19.8,47.0,10.8,16.8,54.4,48.9,750.1765465736389,1637.1703720092773,555.4566693305969,1576.358871459961,764.2412781715393,1613.3726119995117,506.740425825119,1493.5855865478516,736.1999416351318,1686.5470504760742,550.4754209518433,1592.0272064208984,684.0011501312256,1487.526741027832,589.5047807693481,1474.0879440307617,709.059247970581,1595.4361724853516,587.2353744506836,1556.6520309448242,687.0066618919373,1561.2785339355469,605.2994084358215,1540.7179641723633
1501,50.034906708595386,True,117.1,8.0,48.8,21.3,12.3,10.5,160.8,46.1,746.0933661460876,1655.4370880126953,554.902675151825,1587.3344421386719,757.5553679466248,1668.9051818847656,506.7883837223053,1496.996726989746,727.6261639595032,1741.3227081298828,542.2870445251465,1594.5617294311523,683.9479780197144,1495.0569534301758,589.2239856719971,1481.7781448364258,705.6880974769592,1633.7821197509766,574.1477608680725,1595.5611419677734,677.8393006324768,1616.191749572754,588.8423824310303,1568.9104843139648
1502,50.06824109014675,True,118.0,6.4,57.5,35.3,9.7,9.4,156.9,43.6,745.4799556732178,1675.2894973754883,553.3014607429504,1601.118049621582,766.0826683044434,1698.0784606933594,502.93649554252625,1500.0224304199219,732.4975275993347,1790.7331466674805,538.7383532524109,1597.7970886230469,684.2477631568909,1497.4924850463867,589.5313668251038,1483.5557556152344,704.4676494598389,1620.3302764892578,575.9378457069397,1584.1861724853516,673.7019181251526,1607.1660232543945,595.2892756462097,1563.3969497680664
1503,50.10157547169811,True,62.8,8.7,33.6,19.1,8.9,8.1,12.6,46.0,744.4355034828186,1676.3621520996094,550.5990815162659,1597.9816818237305,738.3416318893433,1666.3791275024414,498.4757673740387,1497.8264236450195,688.1387901306152,1748.759536743164,532.537590265274,1597.6892852783203,684.68994140625,1500.5884552001953,589.9428391456604,1480.6280136108398,701.0169339179993,1594.3824005126953,577.1502470970154,1550.3921127319336,678.1939315795898,1570.2991104125977,590.9402346611023,1525.964698791504
1504,50.134909853249475,True,94.9,9.5,23.8,13.2,11.1,5.0,27.0,43.3,740.9009099006653,1672.9331588745117,551.660270690918,1604.7776412963867,727.789478302002,1659.9041748046875,506.9042229652405,1511.506576538086,683.3346962928772,1697.5687408447266,532.1655786037445,1598.5742568969727,684.3974304199219,1500.4521560668945,591.6006374359131,1479.1979598999023,697.4674701690674,1606.6060638427734,575.9151864051819,1548.980941772461,676.9575190544128,1572.1595764160156,575.6778430938721,1524.3035888671875
1505,50.16824423480084,False,,,,,,,,,,,,,,,,,,,,,,,,,,,,,,,,
1506,50.2015786163522,False,,,,,,,,,,,,,,,,,,,,,,,,,,,,,,,,
1507,50.234912997903564,True,129.4,1.9,136.9,157.0,6.0,17.9,145.9,61.9,717.7039003372192,1621.0964584350586,530.2297210693359,1552.7384948730469,770.7765555381775,1676.6654205322266,494.13522362709045,1484.634132385254,756.3419365882874,1795.4677963256836,542.1179366111755,1568.3872604370117,692.5796270370483,1472.406005859375,599.9582505226135,1449.181022644043,703.9043211936951,1652.3380279541016,550.7417964935303,1620.7428359985352,631.082603931427,1740.6459045410156,562.2758316993713,1714.9024200439453
1508,50.26824737945493,True,145.0,1.4,148.7,165.2,5.0,21.5,157.1,59.2,720.7651591300964,1618.1144714355469,530.4683840274811,1545.5798721313477,764.3923616409302,1684.7121047973633,503.37719321250916,1486.2590789794922,760.3868794441223,1811.1706924438477,541.1753869056702,1574.557228088379,692.513644695282,1463.1949996948242,599.3588733673096,1445.9740447998047,710.2606415748596,1652.2832107543945,558.3128356933594,1620.7196044921875,648.0588626861572,1780.2733612060547,562.238495349884,1767.3130416870117
1509,50.30158176100629,True,164.6,3.4,136.3,155.1,7.4,16.2,179.0,45.4,727.3348760604858,1592.3186874389648,530.3527700901031,1519.8171615600586,754.348304271698,1700.6636810302734,524.1817474365234,1490.1076126098633,751.0450673103333,1831.9824600219727,537.572203874588,1581.731071472168,692.447726726532,1441.3627624511719,599.2021894454956,1416.5059661865234,708.1548714637756,1600.3514099121094,557.9203534126282,1547.7183151245117,658.8973474502563,1663.3577728271484,568.5294771194458,1629.118423461914
1510,50.33491614255765,True,166.7,97.6,33.3,0.5,5.1,10.6,177.2,144.3,725.4401206970215,1546.8579483032227,525.7552492618561,1466.1722946166992,748.2556557655334,1637.9283142089844,497.15657114982605,1477.3271942138672,749.8640155792236,1753.213005065918,522.2854149341583,1580.5098724365234,679.9346423149109,1396.6719818115234,587.0847415924072,1371.6596603393555,695.1972270011902,1470.2506256103516,554.3352913856506,1451.3666152954102,649.4994020462036,1424.5909881591797,563.7718605995178,1428.9565658569336
1511,50.368250524109015,True,154.6,136.6,159.7,153.4,15.7,16.1,178.4,176.5,706.8354177474976,1491.2829208374023,520.8035159111023,1446.3086700439453,732.8288555145264,1560.040626525879,504.34993386268616,1472.3027801513672,725.1681447029114,1652.5520324707031,525.3249478340149,1579.9929428100586,671.7007541656494,1389.8652648925781,570.5853581428528,1377.4126052856445,681.1783289909363,1549.8546981811523,536.840443611145,1471.3381576538086,638.4658026695251,1689.953269958496,562.7615261077881,1688.2389450073242
1512,50.40158490566038,True,120.5,153.2,142.1,139.9,11.6,27.0,157.4,149.3,699.4797706604004,1481.3567733764648,505.8379805088043,1431.573600769043,736.5427279472351,1528.4528732299805,499.07105684280396,1483.1718063354492,708.6455869674683,1599.840431213379,533.4965872764587,1581.195945739746,668.2887268066406,1369.86328125,566.1182570457458,1354.8003387451172,679.181478023529,1526.4032363891602,535.4239475727081,1510.7862854003906,637.3647022247314,1588.4962463378906,580.5040812492371,1592.252197265625
1513,50.43491928721174,False,,,,,,,,,,,,,,,,,,,,,,,,,,,,,,,,
1514,50.468253668763104,True,150.7,164.2,179.2,175.7,162.8,158.5,11.9,17.5,693.0689263343811,1382.7148818969727,483.6287748813629,1370.7194137573242,697.2965598106384,1517.926025390625,498.4010946750641,1490.935935974121,639.6635913848877,1628.547592163086,542.1308755874634,1594.826545715332,667.7690434455872,1524.7984313964844,560.395302772522,1539.1856002807617,693.2845115661621,1730.6589889526367,570.3242611885071,1726.9456100463867,707.8214836120605,1863.6646270751953,586.1990976333618,1850.7358932495117
1515,50.50158805031447,True,150.8,165.4,178.5,179.1,162.3,158.3,11.6,19.2,694.0407013893127,1382.6867294311523,483.702996969223,1369.5568084716797,697.2463488578796,1519.4301223754883,498.27064275741577,1500.080337524414,639.5796489715576,1628.5553741455078,543.4726023674011,1618.0057525634766,668.684492111206,1522.1382522583008,560.4897379875183,1530.3522491455078,693.3747625350952,1712.076530456543,572.4936962127686,1709.2466354370117,716.9529891014099,1862.6637268066406,579.8421335220337,1853.9221572875977
1516,50.53492243186583,True,153.4,163.4,178.6,176.7,165.0,159.7,8.5,17.7,690.709912776947,1354.5545196533203,480.9222435951233,1352.0587921142578,692.8263688087463,1495.2106475830078,496.9962501525879,1496.0237503051758,637.0550036430359,1610.7981491088867,548.01424741745,1616.4892959594727,668.4530067443848,1520.515365600586,560.4540109634399,1530.2691650390625,692.7124285697937,1708.113899230957,572.3439645767212,1712.3681259155273,716.0204172134399,1858.5591888427734,573.416998386383,1855.1933670043945
1517,50.56825681341719,True,155.4,167.0,178.8,178.1,163.2,158.6,8.6,17.3,689.1727495193481,1335.4011154174805,474.18779611587524,1334.2155075073242,690.8738708496094,1479.2110061645508,494.28173661231995,1486.7972946166992,637.2941493988037,1599.997215270996,542.920925617218,1616.6666793823242,665.4155015945435,1506.0594177246094,558.3385848999023,1516.2458038330078,693.3570599555969,1685.6374740600586,570.1427292823792,1713.7272262573242,715.4780745506287,1850.8687591552734,573.572781085968,1845.7881546020508
1518,50.601591194968556,True,156.9,165.0,178.5,174.8,164.7,159.9,7.7,18.7,687.8539395332336,1312.5246047973633,471.7185115814209,1320.4657745361328,690.6965231895447,1463.4495162963867,483.9601993560791,1475.5205154418945,637.391996383667,1595.2098083496094,533.1363558769226,1614.3065643310547,665.2294635772705,1508.3283233642578,557.4971652030945,1520.0699615478516,692.4227499961853,1685.0659561157227,568.3700895309448,1715.1690673828125,713.6838698387146,1852.177619934082,563.2184457778931,1860.2656173706055
1519,50.63492557651992,True,157.3,161.0,177.9,175.3,165.4,162.0,7.3,20.2,689.186589717865,1307.336196899414,470.1039719581604,1309.519386291504,690.6329226493835,1460.642967224121,474.4385612010956,1467.9753112792969,637.6298546791077,1590.677146911621,528.5376119613647,1612.152328491211,665.2741384506226,1510.0236511230469,555.148515701294,1522.1531295776367,690.5829691886902,1692.355728149414,568.4155368804932,1722.0176696777344,707.5967574119568,1861.1484146118164,565.769419670105,1882.2966384887695
1520,50.66825995807128,True,156.6,158.0,177.0,173.4,169.8,165.1,8.3,20.5,691.7593860626221,1296.2231826782227,468.57253789901733,1303.5268020629883,694.6418166160583,1453.1977844238281,466.511732339859,1463.6604309082031,642.7763485908508,1579.427833557129,524.1347551345825,1611.3883209228516,664.3122124671936,1511.689338684082,547.3963952064514,1523.422737121582,673.8228750228882,1697.4442291259766,564.6123147010803,1725.5298614501953,691.2447237968445,1865.742530822754,559.7555637359619,1886.4849472045898
1521,50.701594339622645,True,151.2,155.2,179.4,175.8,171.0,166.8,12.6,20.9,694.0197157859802,1292.9029083251953,466.31755113601685,1296.7659759521484,705.0134682655334,1451.008071899414,459.09119725227356,1460.1898956298828,647.3859071731567,1575.4332733154297,518.90660405159,1606.1877822875977,660.7412481307983,1512.5251007080078,541.5543508529663,1523.5091400146484,661.891143321991,1669.424057006836,559.9726939201355,1726.523551940918,664.9138426780701,1837.8501892089844,562.3729062080383,1864.8766708374023
1522,50.73492872117401,True,145.2,151.5,175.2,179.0,168.6,167.2,18.0,21.9,694.9798393249512,1284.840087890625,465.7854115962982,1291.919059753418,720.4795360565186,1444.053611755371,453.00997495651245,1457.6216125488281,660.6957364082336,1568.0613327026367,519.0255010128021,1605.4717254638672,658.3795952796936,1518.3491134643555,538.6522221565247,1523.6693572998047,665.4075193405151,1680.3118515014648,555.3018522262573,1729.1099166870117,658.9496183395386,1842.1780014038086,563.266339302063,1853.9996337890625
1523,50.76826310272537,True,136.0,149.1,178.8,175.6,168.3,168.3,24.8,21.9,698.6706018447876,1280.7561492919922,464.8539662361145,1287.5946807861328,740.180447101593,1439.743995666504,448.7220239639282,1457.0574188232422,667.3894357681274,1569.3359756469727,519.3360042572021,1605.073585510254,655.713586807251,1521.178321838379,534.5737409591675,1524.2897415161133,660.6527996063232,1706.2364959716797,552.2684025764465,1738.4297561645508,661.5462970733643,1865.6386184692383,552.9864835739136,1886.9506072998047
1524,50.80159748427673,True,131.7,146.5,179.6,178.1,168.5,167.3,28.2,22.1,702.9899668693542,1273.8817977905273,465.43158531188965,1277.9984664916992,754.2252230644226,1437.7239990234375,444.537810087204,1454.7045135498047,672.4260449409485,1574.2435455322266,518.715705871582,1602.1337127685547,655.5608940124512,1522.5051498413086,533.0153346061707,1524.3830108642578,657.8144001960754,1710.0685501098633,542.9040598869324,1737.5162887573242,660.8948421478271,1867.3598098754883,554.2738151550293,1881.1918258666992
1525,50.834931865828096,True,127.7,143.0,177.2,174.3,168.4,168.6,32.5,22.6,707.4174785614014,1273.102912902832,465.9122586250305,1269.2749786376953,769.12184715271,1434.7678756713867,436.7180335521698,1447.818374633789,681.8628716468811,1577.3921585083008,516.7935919761658,1600.0458526611328,652.7280950546265,1539.5096969604492,529.2661213874817,1537.0174026489258,652.887225151062,1756.1674118041992,536.3935017585754,1755.4812240600586,659.3458342552185,1885.085563659668,554.0979480743408,1888.3249282836914
1526,50.86826624737946,True,126.9,140.5,176.9,175.1,168.5,169.0,33.9,23.2,711.2761902809143,1273.0833435058594,466.2241458892822,1262.9026794433594,777.0840167999268,1436.4691543579102,429.8139953613281,1436.9112396240234,690.6819748878479,1579.215087890625,513.3139729499817,1596.3963317871094,650.9275817871094,1558.0119323730469,524.9782025814056,1554.2384719848633,649.1708421707153,1783.8697814941406,526.5376710891724,1787.508544921875,656.4919209480286,1939.0122985839844,540.8770823478699,1942.628402709961
1527,50.90160062893082,True,128.1,141.3,178.3,177.7,168.6,168.7,33.7,22.8,716.1973786354065,1272.378273010254,466.7794919013977,1253.979148864746,779.3727993965149,1437.7904891967773,428.2869064807892,1427.0405960083008,693.0295300483704,1581.6524505615234,509.68188643455505,1592.8935241699219,649.6202945709229,1564.7156524658203,522.2994482517242,1560.8599090576172,643.8940572738647,1795.536003112793,517.9953718185425,1804.2972564697266,644.6221804618835,1954.3460083007812,521.5715825557709,1965.622329711914
1528,50.93493501048218,True,130.6,141.9,179.0,179.0,168.2,169.5,32.6,22.6,718.5547828674316,1270.5055618286133,467.4828636646271,1246.4148330688477,778.7338972091675,1440.321922302246,427.64398097991943,1416.445426940918,695.8605265617371,1584.7624969482422,508.1137275695801,1589.7232818603516,649.7422170639038,1566.7889785766602,520.3089702129364,1563.9209747314453,644.6085333824158,1790.5705261230469,515.8926916122437,1804.6080780029297,643.6842012405396,1970.4981994628906,509.57695841789246,1977.9883575439453
1529,50.96826939203354,True,133.3,143.3,178.5,176.5,168.3,168.6,30.4,21.6,720.1319217681885,1266.0764694213867,467.6212012767792,1240.1686477661133,776.319522857666,1440.7670974731445,428.0236852169037,1409.314956665039,696.0743093490601,1586.5485763549805,504.8415505886078,1586.0640335083008,649.617269039154,1581.2337112426758,517.2442674636841,1573.9405059814453,645.7968592643738,1834.7547912597656,504.17741417884827,1824.4909286499023,647.8229999542236,2019.5052337646484,481.36831641197205,2025.421371459961
1530,51.001603773584904,True,136.4,146.1,178.1,175.9,168.4,168.5,28.2,20.1,720.9311127662659,1260.007667541504,467.5964820384979,1233.3119201660156,772.6167225837708,1442.211685180664,430.32373309135437,1407.234764099121,694.2192721366882,1590.8433151245117,501.121723651886,1583.9630126953125,649.8787522315979,1585.4785537719727,515.7772064208984,1575.6145477294922,646.5134596824646,1847.1078872680664,499.2448961734772,1846.9450378417969,650.4736876487732,2042.6005554199219,473.7294280529022,2039.329605102539
1531,51.03493815513627,True,138.4,146.8,177.8,178.4,168.4,169.3,26.8,20.2,722.8136372566223,1254.7616958618164,466.9593822956085,1225.619888305664,770.3269100189209,1442.7778244018555,426.1604082584381,1403.107795715332,691.553328037262,1594.544792175293,492.36100673675537,1582.906265258789,648.2481837272644,1587.8776931762695,511.29040718078613,1575.8037185668945,643.407461643219,1855.561866760254,494.34990763664246,1850.504264831543,647.542462348938,2058.2981872558594,476.6546666622162,2047.8254699707031
1532,51.06827253668763,True,139.4,148.4,179.8,178.5,167.0,169.8,26.6,19.7,722.1719670295715,1253.214111328125,464.62058186531067,1219.0736389160156,767.5841045379639,1443.5572814941406,419.9390137195587,1397.9182434082031,689.7454118728638,1594.9883651733398,477.9008638858795,1581.0107803344727,643.1705689430237,1591.3058853149414,500.56373834609985,1581.5936279296875,642.6172184944153,1855.3834533691406,478.2287800312042,1865.6262588500977,641.3426327705383,2070.637893676758,467.3001730442047,2071.2210845947266
1533,51.10160691823899,True,135.9,148.9,176.1,179.6,166.0,169.8,26.2,20.0,722.124330997467,1251.5922546386719,461.28811955451965,1216.487159729004,766.2244176864624,1446.3273239135742,412.39179253578186,1400.5530166625977,675.2080535888672,1595.6974411010742,464.940869808197,1581.3475799560547,638.2039332389832,1603.135757446289,495.02666115760803,1593.2623672485352,640.6249380111694,1861.7588424682617,470.2804183959961,1870.491943359375,626.4075779914856,2100.2584075927734,452.08123326301575,2090.8541107177734
1534,51.134941299790356,True,133.2,149.1,172.2,179.4,165.6,169.0,26.0,20.8,722.0062065124512,1251.9886779785156,458.18150997161865,1214.695930480957,765.8814382553101,1449.169692993164,404.7408986091614,1396.2137603759766,667.2853446006775,1593.855972290039,452.6883351802826,1581.9164657592773,634.1913056373596,1617.7672576904297,488.2270681858063,1607.4988174438477,638.5303044319153,1883.598861694336,454.6049773693085,1895.771484375,608.6202836036682,2133.4620666503906,430.06913781166077,2125.770950317383
1535,51.16827568134172,True,128.1,149.1,178.4,180.0,170.3,168.6,24.1,21.6,721.825704574585,1250.9858322143555,450.7747507095337,1214.4520568847656,760.2351522445679,1464.6298599243164,392.63458728790283,1399.5170974731445,641.7581605911255,1597.3612976074219,437.52968072891235,1587.5037002563477,629.3955159187317,1624.1082000732422,480.223925113678,1614.715690612793,607.8918385505676,1914.0193176269531,444.80727553367615,1897.0981979370117,598.1621789932251,2125.377731323242,415.80652356147766,2127.835464477539
1536,51.20161006289308,True,125.5,149.4,176.1,177.0,170.7,168.8,23.7,23.7,720.1615333557129,1250.9716415405273,445.48686146736145,1215.6746292114258,758.1711602210999,1469.4624710083008,379.4496738910675,1400.9532165527344,631.4768242835999,1597.88818359375,415.70343017578125,1587.3273468017578,628.4603047370911,1623.4162902832031,473.91340613365173,1615.7584762573242,604.4590187072754,1923.0496215820312,437.9948079586029,1903.451271057129,601.8101978302002,2148.756866455078,420.47005891799927,2148.0642700195312
1537,51.234944444444444,True,123.0,149.9,176.5,174.2,170.4,167.9,22.2,25.2,718.3535528182983,1251.8090057373047,434.4137370586395,1218.6498641967773,753.9950895309448,1479.3766021728516,366.5231215953827,1401.9447326660156,615.4774260520935,1603.8590240478516,398.51972937583923,1588.1404495239258,629.4436025619507,1627.4614334106445,468.5782027244568,1620.2553176879883,609.641432762146,1929.2930603027344,428.6806118488312,1932.5546264648438,608.6101126670837,2151.243667602539,422.84432888031006,2157.780990600586
1538,51.26827882599581,True,120.2,150.4,174.9,176.7,171.7,168.9,21.2,25.2,715.0257897377014,1252.9812240600586,422.71339416503906,1221.0224533081055,749.8858380317688,1491.562385559082,354.94186878204346,1405.8880233764648,596.2345933914185,1613.8089752197266,386.19561195373535,1592.9750061035156,626.0009980201721,1643.3361053466797,459.53588604927063,1634.6443176269531,601.4154624938965,1951.358413696289,428.26595306396484,1931.9792175292969,603.5357165336609,2176.695556640625,416.41175866127014,2182.7101135253906
1539,51.30161320754717,True,119.8,147.8,174.8,177.5,171.1,169.2,20.9,25.2,712.0276808738708,1256.8793106079102,409.5810091495514,1227.7415084838867,746.0374903678894,1503.8044738769531,339.8592710494995,1422.440414428711,585.527880191803,1627.6048278808594,382.16946601867676,1613.0817031860352,620.7088923454285,1651.0900497436523,449.8440456390381,1642.7547454833984,598.5424947738647,1960.8538055419922,420.5235528945923,1963.2085418701172,602.8986167907715,2189.0162658691406,409.15608286857605,2205.2332305908203
1540,51.33494758909853,True,119.9,150.6,173.5,177.3,172.9,170.1,19.6,23.7,708.0015993118286,1267.954216003418,394.5522916316986,1237.5244903564453,736.4021372795105,1521.240005493164,329.1675567626953,1443.0049896240234,566.595196723938,1645.8201599121094,369.7932708263397,1639.0254592895508,614.0162229537964,1668.1343078613281,439.199355840683,1658.396873474121,581.6312527656555,1970.6904602050781,418.17683458328247,1973.4077453613281,583.0705690383911,2184.275436401367,413.58452796936035,2202.769775390625
1541,51.368281970649896,True,120.2,150.9,173.3,176.6,172.2,172.0,18.0,23.5,700.337541103363,1279.9384689331055,381.09784841537476,1249.6556854248047,722.9680037498474,1547.083854675293,314.6562695503235,1458.819808959961,545.006160736084,1672.1186828613281,356.076797246933,1662.1199798583984,604.9333190917969,1689.0226364135742,424.79586124420166,1677.5065612792969,575.7539963722229,1999.0109252929688,412.66618251800537,1996.2080383300781,580.4782032966614,2198.0845642089844,417.5768780708313,2220.695571899414
1542,51.40161635220126,True,125.7,150.9,175.6,175.1,172.7,170.1,17.4,23.1,691.2760734558105,1285.6439208984375,365.84900736808777,1258.626480102539,710.5482602119446,1556.9628524780273,298.37504625320435,1477.2096633911133,533.6685919761658,1703.972396850586,341.721453666687,1681.5802001953125,592.3076462745667,1703.6960220336914,410.95614552497864,1689.5513534545898,558.6422324180603,2020.7366180419922,388.30450415611267,2018.660888671875,552.3939299583435,2239.6273040771484,392.1627652645111,2249.1380310058594
1543,51.43495073375262,True,128.5,151.8,176.3,177.0,171.9,171.4,18.6,22.0,681.5897369384766,1286.9685745239258,354.58343982696533,1260.9574127197266,701.6946530342102,1560.2098846435547,286.086688041687,1483.2326889038086,534.3601834774017,1714.6226119995117,327.57171750068665,1694.5751953125,573.5302305221558,1709.1228103637695,390.9491729736328,1689.8896408081055,539.0397799015045,2023.5985565185547,369.9380135536194,2012.9154968261719,528.8292860984802,2249.912567138672,366.8664228916168,2252.346725463867
1544,51.468285115303985,True,130.9,152.8,176.8,177.6,172.0,171.6,18.0,21.5,674.6742725372314,1285.2533340454102,340.0712192058563,1261.6239166259766,695.4021906852722,1559.6911239624023,274.7265565395355,1491.8902587890625,530.6506884098053,1725.9614181518555,317.55823731422424,1704.254264831543,570.0649666786194,1716.5892791748047,383.4018874168396,1699.1810989379883,539.4845652580261,2027.6250457763672,368.3775794506073,2014.6188354492188,530.0820171833038,2248.095245361328,367.01225996017456,2243.513946533203
1545,51.50161949685535,True,130.2,151.9,177.1,178.2,172.3,171.1,19.4,20.9,667.8008437156677,1283.5212707519531,324.4837760925293,1261.1627197265625,696.0468220710754,1556.510353088379,260.31131386756897,1501.695899963379,533.4699046611786,1725.271110534668,308.87624859809875,1710.0905227661133,562.0150566101074,1724.7077178955078,370.8812391757965,1709.205207824707,529.3428218364716,2044.9031066894531,353.72254729270935,2035.4672241210938,517.5152456760406,2275.451431274414,348.6109435558319,2272.309112548828
1546,51.53495387840671,True,128.1,146.4,176.5,178.7,173.7,171.2,20.4,22.0,663.6038517951965,1277.9195022583008,313.8746201992035,1260.535011291504,700.9593200683594,1557.9330825805664,242.65511512756348,1505.0006103515625,536.2129032611847,1726.6312408447266,308.4931004047394,1716.203498840332,560.9142136573792,1729.775276184082,359.87532019615173,1712.919044494629,522.6026129722595,2066.110153198242,342.0758271217346,2055.9764099121094,509.6846866607666,2309.8049926757812,334.8395597934723,2309.8546600341797
1547,51.568288259958074,True,126.0,141.5,177.4,177.8,172.9,171.0,22.2,23.1,663.9694261550903,1274.9732208251953,304.7284698486328,1259.9109649658203,711.2127828598022,1554.4287872314453,226.5789520740509,1511.90185546875,543.1149458885193,1725.7648086547852,307.22633600234985,1718.770408630371,560.4231119155884,1737.7399063110352,352.197904586792,1723.0310440063477,526.4115643501282,2092.0323944091797,332.7777564525604,2077.7586364746094,513.0349802970886,2355.2506256103516,328.2049226760864,2347.7783203125
1548,51.60162264150944,True,117.1,137.5,177.5,175.8,173.2,170.3,27.2,23.5,659.2116165161133,1269.3874740600586,292.8844463825226,1258.2631301879883,736.1364054679871,1551.1536026000977,211.17569625377655,1522.4799728393555,544.0537619590759,1726.3537216186523,306.9720947742462,1725.4150772094727,561.3945007324219,1730.9227752685547,344.7839677333832,1724.1161727905273,528.7890529632568,2090.020751953125,324.5691990852356,2073.6417388916016,516.3134014606476,2354.5298767089844,328.9973223209381,2357.955093383789
1549,51.6349570230608,True,116.7,132.7,177.0,178.1,173.7,171.2,29.7,24.6,660.6524777412415,1268.562126159668,282.1642792224884,1258.0492401123047,750.2120161056519,1549.6236419677734,193.8568764925003,1535.9724426269531,565.5537056922913,1730.079345703125,315.7227694988251,1749.5634841918945,563.5123085975647,1726.1027526855469,338.8260519504547,1723.3477020263672,527.4570465087891,2088.487014770508,327.80967235565186,2071.7221069335938,515.0702619552612,2356.4016723632812,328.1330180168152,2357.5101470947266
1550,51.66829140461216,True,115.6,127.3,177.5,178.6,173.6,171.9,33.0,25.7,659.269552230835,1268.576545715332,276.35963559150696,1257.509765625,768.3285784721375,1545.900764465332,176.3180297613144,1551.796760559082,591.4892077445984,1735.894775390625,317.6231575012207,1762.0257568359375,564.790563583374,1732.0610046386719,334.3067443370819,1735.4759216308594,531.6101682186127,2104.650421142578,327.3390734195709,2083.363037109375,519.5654940605164,2375.4581451416016,328.4468686580658,2375.4911041259766
1551,51.701625786163525,True,118.5,123.3,177.7,179.2,170.7,172.2,34.8,27.4,657.4603486061096,1268.8227081298828,265.5735182762146,1258.3222961425781,777.587993144989,1542.7409362792969,157.63984501361847,1563.1705856323242,617.936282157898,1748.1513977050781,318.1734824180603,1774.9772644042969,564.2402386665344,1743.2732391357422,333.952499628067,1751.7502212524414,552.0576453208923,2124.2264556884766,334.46391105651855,2112.169418334961,554.3438529968262,2405.903549194336,330.91554164886475,2408.8780975341797
1552,51.73496016771489,True,123.3,120.2,179.2,178.1,169.3,173.3,36.0,27.8,655.0131440162659,1270.8959197998047,257.4238622188568,1263.0409240722656,783.8540625572205,1542.0506286621094,143.2900857925415,1581.1311721801758,647.2167348861694,1766.9871139526367,319.86021637916565,1790.818977355957,563.1954002380371,1760.174560546875,329.93720054626465,1774.119758605957,563.6108636856079,2140.602493286133,338.78276109695435,2138.5897064208984,560.0883722305298,2429.7500610351562,335.98015308380127,2437.320556640625
1553,51.76829454926625,True,128.3,115.9,178.3,177.7,168.9,172.7,35.6,29.1,653.3239960670471,1276.7885971069336,247.7429974079132,1272.5925064086914,779.8062872886658,1540.370864868164,128.13348323106766,1598.7281799316406,667.2254776954651,1770.0318145751953,327.04073667526245,1804.7109603881836,563.8843846321106,1783.3258438110352,330.65808176994324,1796.546974182129,570.9419846534729,2160.5069732666016,341.45845770835876,2168.2125091552734,567.3796463012695,2462.401885986328,338.30862164497375,2472.4422454833984
1554,51.801628930817614,True,133.6,115.1,175.3,177.1,168.2,172.0,35.2,29.5,653.252477645874,1285.741195678711,241.1285412311554,1284.8961639404297,778.3500409126282,1544.414291381836,120.51392287015915,1616.6370391845703,685.037362575531,1792.3493957519531,329.0794622898102,1825.6216049194336,567.445113658905,1802.6528549194336,331.11300587654114,1818.9131927490234,582.9991793632507,2185.4896545410156,341.8366813659668,2199.5597076416016,569.897210597992,2500.0355529785156,334.8229515552521,2514.993438720703
1555,51.83496331236898,True,140.2,114.2,167.4,177.8,165.1,171.1,32.8,30.2,654.1718530654907,1296.163558959961,236.30870819091797,1297.1327590942383,776.8599987030029,1562.2566604614258,111.17945730686188,1639.8020553588867,708.3402013778687,1816.3304901123047,323.24665546417236,1846.431655883789,579.7079157829285,1822.6623916625977,333.78747940063477,1840.0227355957031,623.9745998382568,2190.786895751953,342.1086573600769,2223.0997467041016,591.3066458702087,2514.5681762695312,336.90229654312134,2542.364273071289
1556,51.86829769392034,True,150.6,118.0,171.7,179.5,167.9,171.6,29.0,28.0,654.476466178894,1306.7646789550781,226.14877939224243,1307.6287078857422,761.8005752563477,1584.6344375610352,106.90735012292862,1661.9516372680664,723.7385487556458,1844.5953369140625,300.85379362106323,1867.2468566894531,579.6893763542175,1850.020523071289,319.20901894569397,1867.5017166137695,611.2253952026367,2271.152114868164,326.47438287734985,2288.266067504883,587.3513102531433,2613.0001831054688,329.2591917514801,2632.09716796875
1557,51.9016320754717,True,158.7,121.9,172.8,178.6,168.7,171.0,25.1,27.5,655.2095460891724,1312.9280090332031,223.3013355731964,1311.8823623657227,750.0510835647583,1613.5827255249023,102.9432275891304,1677.5166320800781,732.5398850440979,1875.1750946044922,277.83451795578003,1887.081527709961,579.2734622955322,1881.8903732299805,317.6172351837158,1886.2855911254883,608.5601592063904,2335.481414794922,320.5821919441223,2351.0984802246094,585.984992980957,2699.2149353027344,331.33844017982483,2703.1654357910156
1558,51.93496645702306,True,160.9,128.2,176.7,178.3,169.2,170.2,23.0,26.0,660.540726184845,1320.600471496582,216.06466591358185,1320.9441375732422,746.1594128608704,1638.830337524414,108.72528433799744,1696.875,727.9347038269043,1899.6543502807617,264.63547468185425,1912.2193908691406,580.119903087616,1899.7564315795898,321.3330066204071,1911.5556335449219,604.224443435669,2370.4110717773438,324.11462903022766,2389.5204162597656,602.0557165145874,2748.7513732910156,337.3396146297455,2755.2660369873047
1559,51.96830083857442,True,162.7,137.0,178.1,178.0,169.6,169.4,21.3,26.1,665.1242780685425,1321.494369506836,211.4486539363861,1322.4334716796875,743.1504249572754,1650.058822631836,112.6160216331482,1680.9753799438477,724.6324968338013,1919.6479797363281,233.1638127565384,1912.148780822754,582.6599335670471,1908.9527893066406,323.5163140296936,1915.6838607788086,603.1471610069275,2391.3912963867188,324.3339800834656,2411.7507934570312,606.514835357666,2786.2305450439453,338.36308121681213,2796.097869873047
1560,52.001635220125785,True,166.8,144.8,178.7,176.8,170.2,168.0,19.8,25.6,672.4386620521545,1324.654312133789,203.06855857372284,1328.133201599121,742.2395467758179,1663.916244506836,112.07017868757248,1684.7319030761719,734.2755746841431,1949.1531372070312,206.9494467973709,1934.0489959716797,586.7221283912659,1919.2179107666016,322.8905761241913,1929.6150970458984,600.9596371650696,2435.8314514160156,316.19179129600525,2456.591262817383,603.1115627288818,2841.6822052001953,332.9529798030853,2851.124496459961
1561,52.03496960167715,True,168.7,151.0,177.7,176.2,170.2,166.4,18.3,24.4,681.3760185241699,1331.0536193847656,192.8814160823822,1334.070167541504,742.1695733070374,1689.0879821777344,107.32052832841873,1700.0696182250977,733.5526657104492,1994.0203857421875,178.10570061206818,1949.2474365234375,588.9953327178955,1937.7001190185547,315.9767532348633,1951.0929107666016,599.9711894989014,2487.2044372558594,294.05677556991577,2501.022720336914,591.12389087677,2911.339645385742,305.07144927978516,2914.112548828125
1562,52.06830398322851,True,174.1,153.7,177.9,177.1,170.8,165.8,16.9,23.9,687.6640391349792,1335.6548309326172,179.2323088645935,1343.3588790893555,742.6457405090332,1716.9297409057617,97.05186545848846,1727.2526550292969,755.6748390197754,2036.3117980957031,164.37305331230164,1992.3076629638672,592.578399181366,1956.939697265625,312.7482855319977,1980.8116149902344,598.2055020332336,2550.105514526367,288.1505513191223,2568.137969970703,585.7709527015686,2998.612289428711,292.1117126941681,3008.3775329589844
1563,52.10163836477987,True,179.6,160.3,179.4,178.7,173.8,169.5,14.8,22.4,696.8994426727295,1339.6306228637695,171.7604523897171,1345.649299621582,750.6537437438965,1741.2986755371094,83.71413052082062,1735.590934753418,792.1779441833496,2066.8258666992188,119.03116285800934,2022.1465301513672,608.6188673973083,2037.4811553955078,291.88679337501526,2047.0285034179688,598.8035273551941,2576.686477661133,284.87074613571167,2588.412322998047,585.3440952301025,3036.569137573242,289.31493043899536,3035.035629272461
1564,52.134972746331236,True,177.4,162.2,179.5,179.7,174.3,170.6,17.2,23.1,698.8903069496155,1342.694435119629,156.58552765846252,1349.813461303711,773.5303688049316,1756.365966796875,65.15165627002716,1738.472900390625,817.7210927009583,2084.5772552490234,87.77419298887253,2023.0613708496094,611.460485458374,2052.7054595947266,280.45247197151184,2059.332962036133,598.4857821464539,2598.947982788086,284.91236329078674,2605.477752685547,583.4976840019226,3070.3832244873047,286.1426603794098,3063.368453979492
1565,52.1683071278826,True,174.0,169.9,179.3,177.8,174.6,171.3,20.3,25.6,700.0651788711548,1341.987075805664,141.1745309829712,1352.8313827514648,799.2424321174622,1758.12744140625,35.83548054099083,1730.3743743896484,841.2954568862915,2081.0202026367188,6.6525328159332275,2035.8428192138672,612.9705476760864,2065.7785034179688,267.637574672699,2068.303756713867,598.9275741577148,2624.0872192382812,280.51716685295105,2624.256591796875,581.2058115005493,3103.1346130371094,273.4358775615692,3091.343765258789
1566,52.20164150943396,True,175.6,170.9,178.1,177.0,174.7,172.6,23.8,26.5,700.8605074882507,1341.0549545288086,132.20184177160263,1356.262550354004,823.1994938850403,1742.582015991211,12.886363416910172,1722.4018478393555,889.0756845474243,2039.1455841064453,-35.05714237689972,2025.7234954833984,611.664354801178,2079.9330139160156,240.06241142749786,2082.000045776367,596.2170839309692,2647.7096557617188,250.55331408977509,2650.169906616211,566.1545634269714,3144.119338989258,234.06529247760773,3133.3179473876953
1567,52.234975890985325,True,172.7,174.6,178.0,176.9,174.4,173.7,27.2,29.3,702.2836661338806,1344.3428421020508,117.65429645776749,1362.2228622436523,847.5266361236572,1738.4119033813477,-23.129771947860718,1728.6688613891602,915.4094624519348,2032.8783416748047,-111.49294584989548,2045.6185913085938,610.5136227607727,2100.6417846679688,226.66704654693604,2106.610794067383,597.1346569061279,2682.5564575195312,246.85754656791687,2689.739456176758,568.4164381027222,3184.218063354492,236.99178636074066,3177.902297973633
1568,52.26831027253669,True,176.1,167.9,178.7,177.8,173.8,173.3,29.0,36.6,706.6020011901855,1350.4411697387695,105.04698604345322,1370.7818984985352,872.0909929275513,1758.999137878418,-106.88798189163208,1770.75439453125,971.6748261451721,2062.005157470703,-181.0985791683197,2032.2956085205078,611.1797547340393,2129.6509552001953,222.38709390163422,2137.997589111328,602.557954788208,2736.3416290283203,243.4048354625702,2743.2962036132812,583.5285186767578,3248.7831115722656,241.59936547279358,3237.334442138672
1569,52.30164465408805,True,174.9,177.6,179.2,178.9,174.0,172.5,28.0,31.1,711.3934135437012,1362.2142791748047,93.40940684080124,1379.2109298706055,885.6708669662476,1811.637954711914,-74.84932243824005,1784.9969100952148,1031.4561796188354,2106.4700317382812,-179.2333871126175,2070.5319213867188,615.8128094673157,2166.7593383789062,213.73563408851624,2176.285171508789,607.6866173744202,2792.4453735351562,225.38574993610382,2810.921859741211,593.5707092285156,3326.3362884521484,224.75423455238342,3331.8907928466797
1570,52.334979035639414,True,172.9,178.3,179.7,179.2,173.7,172.1,28.8,28.1,714.0146827697754,1373.8674545288086,78.40993881225586,1390.3540420532227,902.987208366394,1830.600814819336,-82.07508087158203,1854.2162704467773,1076.8145656585693,2136.4425659179688,-159.21461820602417,2100.8548736572266,621.2854814529419,2207.545623779297,209.6009874343872,2219.3383026123047,621.1141848564148,2834.4564056396484,222.06001460552216,2855.1498413085938,618.3776879310608,3370.828399658203,225.21110594272614,3375.7022094726562
1571,52.36831341719078,True,174.1,168.9,179.0,178.8,173.3,172.1,29.7,26.7,714.8044753074646,1381.662940979004,67.90722370147705,1399.8040008544922,907.3987555503845,1820.122947692871,-77.58132934570312,1871.6135787963867,1081.6767883300781,2126.404266357422,-109.71285492181778,2175.3321075439453,626.3413381576538,2220.322723388672,207.82844424247742,2234.095230102539,634.3496632575989,2855.8200073242188,226.33415758609772,2874.9698638916016,631.4756655693054,3404.594192504883,230.28780341148376,3405.820999145508
1572,52.40164779874214,True,174.4,171.5,179.4,179.6,173.5,172.8,30.4,32.4,715.9125924110413,1390.3923797607422,47.82034412026405,1406.8937301635742,920.09202003479,1840.1530838012695,-151.14299833774567,1858.1406784057617,1099.7061252593994,2151.654281616211,-234.12086248397827,2162.5179290771484,625.1414895057678,2260.2163696289062,179.01395559310913,2273.4127807617188,631.7503452301025,2916.302032470703,195.5036026239395,2934.4967651367188,631.106550693512,3475.7958984375,205.6314092874527,3477.447280883789
1573,52.4349821802935,True,172.2,168.0,179.3,178.7,173.5,173.6,29.8,29.4,715.2858567237854,1391.6242218017578,41.73076942563057,1410.622444152832,927.6941514015198,1868.8788986206055,-128.09222012758255,1851.3075256347656,1119.612193107605,2177.929916381836,-192.46236383914948,2255.900115966797,624.3974661827087,2283.8207244873047,170.38275718688965,2294.436721801758,632.3339509963989,2968.4195709228516,193.17120730876923,2985.552291870117,632.2279930114746,3550.5152893066406,198.98357570171356,3552.144241333008
1574,52.468316561844865,True,176.7,177.1,178.5,179.0,171.5,176.0,30.4,31.9,714.9327063560486,1393.3946228027344,37.37839311361313,1411.307716369629,930.4394030570984,1887.1864700317383,-190.87040305137634,1882.0924758911133,1105.7153463363647,2232.377471923828,-327.0189142227173,2203.2808685302734,605.7721638679504,2310.054931640625,134.06391978263855,2320.320281982422,626.8847107887268,3011.1531829833984,159.27786469459534,3021.924362182617,629.0197706222534,3605.746078491211,170.2117019891739,3606.5132904052734
1575,52.50165094339623,True,171.4,175.5,178.1,177.5,172.3,175.2,31.3,32.6,714.629316329956,1396.4229583740234,32.67323657870293,1408.758773803711,933.1055402755737,1877.2424697875977,-196.3727831840515,1864.6562576293945,1146.8963098526,2205.9764099121094,-250.3138142824173,1996.7827606201172,602.5674176216125,2330.3439331054688,128.65834057331085,2326.307830810547,612.9072690010071,3046.160430908203,143.42673361301422,3043.3497619628906,601.741189956665,3652.136764526367,129.99876379966736,3642.184066772461
1576,52.53498532494759,True,173.4,1.1,179.0,177.2,172.7,175.5,32.3,32.1,714.469735622406,1396.6724395751953,21.236006319522858,1407.583236694336,937.7773475646973,1874.5511627197266,-201.2185102701187,1854.1830825805664,1147.4073028564453,2214.734115600586,-114.16489273309708,1670.562973022461,593.7073731422424,2351.1275482177734,113.7459209561348,2340.6871032714844,595.330023765564,3071.71142578125,128.8585165143013,3063.8356018066406,585.4620909690857,3691.5369415283203,111.28540724515915,3685.0497436523438
1577,52.568319706498954,True,174.2,13.3,179.7,176.8,171.6,177.9,33.7,38.9,714.0218925476074,1400.892219543457,12.465065158903599,1406.6022491455078,940.3582549095154,1873.58642578125,-221.8576580286026,1751.4648056030273,1155.0723266601562,2225.1944732666016,-35.1081982254982,1262.4137878417969,574.6116328239441,2372.702407836914,91.6855537891388,2359.0926361083984,577.779815196991,3089.3355560302734,124.16172444820404,3072.9219818115234,576.9676852226257,3725.2249145507812,117.36644446849823,3712.1127319335938
1578,52.60165408805032,True,179.3,149.9,179.6,177.9,171.7,175.8,35.1,26.2,715.9106612205505,1406.8865203857422,-7.154299858957529,1407.224006652832,956.4292359352112,1879.4525527954102,-204.8923909664154,1944.308853149414,1157.2330713272095,2263.121337890625,-163.09053361415863,2185.348663330078,576.4895868301392,2389.3412017822266,96.13826751708984,2389.097213745117,578.9711666107178,3136.057662963867,119.41114872694016,3138.9933013916016,576.9360780715942,3799.991226196289,115.12174129486084,3813.0116271972656
1579,52.63498846960168,True,179.6,143.9,179.5,178.3,171.5,175.6,35.9,25.8,716.3026928901672,1409.8191833496094,-34.988911002874374,1412.5334930419922,961.5280938148499,1875.8581924438477,-219.64037775993347,1940.6291198730469,1165.366473197937,2256.957321166992,-154.27522838115692,2156.276092529297,574.8335266113281,2399.1123962402344,78.44363808631897,2401.48681640625,579.743127822876,3158.173828125,106.64852231740952,3166.3309478759766,577.9589009284973,3819.4129943847656,111.34186238050461,3833.2299041748047
1580,52.66832285115304,True,180.0,147.1,179.3,178.0,170.3,176.0,36.1,25.9,725.1323533058167,1408.1889724731445,-40.208078026771545,1414.028549194336,969.4906497001648,1874.2956161499023,-233.62118303775787,1967.2554016113281,1171.1210346221924,2259.2374420166016,-173.08943331241608,2216.8480682373047,577.0511770248413,2410.913543701172,77.35535591840744,2426.260986328125,594.9420475959778,3205.242691040039,113.87807875871658,3222.2444915771484,601.8136739730835,3876.8096923828125,121.36301904916763,3892.719268798828
1581,52.701657232704406,True,177.2,156.6,179.1,178.4,170.1,175.2,37.5,26.6,729.4858360290527,1407.9081344604492,-59.730144739151,1412.9127502441406,989.4170594215393,1871.103630065918,-255.62967360019684,1976.8144226074219,1227.7977418899536,2251.545181274414,-231.46887123584747,2305.348663330078,584.8282742500305,2406.277542114258,72.01542109251022,2423.001708984375,608.2814240455627,3212.277603149414,109.81584370136261,3232.356719970703,617.6869010925293,3903.647918701172,122.16501832008362,3919.1253662109375
1582,52.73499161425577,True,176.5,169.1,179.1,179.2,170.2,175.5,38.0,28.0,735.0405192375183,1406.8494415283203,-66.57701969146729,1416.7026901245117,1001.2483048439026,1870.4315185546875,-300.8221220970154,2015.6787872314453,1210.1671314239502,2292.773208618164,-369.62145924568176,2388.728485107422,586.1727046966553,2446.556854248047,53.945971727371216,2458.8228607177734,609.976236820221,3283.4703826904297,84.67074573040009,3294.2777252197266,618.7370181083679,3997.4789428710938,100.88853746652603,4003.9462280273438
1583,52.76832599580713,True,179.1,167.9,178.5,178.8,171.0,175.0,36.9,25.9,742.7974033355713,1404.7939682006836,-68.29398483037949,1421.462173461914,1013.6439085006714,1869.0773391723633,-276.77635431289673,2033.924331665039,1263.2729387283325,2282.538070678711,-317.4544036388397,2382.3767852783203,619.6551060676575,2464.529342651367,63.95009770989418,2487.3722076416016,654.9212193489075,3319.624557495117,94.48104858398438,3343.847122192383,665.4717636108398,4046.696319580078,105.61832875013351,4060.8261108398438
1584,52.801660377358495,True,177.6,169.7,179.0,179.4,171.9,171.8,36.8,25.9,754.7758054733276,1403.9455032348633,-73.38039457798004,1427.6245880126953,1027.0068454742432,1869.3300247192383,-266.91223561763763,2048.1344604492188,1257.6392698287964,2303.814468383789,-304.8367774486542,2355.9070587158203,633.0112195014954,2480.010223388672,88.42487543821335,2500.4530334472656,657.2497844696045,3345.678176879883,93.4055444598198,3358.4957885742188,664.9852967262268,4074.239044189453,105.42177379131317,4073.8888549804688
1585,52.83499475890986,True,158.5,167.3,179.2,177.6,171.8,171.3,35.9,24.6,764.8860383033752,1403.8237380981445,-71.54245644807816,1427.1598434448242,1023.8201236724854,1870.4347229003906,-262.01146960258484,2069.6326446533203,1093.9518213272095,2400.8143615722656,-282.31600642204285,2375.577621459961,632.2900485992432,2504.044876098633,88.721804022789,2549.7825622558594,652.881817817688,3390.102996826172,79.49709445238113,3396.3443756103516,659.731171131134,4139.624176025391,102.47966945171356,4137.202606201172
1586,52.86832914046122,True,157.5,165.5,179.7,174.0,172.4,168.4,34.4,25.1,770.4182553291321,1403.4871673583984,-77.67653703689575,1430.7928848266602,1016.9828724861145,1863.5326766967773,-261.0785275697708,2102.6724243164062,1070.1849174499512,2399.9166870117188,-265.96881687641144,2465.6039428710938,650.2210235595703,2511.7794799804688,112.46320009231567,2532.402877807617,671.314001083374,3398.506393432617,84.46381062269211,3426.7391967773438,693.401927947998,4156.533050537109,140.19564270973206,4178.184356689453
1587,52.90166352201258,True,156.6,163.2,179.7,175.4,172.8,168.0,35.3,25.5,781.0577630996704,1405.8020782470703,-82.37694203853607,1430.1951599121094,1026.3700032234192,1853.9772033691406,-274.9659276008606,2108.07861328125,1077.448124885559,2404.3297576904297,-268.83066415786743,2487.8816986083984,648.6521887779236,2543.1687927246094,111.34773641824722,2576.2216186523438,657.2819066047668,3442.8213500976562,74.75599765777588,3447.319107055664,668.6971735954285,4217.416534423828,104.23177421092987,4224.3731689453125
1588,52.93499790356394,True,155.5,161.2,179.8,175.9,172.7,168.1,36.2,27.4,793.0726647377014,1406.0795974731445,-81.89401566982269,1432.2970962524414,1042.5923895835876,1851.1878204345703,-296.3599133491516,2095.452117919922,1090.0496578216553,2416.080093383789,-290.99310278892517,2459.052200317383,652.1292328834534,2570.324249267578,110.81895232200623,2582.533950805664,657.5679802894592,3466.706771850586,73.10512751340866,3471.067886352539,665.3529953956604,4235.833282470703,95.49792498350143,4242.208099365234
1589,52.9683322851153,True,155.5,155.3,179.4,174.1,170.5,167.8,41.0,30.6,805.2835822105408,1403.5065078735352,-83.04776519536972,1433.8397598266602,1091.1832666397095,1834.4926071166992,-328.34277749061584,2082.334671020508,1184.167127609253,2414.7008514404297,-303.91109347343445,2435.464324951172,654.5124506950378,2553.3055114746094,115.71489036083221,2580.3687286376953,687.2848176956177,3456.462936401367,77.86033004522324,3482.200241088867,707.882251739502,4240.923156738281,125.96409648656845,4259.757843017578
