frame,timestamp_s,detected,left_elbow_angle,right_elbow_angle,left_knee_angle,right_knee_angle,left_hip_angle,right_hip_angle,left_shoulder_angle,right_shoulder_angle,left_shoulder_x,left_shoulder_y,right_shoulder_x,right_shoulder_y,left_elbow_x,left_elbow_y,right_elbow_x,right_elbow_y,left_wrist_x,left_wrist_y,right_wrist_x,right_wrist_y,left_hip_x,left_hip_y,right_hip_x,right_hip_y,left_knee_x,left_knee_y,right_knee_x,right_knee_y,left_ankle_x,left_ankle_y,right_ankle_x,right_ankle_y
0,0.0,True,168.5,86.7,174.9,176.0,158.8,173.6,14.4,24.7,1041.5167236328125,396.85288667678833,905.4638671875,380.15320658683777,1039.4840240478516,494.6779203414917,865.8725738525391,478.7001836299896,1024.6927642822266,560.1540327072144,940.4512596130371,503.78403067588806,990.9686279296875,578.1428146362305,915.161018371582,575.9969401359558,1005.1393890380859,722.9576396942139,905.5460929870605,728.855881690979,1030.066795349121,854.8914241790771,887.281379699707,864.8543071746826
1,0.03333333333333333,True,169.1,86.1,174.9,175.7,158.6,173.9,13.9,24.5,1043.038215637207,397.43131041526794,906.379280090332,380.6477200984955,1039.6046447753906,497.20768332481384,866.8826866149902,479.74891662597656,1024.6305084228516,562.5726556777954,941.5849113464355,503.7862193584442,991.6574478149414,578.3398604393005,915.7049560546875,576.1679792404175,1005.6231307983398,722.9407739639282,906.6836929321289,728.8918018341064,1030.1396942138672,853.2125759124756,888.0084228515625,866.891520023346
2,0.06666666666666667,True,169.2,86.4,174.3,175.7,159.1,173.5,13.2,24.6,1045.088882446289,399.83567476272583,908.7543296813965,381.7208504676819,1040.2199935913086,501.0399055480957,869.3666839599609,480.4428255558014,1024.929428100586,564.35218334198,944.1343116760254,504.8928236961365,993.8764572143555,579.1211557388306,918.4108543395996,577.3521852493286,1006.4395523071289,722.9869937896729,908.5083389282227,730.5721950531006,1030.6592559814453,851.3598561286926,889.0595054626465,869.2350196838379
3,0.1,True,169.7,87.5,173.9,175.7,159.2,173.6,12.9,24.8,1048.187141418457,401.47348523139954,912.2895240783691,382.64753222465515,1042.4796295166016,503.9319920539856,872.328929901123,480.518399477005,1027.0136260986328,568.3690595626831,945.7177734375,506.8651807308197,996.3766479492188,580.7084655761719,921.2410354614258,578.9555883407593,1008.083610534668,724.7163105010986,910.9868431091309,733.389995098114,1031.9828796386719,851.1350011825562,891.6790008544922,869.8230671882629
4,0.13333333333333333,True,169.4,88.8,174.0,175.4,158.7,174.6,12.7,24.0,1051.2974166870117,402.86484360694885,915.9801864624023,383.42193961143494,1044.4393157958984,506.68912053108215,876.460075378418,481.5566396713257,1027.7286529541016,571.9549584388733,948.9666366577148,508.986496925354,998.6693572998047,581.0140442848206,923.1443023681641,579.0139102935791,1010.9892654418945,725.3689885139465,914.2107582092285,734.1633725166321,1035.0683212280273,851.1845684051514,895.5072212219238,869.6801590919495
5,0.16666666666666666,True,171.4,88.9,174.0,175.0,157.6,175.5,12.6,24.4,1055.0920486450195,404.35478925704956,920.0183486938477,384.7711658477783,1047.0952606201172,508.54206562042236,879.0795135498047,482.21221446990967,1030.843734741211,579.0709447860718,951.0874557495117,510.8528959751129,1000.9081649780273,581.2775874137878,925.5325126647949,578.9824318885803,1014.4909286499023,725.7967472076416,917.6962280273438,734.4789290428162,1039.8115539550781,851.2333631515503,898.949089050293,869.6585297584534
6,0.2,True,172.9,88.1,174.8,174.6,156.3,176.3,12.3,25.5,1059.3476486206055,406.19836807250977,924.7488212585449,385.91352939605713,1049.7833633422852,508.89161109924316,880.737476348877,482.67170906066895,1033.7492752075195,581.418821811676,952.6922607421875,512.6024901866913,1003.6397552490234,581.4976143836975,928.3230400085449,578.8234305381775,1018.8623428344727,725.7687449455261,921.2171745300293,734.4084405899048,1043.6294174194336,850.7264256477356,902.1573829650879,869.6099925041199
7,0.23333333333333334,True,172.9,87.8,177.0,174.1,154.9,176.7,12.2,26.3,1061.7497634887695,406.9496011734009,927.3332405090332,386.54502868652344,1051.8593215942383,508.31122398376465,881.6066551208496,483.1329417228699,1035.611228942871,580.4886317253113,953.4016799926758,513.8166618347168,1005.9413909912109,581.1658358573914,930.5962944030762,578.022243976593,1024.251594543457,724.0578389167786,924.2715454101562,734.3253993988037,1047.388572692871,850.7707786560059,904.8366165161133,869.7234177589417
8,0.26666666666666666,True,173.5,88.5,179.5,174.2,153.2,176.5,12.0,26.0,1064.8180389404297,408.1800591945648,928.4639167785645,388.09165477752686,1053.7189865112305,509.13249492645264,883.6314582824707,485.0739812850952,1037.4692916870117,581.0141086578369,954.3938255310059,515.6179797649384,1007.713623046875,580.9221196174622,932.4524688720703,577.6848649978638,1028.7555313110352,721.7050695419312,926.1198234558105,734.2775058746338,1049.1113662719727,850.8001327514648,906.6969680786133,869.6799659729004
9,0.3,True,172.6,89.2,179.3,174.0,152.3,176.9,12.2,25.8,1066.5212631225586,411.2747597694397,930.2985763549805,389.6712076663971,1054.8749542236328,513.856508731842,885.6814384460449,486.2047255039215,1038.2294082641602,581.3691902160645,956.067008972168,517.620495557785,1009.2614364624023,580.5956196784973,933.6055183410645,577.3664116859436,1031.3833236694336,719.8713397979736,927.9437828063965,734.2175102233887,1050.5755233764648,851.5119051933289,908.8223648071289,869.8795223236084
10,0.3333333333333333,True,172.5,90.0,178.3,174.6,152.0,176.5,12.8,26.1,1066.8804931640625,412.37351059913635,931.2375068664551,391.75164699554443,1056.4621353149414,515.1176083087921,886.8870162963867,487.0791685581207,1040.5139923095703,582.6760268211365,957.5383758544922,519.9867510795593,1010.29541015625,580.5165696144104,934.8456573486328,577.4230599403381,1033.1916046142578,718.9790654182434,928.2588386535645,734.4701743125916,1051.2126159667969,852.4446702003479,909.5405387878418,871.5664172172546
11,0.36666666666666664,True,172.9,91.3,176.6,174.5,150.9,176.5,13.0,26.3,1066.7750930786133,414.6929669380188,931.6781044006348,393.69017601013184,1056.2630081176758,517.3628425598145,887.0153045654297,488.38433146476746,1039.8274612426758,588.782708644867,958.6938285827637,524.2022824287415,1009.9567794799805,580.7062125205994,935.0745391845703,577.9275512695312,1034.7901153564453,718.8837289810181,928.2777214050293,734.6293044090271,1050.6748580932617,852.4744749069214,909.1143035888672,871.8085885047913
12,0.4,True,172.7,92.3,176.3,174.5,150.6,176.1,13.3,26.8,1066.0358047485352,416.96687936782837,930.673713684082,397.2926187515259,1055.8744812011719,518.7426781654358,886.4850997924805,489.8320806026459,1039.5331192016602,589.2881011962891,958.330078125,527.696031332016,1009.3971633911133,581.4099383354187,934.8143577575684,579.3901705741882,1034.5212936401367,719.0079045295715,927.6874351501465,736.5507102012634,1050.0788497924805,852.9296565055847,908.4035682678223,872.0810794830322
13,0.43333333333333335,True,172.6,91.9,176.2,174.5,150.6,176.0,13.4,27.0,1065.509376525879,418.90437841415405,930.0090980529785,401.1107110977173,1055.683708190918,519.895920753479,886.039981842041,493.00917863845825,1039.2327117919922,591.5564131736755,957.9628944396973,530.448557138443,1009.0275192260742,583.4046006202698,934.3947601318359,581.1033296585083,1034.136085510254,720.094199180603,927.1886444091797,738.9227914810181,1049.6146774291992,853.2727646827698,907.9567337036133,873.0413961410522
14,0.4666666666666667,True,171.1,92.9,175.5,174.6,150.1,175.9,13.4,26.9,1065.1826477050781,422.27118372917175,929.5627784729004,403.6890435218811,1055.4948806762695,523.4893834590912,885.8783912658691,495.3782343864441,1037.8944396972656,592.3948073387146,957.9045867919922,534.2985785007477,1008.3190155029297,588.3618378639221,934.1143798828125,584.6746158599854,1034.081153869629,720.7276940345764,926.8590545654297,740.1124691963196,1049.3616485595703,854.6581363677979,907.833194732666,873.7062406539917
15,0.5,True,169.2,95.4,174.7,174.8,149.4,175.3,13.4,27.1,1064.977684020996,426.85837268829346,929.048023223877,407.68998742103577,1054.9271392822266,529.2068016529083,885.673885345459,498.3800446987152,1035.688362121582,594.4407749176025,955.8538627624512,540.4226732254028,1007.1673965454102,594.9921941757202,933.951587677002,590.0064396858215,1034.314956665039,727.2914242744446,925.2323341369629,745.5507659912109,1048.9793014526367,859.5293068885803,906.207275390625,873.6130285263062
16,0.5333333333333333,True,170.2,100.6,172.0,174.8,147.0,173.9,13.3,25.3,1063.850212097168,430.1921546459198,924.8886680603027,412.87349581718445,1052.2653579711914,533.3842241764069,885.377025604248,506.5895354747772,1033.0344772338867,599.359130859375,954.2475128173828,552.1634101867676,1003.2325744628906,599.8637509346008,932.5310897827148,595.1763653755188,1034.1839218139648,730.4843258857727,922.7217864990234,748.3467435836792,1046.7756271362305,864.8181295394897,902.9787826538086,874.7358870506287
17,0.5666666666666667,True,169.3,103.5,168.9,174.8,144.4,173.9,14.7,24.5,1060.4070281982422,435.0711143016815,920.7107734680176,416.45028591156006,1050.0266647338867,539.555858373642,882.8637313842773,510.20939111709595,1029.928092956543,607.9935479164124,950.4671859741211,558.3622741699219,998.3621978759766,601.9765377044678,928.8356781005859,598.6562418937683,1033.919334411621,732.3606061935425,919.38720703125,749.6179819107056,1043.609962463379,867.3514652252197,899.5548248291016,877.8599095344543
18,0.6,True,169.8,105.2,166.7,175.0,144.1,173.5,15.0,23.9,1056.496925354004,439.13028359413147,916.6012573242188,419.6227812767029,1048.0293273925781,542.2942543029785,879.8269844055176,514.1015124320984,1028.5028457641602,615.5032396316528,946.2249755859375,563.2106566429138,995.4505920410156,609.7166204452515,925.0778388977051,604.7033786773682,1033.3323669433594,739.8988151550293,915.1608467102051,751.6573190689087,1039.9651336669922,869.7482657432556,894.8935317993164,882.1618294715881
19,0.6333333333333333,True,169.2,103.5,164.5,175.8,143.6,173.1,15.6,25.2,1051.8132019042969,441.6783607006073,913.4488105773926,421.8730366230011,1045.3861999511719,545.3067183494568,873.306884765625,517.5391280651093,1025.676612854004,622.5146198272705,940.5428123474121,566.9016122817993,990.9673690795898,617.370765209198,921.5455055236816,611.559362411499,1031.3429260253906,747.1851325035095,910.3810501098633,755.4331827163696,1035.1636505126953,872.2877812385559,890.6861686706543,884.4439816474915
20,0.6666666666666666,True,169.0,102.9,161.7,176.2,141.7,173.1,16.7,26.2,1046.678581237793,442.48620986938477,910.7468032836914,423.4404230117798,1042.0667266845703,545.8412718772888,867.9429817199707,519.4155371189117,1022.6605224609375,626.4042949676514,935.9858894348145,570.4790782928467,984.7908782958984,619.8446846008301,917.7849769592285,613.5138559341431,1028.0619049072266,745.1751494407654,905.7435035705566,758.7117648124695,1029.6482849121094,872.058162689209,886.5394020080566,886.9437789916992
21,0.7,True,168.7,103.8,159.9,176.1,140.1,172.9,17.4,26.2,1042.2499465942383,443.6350107192993,906.837100982666,425.4983961582184,1038.5825729370117,546.7112731933594,863.5709953308105,522.2017300128937,1019.0859603881836,629.1563057899475,929.8262786865234,573.7126636505127,979.0552139282227,623.0387449264526,913.7432098388672,616.8415546417236,1024.6854400634766,745.2657222747803,900.9602737426758,761.9419384002686,1025.5931854248047,872.8914070129395,880.6143951416016,891.2569642066956
22,0.7333333333333333,True,168.0,102.8,159.8,174.8,139.8,174.1,17.9,26.4,1038.515739440918,444.8315441608429,903.2691192626953,426.690970659256,1035.3567123413086,548.1450533866882,858.5663795471191,523.893324136734,1015.1327133178711,630.6919240951538,926.832275390625,576.2608695030212,974.6424865722656,623.6193895339966,908.9034461975098,617.9671168327332,1020.0238037109375,744.707350730896,898.1585311889648,762.7852892875671,1020.8713531494141,874.4520020484924,876.4958381652832,893.6336159706116
23,0.7666666666666667,True,168.2,103.1,160.2,175.5,139.9,173.1,17.4,26.5,1034.901008605957,446.70228838920593,899.1072463989258,426.7774558067322,1030.9415817260742,551.447582244873,854.6982192993164,524.3886744976044,1010.3133773803711,634.5680809020996,923.6932182312012,577.4144983291626,971.2633895874023,626.1550426483154,906.1402130126953,620.8477449417114,1015.7857131958008,744.6024870872498,894.0300750732422,764.3354558944702,1017.6283264160156,875.526065826416,872.5915718078613,894.8903703689575
24,0.8,True,168.4,103.4,160.8,173.1,139.6,175.0,17.6,25.8,1031.4360809326172,449.2553222179413,894.9613380432129,428.45340728759766,1026.767463684082,554.4483304023743,851.8346786499023,525.2954649925232,1005.8602523803711,637.1848440170288,918.8629531860352,576.4747166633606,967.2742080688477,624.6577262878418,900.787353515625,618.6598992347717,1011.2998580932617,743.8920021057129,892.5460052490234,762.7638530731201,1013.8728332519531,877.0773911476135,868.7360572814941,896.0155463218689
25,0.8333333333333334,True,168.6,103.5,161.4,174.8,140.2,173.6,16.8,26.0,1028.4273147583008,449.97478723526,892.3067092895508,429.2628335952759,1022.9269409179688,555.0264000892639,849.1500091552734,526.1615717411041,1001.9359588623047,636.6934204101562,917.2315406799316,578.3559536933899,964.9599838256836,625.9644985198975,899.0892791748047,619.8762917518616,1007.9816436767578,744.3905711174011,888.0606079101562,764.3598532676697,1011.2302780151367,877.5419068336487,865.5209541320801,897.5547051429749
26,0.8666666666666667,True,168.4,103.8,161.8,174.6,140.5,173.5,16.8,25.7,1027.6872253417969,450.7452356815338,889.5053672790527,429.17773246765137,1021.4005279541016,556.2984752655029,847.1181678771973,526.4307796955109,999.8566818237305,636.9051432609558,914.4516563415527,577.7790427207947,963.2894897460938,625.2988171577454,896.6179275512695,619.4949460029602,1005.0751876831055,744.8079657554626,885.5460548400879,764.7580647468567,1007.6664733886719,878.3364629745483,862.4652099609375,899.1674423217773
27,0.9,True,168.4,104.3,162.9,174.8,141.7,173.0,16.5,25.3,1024.8125839233398,450.41075348854065,885.7701301574707,428.8379716873169,1018.4112167358398,555.7255554199219,844.8198509216309,526.1124873161316,996.7607116699219,635.9126400947571,912.3371315002441,577.201681137085,961.384162902832,625.1149678230286,894.0958213806152,619.500482082367,1001.3903045654297,745.8777165412903,882.5081634521484,765.4321146011353,1004.3088912963867,879.6726536750793,859.4194221496582,899.8223090171814
28,0.9333333333333333,True,169.8,104.7,163.7,176.1,143.9,171.3,15.2,25.3,1020.1593017578125,449.6210253238678,882.2558212280273,428.4893274307251,1013.3857727050781,554.6986126899719,842.6521110534668,526.164790391922,993.6451721191406,634.8255729675293,910.3945541381836,576.7052364349365,959.9884986877441,625.4751992225647,892.9581069946289,620.1057815551758,998.3562469482422,749.3380880355835,878.8054275512695,766.4599585533142,1000.4110336303711,882.323534488678,856.3823318481445,901.1834764480591
29,0.9666666666666667,True,169.9,104.2,167.1,175.7,146.2,171.1,14.8,25.3,1016.3180923461914,449.1816794872284,878.3358764648438,428.90440464019775,1009.8469161987305,554.2043566703796,839.3362998962402,526.747430562973,990.4403686523438,634.3623447418213,907.8239250183105,576.3025832176208,958.1118392944336,625.052011013031,890.3418159484863,619.8424315452576,993.4109115600586,752.3804211616516,876.6423225402832,766.3598585128784,999.2507171630859,883.6468505859375,853.7179756164551,901.539716720581
30,1.0,True,170.6,103.8,168.9,174.9,146.9,171.9,14.3,24.6,1014.1146469116211,449.79434967041016,874.6711349487305,429.09095764160156,1006.1930465698242,555.0975966453552,836.7598342895508,527.4799311161041,986.824836730957,634.2512369155884,906.0430526733398,575.8055591583252,955.103931427002,624.6498084068298,886.4007568359375,619.4124841690063,988.3487319946289,753.1973791122437,874.6746253967285,766.168155670166,996.3420867919922,886.1634492874146,851.6871070861816,901.7348313331604
31,1.0333333333333334,True,170.7,103.3,170.5,175.6,148.2,171.3,14.1,24.5,1011.3895797729492,449.6931552886963,872.7147674560547,429.27480697631836,1003.6885070800781,554.7338891029358,835.2713584899902,528.0426478385925,984.6755218505859,633.9323329925537,905.4242706298828,575.4719138145447,953.576602935791,624.6128582954407,884.9859237670898,619.3698048591614,985.1263046264648,756.3643383979797,872.0218276977539,766.7313551902771,994.1631317138672,887.8095960617065,849.4316482543945,903.0701208114624
32,1.0666666666666667,True,171.6,101.8,172.2,176.2,150.0,170.8,13.3,25.0,1008.9122772216797,449.48667883872986,871.0935401916504,429.4705009460449,1000.6038665771484,554.6364283561707,832.8000068664551,528.4509336948395,982.9751586914062,631.4714169502258,904.4290351867676,574.9377465248108,952.7080535888672,624.7501015663147,883.868579864502,619.8582673072815,981.8214797973633,759.267303943634,869.8884201049805,768.0396723747253,991.9278717041016,889.8120474815369,847.7294540405273,904.4842672348022
33,1.1,True,170.1,101.3,175.6,176.2,152.3,170.1,13.2,24.7,1007.5001907348633,449.34412479400635,868.4718704223633,429.90147829055786,999.9933242797852,554.6184682846069,831.610221862793,529.2089903354645,981.4203643798828,629.5054006576538,904.551944732666,574.2241716384888,952.8949356079102,625.3268194198608,882.9984283447266,621.0829639434814,977.8953552246094,761.1642479896545,868.527717590332,769.9383544921875,991.6806793212891,892.3607039451599,846.2830924987793,905.5977916717529
34,1.1333333333333333,True,168.6,98.8,176.8,176.6,153.7,170.1,13.2,24.6,1005.3374862670898,449.258508682251,867.5915908813477,429.9059522151947,999.2166137695312,554.3829917907715,830.7859039306641,529.0515661239624,980.3054809570312,626.3413381576538,903.5221481323242,569.6377873420715,952.7145767211914,626.2349939346313,881.9877433776855,622.4450969696045,976.1358261108398,762.5599837303162,867.2861480712891,771.5999507904053,991.2401962280273,893.8579559326172,845.8182907104492,907.038266658783
35,1.1666666666666667,True,170.4,95.5,178.5,177.0,154.7,169.9,12.2,24.9,1005.1124954223633,449.19925332069397,867.1158027648926,429.839551448822,997.4332809448242,552.1929574012756,829.8709487915039,528.8828766345978,979.8506927490234,623.6671543121338,902.8934669494629,564.7433137893677,952.7334022521973,626.8344354629517,881.642017364502,622.6738786697388,973.9427947998047,763.4126043319702,866.6609001159668,771.1988425254822,990.5373001098633,893.1276440620422,845.7377243041992,907.1316075325012
36,1.2,True,170.9,94.1,179.7,177.3,155.8,169.9,12.2,24.7,1004.4409561157227,449.1606295108795,866.3730812072754,429.8840653896332,997.1135330200195,551.7579245567322,829.6333122253418,528.7753415107727,980.2595901489258,623.9180159568787,902.6606369018555,562.0240688323975,952.5214004516602,627.3338413238525,881.1059761047363,623.006751537323,971.6241073608398,764.7408127784729,866.0967063903809,771.302547454834,990.3482437133789,894.349250793457,845.7694816589355,907.6519346237183
37,1.2333333333333334,True,169.7,93.5,178.5,177.7,156.4,169.6,12.9,24.7,1004.0756607055664,449.0917503833771,865.5305099487305,430.01866936683655,998.2122802734375,551.0982942581177,829.2886734008789,528.7456655502319,980.6300354003906,624.1033458709717,901.9686126708984,560.5732297897339,952.2444534301758,627.3693752288818,880.7418251037598,623.1112289428711,970.0076293945312,765.2222585678101,865.4470252990723,771.3860392570496,990.2370071411133,895.6045889854431,845.7041358947754,908.3878469467163
38,1.2666666666666666,True,169.4,93.2,178.2,178.1,156.8,169.2,13.0,25.1,1003.1747817993164,449.03722643852234,864.8450088500977,430.5118954181671,998.0002212524414,550.9777235984802,828.2433128356934,529.1077315807343,980.4011535644531,624.246768951416,901.2826538085938,561.0060739517212,952.1105003356934,627.7390050888062,880.788631439209,623.4852361679077,969.5744705200195,765.7703304290771,864.9599647521973,771.3921546936035,990.3116226196289,896.4688611030579,845.4897308349609,910.5347514152527
39,1.3,True,169.4,94.3,178.0,178.5,156.7,169.1,12.9,24.8,1003.0791091918945,449.61008191108704,864.5390510559082,430.6773018836975,997.4269866943359,552.1235632896423,828.2691764831543,529.8217248916626,979.2740249633789,626.2449717521667,899.7740364074707,562.2905087471008,951.6089630126953,628.7719988822937,880.4823875427246,624.360773563385,969.2764663696289,766.7909002304077,864.4419479370117,772.1979117393494,990.655403137207,896.820273399353,845.5281257629395,911.8242073059082
40,1.3333333333333333,True,169.3,98.6,177.8,179.0,156.4,168.7,13.3,24.3,1003.0632019042969,450.1923680305481,863.7023735046387,431.4335882663727,997.895622253418,552.98583984375,828.4930229187012,531.155469417572,979.1780090332031,630.2254128456116,900.1100921630859,569.2925548553467,950.7001876831055,631.2676119804382,880.2901268005371,626.7276406288147,968.6936187744141,767.9248952865601,863.6693000793457,774.0824961662292,990.9395599365234,897.5910758972168,845.5841445922852,912.9754543304443
41,1.3666666666666667,True,168.8,101.0,178.4,179.3,155.6,168.5,13.6,24.1,1003.1678009033203,450.61925768852234,863.4578132629395,432.22962498664856,998.2546234130859,553.1509566307068,828.6321258544922,532.29731798172,978.7635040283203,631.5293526649475,900.2898788452148,573.9775586128235,949.5962905883789,633.2316327095032,880.2453231811523,628.4704113006592,968.8240814208984,768.6817288398743,863.0846214294434,776.8198299407959,991.1433792114258,898.9835929870605,845.2934074401855,915.1380014419556
42,1.4,True,167.9,101.9,179.1,179.7,155.2,168.3,13.6,24.4,1002.9844665527344,451.3442265987396,863.5278511047363,433.2414400577545,998.3510971069336,553.7600541114807,827.9842185974121,533.3071374893188,977.9475402832031,631.8214130401611,898.3467864990234,576.4337754249573,949.1848182678223,636.806845664978,880.308837890625,631.653528213501,969.6142959594727,771.5306210517883,862.6543235778809,778.5899591445923,991.2970733642578,900.9573984146118,845.3260231018066,916.5569114685059
43,1.4333333333333333,True,167.5,103.4,179.5,179.8,155.2,168.4,13.6,24.4,1003.0419158935547,452.08165168762207,863.8124656677246,434.2020785808563,998.5355758666992,556.3990902900696,828.0164337158203,534.2378425598145,977.8325271606445,633.6049318313599,896.2271690368652,578.6268997192383,949.226188659668,638.9456391334534,880.3542137145996,634.2475032806396,970.1014709472656,774.5080018043518,862.5480079650879,781.1521983146667,991.3777542114258,904.3839740753174,845.4547119140625,917.5955700874329
44,1.4666666666666666,True,167.2,104.9,179.1,179.9,155.4,168.2,13.5,24.6,1003.150749206543,452.31841564178467,864.0474700927734,434.8375368118286,998.9155197143555,556.97909116745,827.9596710205078,534.6632838249207,977.9102325439453,634.6988868713379,894.6695709228516,580.9773516654968,949.3683815002441,641.7463803291321,880.843391418457,637.0701313018799,970.2956771850586,777.4882793426514,862.6633644104004,783.7988305091858,992.0452880859375,905.0597620010376,845.5061531066895,920.1544618606567
45,1.5,True,166.8,106.0,178.9,179.9,155.6,167.9,13.6,24.8,1003.2588958740234,453.02387952804565,864.22119140625,435.969922542572,999.5123291015625,559.1263175010681,828.0026435852051,535.6118845939636,978.1059265136719,637.618396282196,892.829418182373,582.631995677948,949.6263313293457,644.3723487854004,881.4016914367676,640.0245308876038,970.3879165649414,779.1137623786926,862.8376579284668,785.500853061676,992.497673034668,906.5791583061218,845.6168746948242,921.5172386169434
46,1.5333333333333334,True,166.8,106.3,178.9,179.6,155.8,167.3,13.5,25.2,1003.363151550293,453.6938738822937,864.3435287475586,437.8092849254608,999.7547149658203,559.7865915298462,828.0053901672363,537.1276116371155,978.2524108886719,639.3209981918335,892.423210144043,584.6978545188904,950.3122901916504,645.5232739448547,882.4317741394043,641.4876008033752,971.077995300293,780.3606033325195,862.9678916931152,786.3884282112122,993.035774230957,906.3322877883911,845.7008171081543,922.94593334198
47,1.5666666666666667,True,166.0,106.9,179.1,179.1,155.8,166.8,13.7,25.3,1003.4018325805664,454.8191785812378,864.4397735595703,438.84276151657104,1000.5291366577148,561.3113951683044,828.0912208557129,538.3383071422577,978.3129501342773,641.0625457763672,891.7397117614746,586.3292598724365,950.8551979064941,647.7026224136353,883.2004165649414,643.1616854667664,971.9224548339844,781.924352645874,863.0207633972168,787.780430316925,993.5707855224609,906.7244482040405,846.2680435180664,923.7151265144348
48,1.6,True,165.8,108.0,179.0,178.7,156.1,166.1,13.5,25.4,1003.4650039672852,455.48115849494934,864.4625473022461,439.116153717041,1000.8538055419922,561.4392399787903,828.380298614502,538.9549040794373,978.3644485473633,641.8988156318665,891.2615203857422,587.8480768203735,951.6621208190918,649.3440055847168,884.5263290405273,645.0800657272339,972.4446487426758,782.1794629096985,863.4254264831543,789.3352317810059,994.0802764892578,906.6362571716309,846.7279243469238,924.5152831077576
49,1.6333333333333333,True,165.6,108.6,179.4,178.7,156.0,166.1,13.6,25.5,1003.7872695922852,456.3061308860779,864.7164916992188,439.3578100204468,1001.4059829711914,562.0847725868225,828.431339263916,539.3938636779785,978.3931732177734,643.9898443222046,890.7326316833496,589.100067615509,952.0449256896973,650.5221605300903,884.9508476257324,646.0794568061829,973.1235122680664,783.0421257019043,863.7372779846191,790.7032227516174,994.4160461425781,907.8709959983826,847.2051429748535,925.3143453598022
50,1.6666666666666667,True,165.1,109.6,179.8,178.7,155.8,166.1,13.7,25.7,1004.3745803833008,457.02192664146423,865.1235580444336,439.77394938468933,1002.194709777832,562.2613477706909,828.5349082946777,539.5479726791382,978.354606628418,645.1624631881714,889.6061325073242,590.3964114189148,952.5752449035645,651.885130405426,885.3884696960449,647.2303175926208,974.1603469848633,784.089024066925,864.2511177062988,791.4653992652893,994.9103164672852,909.0894484519958,847.5082397460938,926.530351638794
51,1.7,True,164.9,110.2,179.1,178.7,155.6,166.0,13.6,25.9,1004.8820114135742,457.73382782936096,865.5862998962402,441.2600004673004,1002.9093933105469,562.512788772583,828.9490127563477,540.5436301231384,978.3650207519531,647.0408034324646,889.7760772705078,592.3897218704224,953.5416412353516,653.207802772522,886.0651016235352,648.572301864624,976.1473846435547,785.9752821922302,864.6882247924805,793.2276105880737,995.2782440185547,909.6070718765259,847.7584648132324,928.4635376930237
52,1.7333333333333334,True,164.6,110.7,178.6,178.8,155.9,165.7,13.4,25.9,1005.2530288696289,458.51534843444824,865.8122062683105,443.14432740211487,1003.5016250610352,562.995457649231,829.4871139526367,542.4061346054077,978.3831024169922,648.584725856781,890.1615142822266,594.7130084037781,955.0260543823242,654.9474835395813,886.8597221374512,650.4632592201233,978.0474472045898,788.3892059326172,865.2139091491699,795.145218372345,995.9476089477539,909.7846126556396,847.9256629943848,930.1763105392456
53,1.7666666666666666,True,164.1,109.8,178.2,178.7,156.1,165.6,13.3,26.4,1005.4197692871094,459.2903995513916,866.934871673584,445.27748823165894,1004.15771484375,563.9109063148499,829.6463584899902,544.0768718719482,978.402214050293,650.1005172729492,890.1177978515625,595.5922150611877,956.1135864257812,656.8197083473206,887.7359962463379,652.5671625137329,979.3353652954102,789.965250492096,865.715503692627,796.9148969650269,996.4347839355469,910.3642916679382,848.2746505737305,931.485915184021
54,1.8,True,163.3,109.8,177.1,179.0,155.7,165.7,13.6,26.4,1005.6354904174805,460.4750883579254,867.3351287841797,446.86174035072327,1005.0226593017578,566.0221481323242,829.9278831481934,546.1342978477478,978.5617446899414,652.3294973373413,890.2451133728027,597.6329684257507,956.5896606445312,658.6621284484863,888.2511520385742,654.3558955192566,980.7243347167969,790.2345871925354,866.7327117919922,798.2913851737976,996.7010879516602,911.3177847862244,849.0341949462891,932.5971865653992
55,1.8333333333333333,True,163.5,110.3,175.9,179.5,155.0,165.9,13.6,26.4,1006.1227798461914,462.32964277267456,867.6507568359375,448.15753698349,1005.3600311279297,568.518340587616,830.4348564147949,547.2449254989624,979.054069519043,655.0773882865906,890.3410720825195,599.04376745224,956.8540191650391,659.480631351471,888.7494850158691,655.2049112319946,982.1827697753906,789.6434497833252,867.8015899658203,798.670928478241,997.0913314819336,912.3016619682312,849.2159271240234,933.5416030883789
56,1.8666666666666667,True,163.9,111.1,175.4,179.6,154.5,166.3,13.7,26.2,1006.5303039550781,463.83275270462036,867.7408218383789,449.2992889881134,1005.5461120605469,570.1059722900391,830.9789657592773,548.6629986763,979.7414016723633,656.6393351554871,891.2432098388672,601.7745351791382,957.0038223266602,659.3675923347473,888.8910484313965,655.4268050193787,982.8893280029297,789.2108631134033,869.1843223571777,799.2222189903259,997.4109649658203,913.0931925773621,849.5989608764648,934.3917775154114
57,1.9,True,164.4,110.2,175.1,178.9,154.1,166.8,13.7,26.2,1007.2430419921875,465.17048835754395,867.9875564575195,450.7327473163605,1005.8304977416992,571.3042116165161,831.1505699157715,549.9184012413025,980.3754043579102,658.1892442703247,891.1827850341797,601.3407254219055,957.0477104187012,659.1001868247986,888.914852142334,655.3487849235535,983.2709884643555,788.934895992279,870.2002716064453,799.5170474052429,997.5479507446289,913.917875289917,849.9048042297363,935.52654504776
58,1.9333333333333333,True,165.2,110.1,175.3,178.5,154.1,167.0,13.6,26.0,1007.8143310546875,466.1721968650818,868.2554054260254,452.03498125076294,1006.0977172851562,572.0811939239502,831.558666229248,552.005889415741,981.5811538696289,659.1439604759216,891.3689804077148,602.7358174324036,957.5407791137695,660.1276445388794,889.2792892456055,657.016818523407,983.4639358520508,789.3398666381836,871.2685203552246,800.1797676086426,998.0827331542969,915.076847076416,850.2707862854004,937.2024321556091
59,1.9666666666666666,True,165.1,109.7,175.8,178.1,154.4,167.2,14.0,26.1,1008.4727096557617,466.9961392879486,869.2084693908691,452.5460386276245,1007.3826599121094,572.5221490859985,832.0961380004883,552.9392981529236,983.393669128418,658.891875743866,891.6884422302246,602.9047322273254,958.1999015808105,660.4956650733948,890.0267601013184,657.5106883049011,983.5622406005859,790.5811071395874,872.4004554748535,800.1665711402893,998.6812591552734,917.0827102661133,850.5856132507324,938.1125378608704
60,2.0,True,164.8,108.7,176.5,177.9,154.5,167.4,15.0,26.3,1008.7162399291992,467.6470470428467,869.7934341430664,453.1329596042633,1009.3712997436523,572.7363181114197,832.1459770202637,553.3221888542175,986.5041732788086,659.1874122619629,893.7329292297363,603.7545847892761,958.406867980957,660.4553031921387,890.2627372741699,657.6151657104492,983.6322784423828,792.1853470802307,872.9364967346191,801.0074758529663,999.8543930053711,918.9657497406006,850.9963417053223,939.4646286964417
61,2.033333333333333,True,163.8,107.9,176.9,178.0,154.6,167.7,16.0,26.5,1009.0116119384766,468.8430333137512,870.5718040466309,453.33457589149475,1011.3692092895508,573.6283349990845,832.2797584533691,553.2809257507324,988.6015319824219,658.8467502593994,894.6620750427246,603.5777521133423,958.6503410339355,660.2478289604187,890.2880859375,657.3144793510437,983.6359405517578,793.3483099937439,873.0042457580566,802.1093487739563,1000.5273056030273,920.5609130859375,851.455192565918,940.4877090454102
62,2.066666666666667,True,163.8,107.1,177.0,178.0,154.6,167.9,16.9,26.4,1009.2366027832031,469.9550127983093,870.787296295166,453.6912667751312,1012.8668975830078,574.5510578155518,832.5216293334961,553.6019539833069,991.3877105712891,659.6129179000854,896.0825157165527,603.3828949928284,958.7316513061523,660.101637840271,890.1199722290039,657.1514868736267,983.61328125,793.9469790458679,872.9559516906738,803.0382513999939,1000.528564453125,921.706109046936,851.6470527648926,941.466372013092
63,2.1,True,164.9,106.4,177.2,177.7,154.7,168.3,17.2,26.4,1009.4162750244141,470.70817708969116,871.1195182800293,453.68093490600586,1013.5240173339844,575.3951811790466,832.5700950622559,553.5538673400879,993.7511444091797,661.8882465362549,897.2494125366211,603.1593918800354,958.9886856079102,659.9279594421387,889.8660850524902,656.6892242431641,983.5139465332031,794.3804025650024,873.343620300293,803.8475489616394,1000.5164337158203,922.2148489952087,851.938419342041,942.9681301116943
64,2.1333333333333333,True,166.4,105.8,177.6,177.6,155.0,168.6,17.6,26.5,1009.6931076049805,471.00435733795166,871.4895057678223,453.79844784736633,1014.3318557739258,575.348060131073,832.5703239440918,553.4105086326599,997.3164367675781,662.1664023399353,897.579517364502,602.5982522964478,959.4942855834961,657.9826068878174,889.7446060180664,655.8812141418457,983.360481262207,793.5691738128662,873.6142730712891,803.8192892074585,1000.5223846435547,922.4768471717834,852.407398223877,944.0285468101501
65,2.1666666666666665,True,166.6,103.1,178.4,177.8,156.0,168.9,17.7,26.9,1009.7866058349609,471.31070852279663,872.3477554321289,454.5661926269531,1015.2296447753906,575.2540111541748,832.6404762268066,553.2880067825317,999.2538070678711,661.9243597984314,898.4331893920898,599.3091130256653,960.9678268432617,656.9344854354858,889.8441696166992,655.7639265060425,983.1532287597656,793.4438395500183,873.9581108093262,804.4238805770874,1000.4934310913086,922.4564409255981,853.531608581543,944.402425289154
66,2.2,True,166.5,100.5,179.8,177.7,157.1,169.5,18.0,27.4,1009.8159027099609,471.9257926940918,873.6716651916504,455.13389825820923,1015.6654357910156,575.5613923072815,832.7478790283203,553.2025837898254,1000.023078918457,661.8541932106018,898.9716911315918,596.5141654014587,961.9197463989258,654.2181372642517,890.0849533081055,654.799747467041,982.0318222045898,793.3168959617615,874.9451065063477,804.915497303009,1000.488166809082,924.0051913261414,855.0746726989746,945.0098490715027
67,2.2333333333333334,True,166.7,98.6,178.8,177.9,158.2,169.5,17.7,27.5,1010.0899887084961,472.3170518875122,873.9617729187012,456.1978876590729,1015.810661315918,575.6164312362671,833.0314064025879,553.685188293457,1000.3639984130859,661.6932606697083,899.373722076416,594.1004347801208,963.2132720947266,653.2723045349121,890.4349708557129,654.4729900360107,981.1787796020508,793.4574222564697,875.2637672424316,806.1071705818176,1000.6983947753906,924.449622631073,856.1664962768555,945.7835483551025
68,2.2666666666666666,True,166.1,96.9,177.9,178.1,159.1,169.5,17.4,27.4,1010.4957962036133,472.61709451675415,874.1905975341797,457.12061047554016,1016.1312103271484,575.6147575378418,833.3611106872559,555.2244114875793,999.9846267700195,660.6126952171326,900.2370643615723,593.0208992958069,964.3723297119141,653.3356475830078,890.7599258422852,654.5179224014282,980.7355499267578,794.5978546142578,875.4440689086914,807.0504927635193,1000.9755706787109,927.3047590255737,856.7837333679199,946.0665965080261
69,2.3,True,166.2,94.2,177.3,178.2,159.5,169.3,17.3,27.2,1010.7345199584961,473.1499421596527,874.34326171875,458.4748899936676,1016.2213897705078,575.6867909431458,833.726749420166,557.4327921867371,1000.2301025390625,659.9424433708191,902.4297523498535,591.7539739608765,964.8819351196289,653.9572978019714,891.1847877502441,655.1714372634888,980.3616714477539,795.9749221801758,875.6582450866699,808.0950736999512,1001.0100173950195,927.887077331543,857.1353530883789,947.4913001060486
70,2.3333333333333335,True,166.5,93.4,176.8,178.5,159.8,169.2,16.8,27.0,1011.5586090087891,474.0015649795532,874.6404647827148,459.01710391044617,1016.1892318725586,576.105215549469,834.3172645568848,558.4817504882812,1000.0334930419922,659.8568916320801,903.2385635375977,591.3692164421082,965.5452346801758,655.4831957817078,891.6088485717773,656.224193572998,980.3203582763672,797.5348091125488,875.8870697021484,808.9549040794373,1001.3103103637695,928.3758616447449,857.6979446411133,948.5690975189209
71,2.3666666666666667,True,166.9,92.5,176.3,178.7,160.1,169.2,16.5,27.1,1012.170295715332,474.99770522117615,875.1616287231445,459.71075534820557,1016.1760711669922,576.7716693878174,834.5482063293457,558.8512516021729,1000.2951049804688,659.8230957984924,904.4222831726074,591.1731362342834,966.0086059570312,657.3900532722473,891.9576644897461,657.4329257011414,980.3217315673828,799.6614360809326,876.0971260070801,810.2714610099792,1002.0357513427734,929.7793221473694,858.3302879333496,949.7993302345276
72,2.4,True,167.7,91.8,175.9,178.8,159.9,169.4,16.0,27.3,1013.448486328125,476.6124379634857,875.9357070922852,460.77284574508667,1016.1498641967773,577.7990627288818,834.9212837219238,559.1973209381104,1000.3222274780273,660.6645798683167,905.4936790466309,591.1811184883118,966.2416076660156,659.2172813415527,892.2336959838867,658.592541217804,980.3391265869141,801.7887711524963,876.3436317443848,811.91162109375,1002.6516723632812,931.0192108154297,858.9526176452637,951.0688304901123
73,2.433333333333333,True,168.3,91.1,175.7,178.9,159.5,169.6,15.7,27.2,1014.5347595214844,478.97347927093506,876.555118560791,461.8420171737671,1016.1432266235352,580.1197099685669,835.5895042419434,559.962522983551,1000.3403091430664,662.658212184906,906.797046661377,591.2466502189636,966.3821411132812,660.9812307357788,892.404842376709,659.625985622406,980.4598617553711,803.1375789642334,876.712703704834,812.6497864723206,1003.0169677734375,931.3593578338623,859.7150230407715,953.0049133300781
74,2.466666666666667,True,168.7,90.1,175.8,179.0,159.4,169.6,15.4,27.1,1015.4565811157227,480.49728512763977,877.2009658813477,463.32707047462463,1016.2764358520508,581.7793107032776,836.3979721069336,561.553373336792,1000.4817581176758,664.6085214614868,908.3538436889648,591.65123462677,966.8156433105469,662.8161835670471,892.8791427612305,660.8755946159363,980.9669494628906,804.2969369888306,877.2140121459961,813.7659502029419,1003.2946014404297,932.0081734657288,860.3514862060547,953.3133244514465
75,2.5,True,169.0,90.2,176.3,179.1,159.1,169.4,15.1,26.9,1016.0641479492188,482.18968391418457,877.6955795288086,464.46776032447815,1016.3264465332031,583.62868309021,837.4124336242676,562.8853154182434,1000.4655075073242,666.6129684448242,910.0347518920898,592.8763175010681,967.2653961181641,664.8288059234619,893.7099838256836,662.567253112793,981.9219589233398,805.2180504798889,877.6542091369629,815.9461355209351,1003.622932434082,932.5179433822632,860.9418869018555,955.1796913146973
76,2.533333333333333,True,169.2,92.9,176.5,179.4,159.0,169.1,14.7,26.7,1017.0442199707031,483.9845323562622,878.1036758422852,465.65505623817444,1016.4747619628906,586.2797570228577,838.3360862731934,564.552640914917,1000.4095458984375,667.6624417304993,910.2738761901855,597.8419876098633,968.1214141845703,666.3188481330872,894.6339797973633,663.6726665496826,982.8805160522461,806.235466003418,878.2151985168457,817.341742515564,1004.2263793945312,933.7004113197327,861.9093704223633,955.8700275421143
77,2.566666666666667,True,168.9,94.7,176.5,179.9,159.2,168.4,14.4,26.8,1017.5026702880859,484.43392038345337,878.7070083618164,466.6371953487396,1016.8973922729492,586.3885474205017,839.1291618347168,565.5791330337524,1000.5002975463867,667.5789499282837,910.620288848877,601.1544942855835,968.9991760253906,668.8975667953491,896.3024711608887,666.0713338851929,983.7239456176758,808.1750893592834,878.7045478820801,818.0925250053406,1005.0482940673828,935.2388620376587,862.6195907592773,955.8115768432617
78,2.6,True,168.2,96.5,176.7,179.9,159.2,168.1,14.5,26.8,1017.7354431152344,485.17324447631836,879.6211624145508,467.8375267982483,1017.5387191772461,587.4758720397949,840.2054786682129,566.6772723197937,1000.4688262939453,668.6992979049683,910.8682823181152,604.6604418754578,969.4594573974609,670.4169631004333,897.3314666748047,667.2879195213318,984.5811080932617,809.9807524681091,879.140682220459,819.4127511978149,1005.6315994262695,936.1498689651489,863.0011367797852,956.235601902008
79,2.6333333333333333,True,167.2,98.3,177.0,179.7,159.1,167.8,14.8,26.8,1017.832145690918,485.76122760772705,880.4958915710449,468.4271192550659,1018.4234619140625,587.9559016227722,840.8797645568848,567.7609276771545,1000.5567169189453,668.7793135643005,911.4813995361328,608.6464190483093,969.7074508666992,672.3394632339478,898.4094429016113,669.1001486778259,985.3469467163086,811.5979957580566,879.6200752258301,820.6152391433716,1006.3854217529297,937.9096341133118,863.4349822998047,956.8262243270874
80,2.6666666666666665,True,166.9,99.5,176.8,179.6,159.1,167.4,14.8,26.8,1018.5114669799805,487.0017921924591,881.0226058959961,469.48808312416077,1019.0684509277344,590.3512215614319,841.743278503418,568.8443899154663,1000.5414962768555,671.6395354270935,911.8779373168945,611.0727667808533,970.1306533813477,674.8063659667969,899.6225738525391,671.692385673523,985.913200378418,814.1178131103516,880.1637840270996,823.190610408783,1007.134895324707,939.1266059875488,863.7516403198242,958.2626438140869
81,2.7,True,166.4,100.8,177.0,179.4,159.1,167.2,14.8,26.8,1019.0336608886719,487.7667045593262,881.696891784668,471.26442432403564,1019.7571563720703,591.1947655677795,842.9066848754883,569.6614122390747,1000.843391418457,671.9512295722961,912.0351219177246,613.4223175048828,970.4070281982422,677.5921726226807,900.3635787963867,673.8972902297974,986.2050247192383,814.9291062355042,880.5953407287598,823.7892150878906,1007.2908782958984,939.5755434036255,864.0645790100098,959.333553314209
82,2.7333333333333334,True,166.0,101.9,177.2,179.2,158.9,167.0,14.9,26.8,1019.6979904174805,488.18223237991333,882.3149871826172,472.7591335773468,1020.5465698242188,591.7057585716248,843.7933731079102,570.859522819519,1000.9360885620117,673.3722639083862,912.1349716186523,615.7371068000793,970.7231140136719,679.0664434432983,901.1502456665039,675.2522134780884,986.9334411621094,816.259503364563,880.931568145752,825.0021958351135,1007.7878952026367,940.8812856674194,864.5768165588379,959.5900797843933
83,2.7666666666666666,True,165.8,102.8,177.6,179.2,158.3,167.1,14.9,26.5,1021.1526489257812,489.3931210041046,883.275032043457,473.46479058265686,1021.5267562866211,594.129273891449,844.7238349914551,572.4474120140076,1000.9712219238281,676.8209838867188,912.1124839782715,618.1182646751404,971.0214614868164,680.3430891036987,901.6540145874023,676.166181564331,987.6853179931641,816.8329381942749,881.4840316772461,825.5106139183044,1008.3880233764648,942.4985933303833,865.2147102355957,960.0445532798767
84,2.8,True,166.6,103.4,177.9,179.2,157.6,167.4,14.5,26.4,1022.7861785888672,491.850528717041,884.9273872375488,474.09252405166626,1021.6289520263672,597.9499411582947,845.6418228149414,573.807806968689,1000.8804702758789,681.1608195304871,911.9481468200684,620.1274752616882,971.3010406494141,682.1985125541687,902.3641204833984,678.0230855941772,988.5705184936523,817.0576643943787,882.4053955078125,826.3587284088135,1009.3770217895508,942.846851348877,866.1105537414551,961.33793592453
85,2.8333333333333335,True,166.8,103.9,178.4,179.6,157.1,167.7,14.3,26.5,1023.8620376586914,492.7460539340973,886.2771034240723,475.2522361278534,1021.9252395629883,599.1587376594543,846.4945220947266,575.2036714553833,1000.7509231567383,682.5268793106079,911.8936157226562,621.9517421722412,971.5811920166016,683.3144187927246,903.3372688293457,679.4865417480469,989.4181823730469,817.0281171798706,883.9096069335938,826.6316056251526,1009.7646331787109,943.1313157081604,866.8916702270508,963.3571887016296
86,2.8666666666666667,True,166.4,105.0,179.2,179.4,156.5,167.9,14.3,26.4,1024.7399139404297,493.53533148765564,887.4326133728027,476.63020491600037,1022.6267623901367,599.5104074478149,847.5971603393555,575.9995150566101,1000.7136154174805,682.498619556427,911.9110107421875,624.2259120941162,972.0298004150391,684.5100831985474,903.7323188781738,680.8109521865845,991.0237884521484,818.3585786819458,884.2438888549805,827.5159621238708,1010.6209945678711,943.6046504974365,867.3849105834961,964.7152018547058
87,2.9,True,165.4,105.8,179.6,179.5,156.0,168.0,14.6,26.3,1025.559425354004,495.1358377933502,888.5538482666016,477.6294672489166,1023.5836029052734,602.023594379425,848.5815811157227,576.8939781188965,1000.6985092163086,683.7114715576172,911.8850326538086,625.9311532974243,972.2629165649414,684.833300113678,904.145393371582,681.4549398422241,991.8674468994141,818.5630917549133,884.7015953063965,827.6518535614014,1011.1153793334961,944.4944143295288,867.6174545288086,965.5857181549072
88,2.933333333333333,True,165.0,106.6,179.9,179.8,155.7,168.1,14.8,26.1,1026.196060180664,496.51039481163025,889.3093872070312,478.78647565841675,1024.244155883789,602.631983757019,849.5850563049316,578.252763748169,1000.7057189941406,684.4567823410034,911.8517303466797,627.5308871269226,972.6100158691406,685.0130295753479,904.8575019836426,682.1905946731567,992.3935317993164,819.1504311561584,885.6875038146973,827.4595069885254,1011.3822555541992,946.01722240448,867.8639030456543,966.2361431121826
89,2.966666666666667,True,164.6,107.0,179.8,180.0,155.5,168.4,15.0,26.0,1026.7660903930664,497.2512638568878,890.156192779541,479.5811605453491,1024.9409866333008,603.0601286888123,850.3726959228516,579.4804859161377,1000.8750915527344,685.0271272659302,911.9171333312988,628.8487315177917,972.8153228759766,685.4273986816406,905.2357864379883,682.7463912963867,992.7449798583984,819.469141960144,886.5012359619141,827.4730896949768,1012.0947647094727,946.413631439209,868.330192565918,966.9913029670715
90,3.0,True,164.9,107.4,179.7,179.6,155.3,168.8,15.1,25.9,1027.5691223144531,498.1824839115143,891.1368370056152,480.33828377723694,1025.4496765136719,604.0539193153381,851.1059761047363,580.428957939148,1001.3852691650391,686.3901615142822,912.0217895507812,630.0821828842163,973.1056594848633,685.6808352470398,905.6585311889648,683.0188822746277,993.1719589233398,820.18883228302,887.5857925415039,828.0372548103333,1012.6801300048828,946.536455154419,869.1744232177734,967.935140132904
91,3.033333333333333,True,165.0,107.3,179.5,179.5,155.6,168.7,14.8,25.9,1028.3252334594727,499.1212999820709,891.2530517578125,481.6675865650177,1026.0149002075195,604.7118759155273,851.5884017944336,581.2598204612732,1002.1891021728516,686.688916683197,912.839298248291,630.9663462638855,973.9327239990234,687.8615999221802,906.1882209777832,684.7790336608887,993.7631607055664,822.8491759300232,887.9604721069336,831.0400629043579,1013.1899642944336,947.9647636413574,869.5846939086914,969.2151975631714
92,3.066666666666667,True,165.2,107.2,179.4,179.4,156.0,168.5,14.6,26.1,1028.8387298583984,499.5340919494629,891.4110946655273,483.02109360694885,1026.6334533691406,605.0582671165466,851.7840957641602,582.4349498748779,1002.7796173095703,688.2865905761719,913.1328392028809,631.9840836524963,974.9251556396484,689.8953366279602,907.0262718200684,686.1848759651184,994.4062042236328,824.9192190170288,888.7116050720215,832.5963449478149,1013.5463333129883,949.0983080863953,870.0276947021484,970.3923869132996
93,3.1,True,165.8,106.9,179.3,178.9,155.9,169.0,14.7,26.3,1029.6509170532227,500.15525937080383,892.4343109130859,483.4907591342926,1027.272605895996,606.4433169364929,852.0415306091309,582.7226328849792,1003.9399337768555,690.7726764678955,914.2413139343262,633.1189155578613,975.4368209838867,689.7887349128723,907.2755241394043,685.91392993927,994.6710205078125,824.9895143508911,889.6222114562988,833.2300972938538,1013.8627624511719,949.3800044059753,870.3339958190918,972.0310664176941
94,3.1333333333333333,True,166.3,106.5,179.1,178.3,156.1,169.4,14.6,26.6,1030.609474182129,501.55884861946106,892.9125595092773,484.3967127799988,1027.7584075927734,608.2006359100342,852.0084571838379,583.1151795387268,1004.9209213256836,692.1560525894165,914.3803596496582,633.696084022522,976.3555526733398,689.4622993469238,907.4625205993652,685.8089375495911,995.0209808349609,825.0183534622192,890.6693458557129,833.8689351081848,1014.4031524658203,950.9629368782043,870.8777046203613,972.4771070480347
95,3.1666666666666665,True,165.8,106.3,178.8,178.4,156.6,169.4,14.7,26.8,1031.0957336425781,502.1009337902069,893.0038833618164,485.1509714126587,1028.7097549438477,608.4243965148926,851.9899749755859,583.8087344169617,1005.5794143676758,692.0027160644531,914.794864654541,634.4475746154785,977.5355529785156,689.2467784881592,907.8151702880859,685.6865000724792,995.2363586425781,825.0486731529236,891.0957527160645,834.3850779533386,1014.6043395996094,952.1761107444763,871.4338874816895,973.493492603302
96,3.2,True,165.7,105.4,178.1,178.4,157.3,169.4,14.6,27.0,1031.4323043823242,502.86269187927246,893.2053565979004,486.00658535957336,1029.1427993774414,608.8468766212463,851.956901550293,584.3450260162354,1006.0012435913086,691.8336725234985,915.3285026550293,634.218020439148,978.779182434082,689.0343475341797,908.0681991577148,685.5481624603271,995.3501129150391,826.1611032485962,891.4972686767578,834.9149966239929,1015.0615310668945,954.0506529808044,872.0610237121582,973.6577725410461
97,3.2333333333333334,True,164.9,104.6,177.6,178.4,158.1,169.3,14.7,27.4,1031.4906692504883,503.8428997993469,893.7383651733398,486.7444610595703,1030.0019073486328,609.413423538208,851.9363021850586,584.629168510437,1006.6065216064453,691.5500450134277,915.8143043518066,634.1107749938965,980.1578521728516,688.8738656044006,908.7643432617188,685.6717586517334,995.5269241333008,826.634566783905,892.0838356018066,835.3231859207153,1015.2797698974609,954.4663095474243,872.673511505127,974.2185258865356
98,3.2666666666666666,True,165.0,103.9,177.1,178.4,158.6,169.2,14.5,27.7,1031.9184494018555,505.154789686203,894.1050910949707,487.27882146835327,1030.1836395263672,611.5531182289124,852.0224189758301,585.0670337677002,1007.2674179077148,691.7956280708313,916.3803863525391,633.9199733734131,981.1709976196289,688.8226890563965,909.4054412841797,685.6633257865906,995.6546401977539,826.7296457290649,892.7174949645996,835.1963067054749,1015.6428909301758,954.4845271110535,873.0856132507324,975.0406336784363
99,3.3,True,164.9,102.8,176.8,178.4,158.8,169.2,14.5,27.9,1032.179832458496,505.8618950843811,894.499626159668,487.75296092033386,1030.4529190063477,611.7656135559082,852.176513671875,585.3137755393982,1007.614860534668,691.4468550682068,918.2238006591797,633.7697911262512,981.7473220825195,688.8019609451294,909.8668670654297,685.6754922866821,995.7998657226562,826.6792416572571,893.2338523864746,835.0963354110718,1016.0088729858398,954.2894768714905,873.717155456543,975.6842350959778
100,3.3333333333333335,True,165.1,102.0,176.5,178.6,158.9,169.4,14.5,28.0,1032.5699615478516,506.1529576778412,895.3190231323242,488.1346607208252,1030.8221054077148,611.9119334220886,852.5101089477539,585.5879402160645,1008.2407379150391,691.2976384162903,919.504508972168,633.7065124511719,982.1868896484375,689.0259146690369,910.0697708129883,685.7869219779968,996.1109161376953,827.5713872909546,893.4841346740723,835.1227283477783,1016.6869354248047,954.5966005325317,874.3495559692383,976.2275433540344
101,3.3666666666666667,True,165.3,101.4,176.4,178.7,159.0,169.4,14.4,28.0,1033.1831359863281,506.45116567611694,895.9185791015625,488.48336935043335,1031.315803527832,612.174060344696,852.8299140930176,585.9501028060913,1009.0112686157227,691.2552809715271,920.551586151123,633.7587189674377,982.6907730102539,689.3708896636963,910.4233932495117,686.234700679779,996.3600540161133,828.3213973045349,893.7210273742676,835.3876233100891,1016.9953536987305,955.2649855613708,874.7328758239746,976.886465549469
102,3.4,True,165.6,100.7,176.4,178.8,159.0,169.4,14.4,27.9,1033.6785507202148,506.8866169452667,896.4906120300293,489.1246211528778,1031.7465591430664,612.1727085113525,853.5797309875488,586.5748429298401,1009.9208450317383,691.1995983123779,922.393798828125,633.8714361190796,983.2216644287109,689.8113298416138,910.8893966674805,686.869547367096,996.8131256103516,828.7749695777893,894.191780090332,835.8023142814636,1017.4358367919922,955.8425402641296,875.2570152282715,977.9773306846619
103,3.433333333333333,True,165.9,100.5,176.3,178.9,159.0,169.4,14.3,27.4,1034.234390258789,507.82227873802185,897.0993804931641,489.94145035743713,1032.0978927612305,612.7633953094482,855.098762512207,587.7610445022583,1010.6390762329102,691.2091898918152,924.8960494995117,634.4502782821655,983.7867736816406,690.3201985359192,911.4597702026367,687.4565649032593,997.2999572753906,828.980770111084,894.704418182373,836.0318040847778,1017.9986572265625,956.4205455780029,875.6902885437012,979.0391635894775
104,3.466666666666667,True,166.2,101.0,176.2,179.0,159.1,169.3,14.2,26.9,1035.0321578979492,508.14736247062683,897.6205444335938,490.55795073509216,1032.909278869629,613.1789231300354,856.4645576477051,588.9255523681641,1011.8206787109375,691.9649934768677,925.2834320068359,634.8901391029358,984.5553588867188,691.8245959281921,912.1474456787109,688.8012528419495,998.0312347412109,830.4710054397583,895.0903129577637,837.2598481178284,1018.9393615722656,957.7683234214783,876.1866188049316,979.8980283737183
105,3.5,True,166.9,101.7,176.3,179.3,159.1,169.0,14.0,26.4,1035.8373641967773,508.938410282135,898.1125259399414,491.20686292648315,1033.403549194336,614.1804385185242,857.9083442687988,590.0240135192871,1012.7944564819336,694.020938873291,925.2621459960938,635.2026700973511,985.2763366699219,693.8413381576538,912.8546333312988,690.4351043701172,998.8341522216797,831.9816470146179,895.2608871459961,838.7533020973206,1019.6606826782227,958.4257006645203,876.5883636474609,980.6463003158569
106,3.533333333333333,True,166.5,102.1,176.4,179.6,159.1,168.7,14.0,26.2,1036.3601303100586,509.33263063430786,898.4527587890625,491.6192364692688,1034.2322158813477,615.0729703903198,858.5480117797852,590.7784008979797,1013.378791809082,695.0247716903687,925.2105903625488,635.7637453079224,985.7789611816406,695.5375671386719,913.5915756225586,692.0500946044922,999.5098114013672,833.4193539619446,895.2912712097168,840.6906723976135,1020.098762512207,958.9841365814209,876.8963241577148,981.5175247192383
107,3.566666666666667,True,166.2,102.8,176.2,179.6,159.2,168.7,14.4,25.9,1036.7609024047852,509.28596019744873,899.2262649536133,491.55280351638794,1035.4306411743164,615.0268149375916,859.7926712036133,591.0815978050232,1014.8009490966797,694.9627804756165,925.8341789245605,636.247444152832,986.3216400146484,695.4657912254333,914.0812110900879,691.9807004928589,1000.0997543334961,835.0344085693359,895.5691337585449,841.9476199150085,1020.9296035766602,959.9599027633667,877.459659576416,981.6130542755127
108,3.6,True,166.2,103.0,176.1,179.9,159.1,168.8,14.7,25.8,1037.391128540039,509.2032730579376,900.527515411377,491.4931297302246,1036.4790344238281,614.9216938018799,860.7079124450684,591.1569786071777,1015.9362030029297,695.269775390625,926.2888526916504,636.6571140289307,986.7821502685547,695.4656624794006,914.6451187133789,691.9141387939453,1000.7146453857422,835.8815574645996,895.6817436218262,842.3840045928955,1021.5670394897461,960.2531862258911,877.9879760742188,981.4693737030029
109,3.6333333333333333,True,166.2,102.7,176.2,179.8,159.2,168.6,14.9,25.8,1037.9569244384766,509.13143277168274,901.5393447875977,491.4935803413391,1037.559585571289,614.857771396637,861.4502906799316,591.4457559585571,1017.3978424072266,695.6881356239319,927.5416946411133,636.9648814201355,987.5255584716797,695.6154584884644,915.4866600036621,692.0227360725403,1001.3923645019531,835.9919571876526,895.9559440612793,842.5781536102295,1022.0009994506836,960.4538369178772,878.3000564575195,981.6292762756348
110,3.6666666666666665,True,166.8,102.3,176.1,179.6,159.5,168.7,14.8,26.1,1038.702507019043,509.2022109031677,902.8054046630859,491.50548934936523,1038.2278060913086,614.7755026817322,861.8721771240234,591.6646242141724,1018.8533020019531,695.6023263931274,928.0305290222168,637.2278451919556,988.5102081298828,695.9476232528687,916.2143898010254,692.2026586532593,1001.8921279907227,835.8387494087219,896.3424110412598,842.6808929443359,1022.4331283569336,960.3901076316833,878.8228225708008,981.947021484375
111,3.7,True,167.2,102.1,176.1,179.6,159.6,168.7,14.6,26.1,1039.5533752441406,509.4691014289856,903.563404083252,491.52055263519287,1038.8105392456055,614.7491097450256,862.2461128234863,591.927330493927,1019.8165512084961,695.6453275680542,928.1853103637695,637.2306132316589,989.3363571166992,696.3736438751221,916.7966651916504,692.3410606384277,1002.4528884887695,835.6972575187683,896.960334777832,842.5803422927856,1022.8295516967773,960.3656458854675,879.620475769043,982.1277165412903
112,3.7333333333333334,True,166.9,102.0,176.2,179.8,159.5,168.9,14.7,26.3,1040.2665710449219,509.5832347869873,904.0434837341309,491.8024742603302,1039.6073913574219,614.7301197052002,862.5351905822754,592.0933485031128,1020.2889633178711,695.3001594543457,928.5288619995117,637.5037479400635,989.9868392944336,696.5602612495422,917.3212623596191,692.4098110198975,1003.1379318237305,835.5895614624023,897.963695526123,842.5028371810913,1023.2577896118164,960.4220366477966,880.40771484375,982.0932769775391
113,3.7666666666666666,True,166.7,102.0,176.4,179.9,159.5,168.8,14.7,26.2,1040.8951950073242,509.62079644203186,904.2828941345215,492.1922206878662,1040.178565979004,614.6978044509888,863.1237030029297,592.3714399337769,1020.7668685913086,694.6219253540039,929.2525291442871,637.5481009483337,990.5598449707031,696.6339683532715,917.9604148864746,692.4799132347107,1003.7319946289062,835.5570530891418,898.7543106079102,842.4300956726074,1023.5755920410156,960.5872821807861,881.0349655151367,982.0949506759644
114,3.8,True,166.8,101.8,176.6,179.7,159.4,168.9,14.7,26.3,1041.364402770996,509.6104967594147,905.108470916748,492.3106026649475,1040.6482315063477,614.660918712616,863.8118934631348,592.3438882827759,1021.3875961303711,694.1379690170288,930.2834129333496,637.5415349006653,990.9978103637695,696.7667698860168,918.7430763244629,692.6765084266663,1004.3496322631836,835.733048915863,899.7886848449707,842.5418472290039,1023.958625793457,960.8474135398865,881.3948822021484,982.3324227333069
115,3.8333333333333335,True,166.5,101.8,176.8,179.4,159.4,169.1,14.6,26.3,1041.840705871582,509.61020708084106,905.7548332214355,492.4770712852478,1041.0856246948242,614.6350407600403,864.5499801635742,592.3292756080627,1021.6347885131836,693.3893752098083,931.0668182373047,637.5348401069641,991.5410614013672,696.838481426239,919.2091941833496,692.7180933952332,1005.1023101806641,835.8794975280762,900.7277870178223,842.5677251815796,1024.566650390625,961.3882756233215,882.0648193359375,982.581353187561
116,3.8666666666666667,True,166.4,102.0,177.0,179.4,159.4,169.1,14.6,26.2,1042.269058227539,509.60193514823914,906.2028121948242,492.70289182662964,1041.5290832519531,614.491617679596,865.3545570373535,592.3235464096069,1021.8846130371094,692.9918074607849,931.4321136474609,637.4434304237366,992.109489440918,696.9087767601013,919.7861480712891,692.811176776886,1005.8235168457031,836.0387563705444,901.2063217163086,842.7570462226868,1024.8986434936523,961.9406604766846,882.3647117614746,982.7971315383911
117,3.9,True,166.6,102.2,177.2,179.7,159.4,168.9,14.3,26.1,1042.9094696044922,509.6161615848541,906.89208984375,492.8261983394623,1041.7643737792969,614.3699526786804,866.2544059753418,592.3163366317749,1022.1836471557617,692.9243445396423,932.1242523193359,637.4041628837585,992.8598785400391,697.147536277771,920.5529594421387,692.9578185081482,1006.5553665161133,836.2610363960266,901.5113067626953,842.7876234054565,1025.2473449707031,962.4006700515747,883.0546760559082,982.7875399589539
118,3.933333333333333,True,166.6,102.0,177.5,179.8,159.4,168.9,14.4,26.2,1043.184700012207,509.6117842197418,907.5742721557617,492.82304406166077,1042.2415924072266,614.1909313201904,866.6911697387695,592.3053288459778,1022.7058410644531,692.9162979125977,932.5834465026855,637.3792505264282,993.3148956298828,697.1674919128418,920.9262657165527,692.9562091827393,1007.1974945068359,836.260199546814,901.7239952087402,842.8489065170288,1025.3845596313477,962.592887878418,883.333911895752,982.8321504592896
119,3.966666666666667,True,166.5,101.7,177.9,179.9,159.2,169.0,14.5,26.4,1043.6249542236328,509.5907664299011,908.8529777526855,492.7983891963959,1042.807273864746,613.8532304763794,867.1569442749023,592.119870185852,1023.2379913330078,692.8788328170776,933.0448722839355,637.2867465019226,993.6045455932617,697.2136473655701,921.3764762878418,692.9533767700195,1007.8562164306641,836.3124704360962,901.915340423584,842.8639698028564,1025.547981262207,962.6889967918396,883.6391258239746,982.5593376159668
120,4.0,True,166.7,101.5,178.2,180.0,159.2,169.0,14.6,26.5,1043.6576843261719,509.3806850910187,909.3812370300293,492.79587864875793,1043.2006072998047,613.0435466766357,867.4436187744141,592.0439743995667,1023.9348220825195,692.7417182922363,933.3938598632812,637.2811460494995,993.9062118530273,697.2983622550964,921.8198776245117,692.9903268814087,1008.4307098388672,836.3356447219849,902.1353530883789,842.8820586204529,1025.7065963745117,962.673933506012,883.8949012756348,982.4020099639893
121,4.033333333333333,True,166.9,101.5,178.2,180.0,159.1,169.0,14.7,26.4,1043.730697631836,509.16876912117004,909.4725608825684,492.78799295425415,1043.5465621948242,612.4877500534058,867.6802253723145,591.8615412712097,1024.8984146118164,692.0951557159424,934.0752983093262,637.2839140892029,993.8740539550781,697.3181247711182,921.8476295471191,692.9986953735352,1008.5126495361328,836.3069343566895,902.318000793457,842.8160119056702,1025.8285903930664,962.0224785804749,884.1639518737793,982.1036410331726
122,4.066666666666666,True,166.9,101.5,178.0,180.0,159.1,169.1,14.9,26.4,1043.737449645996,509.023414850235,909.6960067749023,492.7771461009979,1043.920783996582,611.9224262237549,867.8169822692871,591.6590881347656,1025.5864334106445,691.6344380378723,934.3331909179688,637.278892993927,993.8358306884766,697.3561692237854,921.8358993530273,692.9976010322571,1008.4977722167969,836.300368309021,902.3666381835938,842.6902914047241,1026.1127471923828,961.7281651496887,884.2777061462402,981.6064238548279
123,4.1,True,166.9,101.6,177.9,180.0,159.1,169.1,15.1,26.4,1043.7290954589844,508.8428807258606,909.6615600585938,492.72996068000793,1044.2108917236328,611.2046670913696,867.8740310668945,591.3450121879578,1026.0175323486328,690.988519191742,934.4753265380859,637.2915744781494,993.8230133056641,697.3197340965271,921.8112373352051,692.874391078949,1008.4721374511719,836.1888098716736,902.3760223388672,842.4125218391418,1026.277084350586,961.652204990387,884.403190612793,981.2805032730103
124,4.133333333333334,True,166.3,101.7,177.9,179.9,159.1,169.2,15.3,26.5,1043.9162063598633,508.83657217025757,909.8526191711426,492.7150583267212,1044.7104263305664,611.1749267578125,867.8801536560059,590.960705280304,1025.9561920166016,690.9879398345947,934.4379615783691,637.2910594940186,993.8053894042969,697.3267507553101,921.800479888916,692.8557872772217,1008.5269546508789,836.1823725700378,902.376766204834,842.3213696479797,1026.4009094238281,961.5415477752686,884.5071029663086,981.1090779304504
125,4.166666666666667,True,166.3,101.7,177.9,179.9,159.0,169.1,15.4,26.6,1043.9928817749023,508.746417760849,909.814567565918,492.62001156806946,1044.7675323486328,610.8035588264465,867.8683090209961,590.7201433181763,1025.8129119873047,691.1271142959595,934.5990943908691,637.2649240493774,993.7479400634766,697.2668194770813,921.8170166015625,692.6978802680969,1008.5755920410156,836.1094379425049,902.369499206543,842.0439863204956,1026.5251922607422,961.4371347427368,884.5162010192871,981.081268787384
126,4.2,True,166.0,102.0,178.1,179.9,158.8,169.1,15.5,26.6,1043.9857864379883,508.60087037086487,909.5954132080078,492.33277916908264,1044.8231506347656,610.7441425323486,867.8071403503418,590.4486179351807,1025.4763412475586,691.4118361473083,934.5582389831543,637.2625422477722,993.6212539672852,696.6700172424316,921.8100929260254,692.1731758117676,1008.7459945678711,835.851559638977,902.3836326599121,841.694118976593,1026.5942001342773,961.4932036399841,884.4882202148438,981.1392688751221
127,4.233333333333333,True,165.3,102.3,178.4,180.0,158.6,169.0,15.6,26.5,1043.9594650268555,508.30758690834045,909.2865943908691,491.74115896224976,1044.8795700073242,610.637218952179,867.7365303039551,590.1834654808044,1024.4762420654297,691.2463974952698,934.551887512207,637.3561406135559,993.3919143676758,695.9669351577759,921.8065452575684,691.5377497673035,1008.9620590209961,835.4986667633057,902.4612808227539,841.1127018928528,1026.6880416870117,961.4996409416199,884.4202995300293,981.240656375885
128,4.266666666666667,True,165.0,102.6,178.6,180.0,158.3,169.1,15.7,26.5,1043.9299392700195,508.1165599822998,909.2544364929199,491.50140166282654,1044.961051940918,610.5191588401794,867.671012878418,589.873960018158,1024.247703552246,691.2160778045654,934.5010185241699,637.6168513298035,993.1022644042969,695.6635451316833,921.800422668457,691.1080598831177,1009.1044235229492,835.4841828346252,902.5214767456055,841.0768461227417,1026.7169952392578,961.3715386390686,884.4008445739746,981.7027258872986
129,4.3,True,164.6,102.9,178.6,179.9,158.3,169.1,15.8,26.6,1043.884048461914,507.890385389328,909.2105484008789,491.1701703071594,1044.968490600586,610.4033517837524,867.4722290039062,589.5316886901855,1023.6508941650391,691.1200332641602,934.1780662536621,637.7803587913513,993.0393218994141,695.4782795906067,921.7941284179688,690.6326007843018,1009.1062545776367,835.5381274223328,902.5911712646484,841.2315988540649,1026.7687225341797,961.3569903373718,884.3981552124023,981.954038143158
130,4.333333333333333,True,164.5,103.2,178.5,179.7,158.3,169.2,15.9,26.8,1043.7247467041016,507.67077684402466,909.1439437866211,491.0037660598755,1044.9998474121094,610.0026941299438,867.0440483093262,589.1777014732361,1023.6320114135742,691.068856716156,933.2601356506348,637.94508934021,992.9343795776367,695.2719640731812,921.7892074584961,690.4970955848694,1009.1027069091797,835.6025648117065,902.8616523742676,841.2292814254761,1026.89208984375,961.4299249649048,884.4300270080566,981.9565486907959
131,4.366666666666666,True,164.5,104.2,178.5,179.6,158.2,169.2,16.0,27.0,1043.657569885254,507.07873821258545,909.0208053588867,490.6451439857483,1045.1179504394531,608.7958288192749,866.6804695129395,588.784704208374,1023.6252593994141,690.658221244812,930.6611251831055,637.9559683799744,992.7014923095703,695.1286053657532,921.7835426330566,690.4734063148499,1009.134635925293,835.7427048683167,902.940559387207,841.1815166473389,1027.2128677368164,961.623044013977,884.4511985778809,982.0490527153015
132,4.4,True,164.4,104.7,178.5,179.5,158.1,169.3,16.0,27.1,1043.6516189575195,507.05974817276,908.920783996582,490.46789288520813,1045.1205825805664,608.7624835968018,866.4341926574707,588.5152387619019,1023.5681533813477,690.7319283485413,929.4388389587402,638.00128698349,992.6124572753906,694.8584318161011,921.7793083190918,690.2925181388855,1009.1851043701172,835.7362675666809,903.1688117980957,841.0308837890625,1027.4432373046875,961.8066358566284,884.4493675231934,982.0363712310791
133,4.433333333333334,True,164.4,104.8,178.4,179.2,158.0,169.4,16.1,27.3,1043.6444091796875,507.0583641529083,908.8640785217285,490.34204363822937,1045.143928527832,608.7870740890503,866.0357093811035,588.1897687911987,1023.5436630249023,690.9403681755066,928.9570426940918,638.148443698883,992.5426483154297,694.7123694419861,921.786003112793,690.2494525909424,1009.2386627197266,835.5047821998596,903.5800552368164,840.930655002594,1027.8376007080078,961.8033528327942,884.5081329345703,981.6084837913513
134,4.466666666666667,True,164.4,105.0,178.5,179.0,157.9,169.5,16.1,27.5,1043.6396026611328,507.06164717674255,908.8434219360352,490.2518892288208,1045.1604080200195,608.8139176368713,865.8190155029297,587.9068493843079,1023.5274124145508,691.1522197723389,928.5712623596191,638.2348966598511,992.4900054931641,694.5408797264099,921.8425941467285,690.2413415908813,1009.3274688720703,834.8479843139648,903.9064407348633,840.9130167961121,1028.00537109375,961.6611528396606,884.7577285766602,981.5751385688782
135,4.5,True,164.4,105.2,178.6,179.1,157.8,169.5,16.1,27.6,1043.635025024414,507.05875039100647,908.7571907043457,489.92915511131287,1045.165901184082,608.7272715568542,865.656852722168,587.6761364936829,1023.6106109619141,690.9256911277771,928.2424163818359,638.2592296600342,992.4743270874023,694.5173835754395,921.9624710083008,690.2876901626587,1009.5687103271484,834.6561527252197,904.1237640380859,840.9368348121643,1028.2308197021484,961.5932393074036,885.2960014343262,981.6857957839966
136,4.533333333333333,True,164.4,105.2,178.9,179.2,157.7,169.4,16.1,27.6,1043.631935119629,507.07175374031067,908.675365447998,489.82654452323914,1045.1640701293945,608.6169362068176,865.6224632263184,587.6303672790527,1023.6213684082031,690.7560038566589,928.293628692627,638.3332586288452,992.4643707275391,694.9725008010864,922.1243476867676,690.6831979751587,1009.8913192749023,834.656023979187,904.3032646179199,840.9184885025024,1028.313331604004,961.5913081169128,885.6257057189941,981.6049432754517
137,4.566666666666666,True,164.3,105.3,179.0,179.3,157.6,169.2,16.0,27.7,1043.6478424072266,507.07600235939026,908.6622047424316,489.7156620025635,1045.1963424682617,608.5358905792236,865.6093597412109,587.4620318412781,1023.6325836181641,690.2296257019043,928.377571105957,638.4125661849976,992.6025009155273,695.285804271698,922.4254989624023,690.9000706672668,1010.2262878417969,834.6054267883301,904.4262886047363,840.9162998199463,1028.4986114501953,961.6048264503479,885.8700942993164,981.4095711708069
138,4.6,True,164.3,105.3,178.8,179.7,157.7,169.0,15.9,27.8,1043.7384796142578,507.0998525619507,908.6444664001465,489.608770608902,1045.2580261230469,608.4905076026917,865.6008911132812,587.173125743866,1023.6597061157227,689.87872838974,928.3400917053223,638.094048500061,992.9360961914062,695.6270456314087,922.8385162353516,690.9640574455261,1010.4689025878906,834.6197819709778,904.5221900939941,840.9061288833618,1029.2567825317383,961.4800071716309,886.6488075256348,981.0763764381409
139,4.633333333333334,True,164.4,105.3,178.7,179.7,157.5,169.1,15.9,27.9,1043.9545440673828,507.30993390083313,908.6477851867676,489.45369601249695,1045.1775741577148,608.9967370033264,865.6093597412109,586.9400954246521,1023.6415100097656,689.9503111839294,928.4452056884766,637.9754090309143,992.9284286499023,695.4134559631348,922.8464698791504,690.4780411720276,1010.7186126708984,834.3704009056091,904.6898460388184,840.7900643348694,1029.7674179077148,960.941333770752,887.0747566223145,980.7307577133179
140,4.666666666666667,True,164.5,104.2,178.5,179.8,157.5,169.1,15.7,28.0,1044.067726135254,507.4671971797943,908.646240234375,489.39682245254517,1045.0640487670898,609.7354173660278,865.5635261535645,586.6645789146423,1023.6396789550781,690.1781916618347,929.3836212158203,636.7743372917175,993.1042098999023,695.3120040893555,923.0407905578613,690.2492594718933,1010.8582305908203,833.9609241485596,905.0351715087891,840.787103176117,1030.3387069702148,960.0772547721863,887.7543067932129,981.0450267791748
141,4.7,True,164.7,101.7,178.3,179.5,157.5,169.3,15.7,28.0,1044.0669250488281,507.4938476085663,908.6420059204102,489.257036447525,1044.9626541137695,609.9018859863281,865.5120277404785,586.6399240493774,1023.6378479003906,690.3360986709595,931.7537498474121,634.0733742713928,993.2714080810547,694.3144798278809,923.1217575073242,689.2612624168396,1010.8769989013672,832.814633846283,905.6478309631348,840.3666830062866,1030.7981872558594,958.7993860244751,888.068962097168,981.0446405410767
142,4.733333333333333,True,164.8,99.4,177.8,179.3,157.8,169.4,15.6,28.0,1044.1574478149414,507.5039219856262,908.6731338500977,489.23234939575195,1044.9477767944336,609.9652934074402,865.5923652648926,586.6187453269958,1023.739128112793,690.4434084892273,934.108829498291,631.59823179245,993.750114440918,694.0629744529724,923.2206916809082,689.0250134468079,1010.9537887573242,832.5192260742188,906.2041854858398,840.1569557189941,1031.5007400512695,957.99485206604,888.5860061645508,981.0450267791748
143,4.766666666666667,True,165.4,96.5,177.4,179.1,158.2,169.5,15.3,28.1,1044.2279434204102,507.4719285964966,908.8633346557617,489.2135524749756,1044.8485565185547,609.4069862365723,865.620288848877,586.6000127792358,1024.383888244629,689.7042775154114,935.9855461120605,627.9648900032043,994.453125,693.3194017410278,923.4614753723145,688.5950016975403,1011.1223602294922,832.1880269050598,906.8435668945312,839.1795802116394,1031.8965911865234,956.7543840408325,888.911190032959,980.915379524231
144,4.8,True,165.6,95.1,177.2,179.0,158.2,169.6,15.2,28.1,1044.4239807128906,507.4736988544464,908.9389228820801,489.2087244987488,1044.7248458862305,609.1767883300781,865.8020782470703,586.5978240966797,1024.6125411987305,688.3489036560059,938.0024528503418,626.5409588813782,994.8429107666016,692.2614312171936,923.532829284668,688.205029964447,1011.3842010498047,831.7836356163025,907.177848815918,838.6503052711487,1032.3493194580078,956.1382699012756,889.1545486450195,980.5048084259033
145,4.833333333333333,True,165.9,94.2,177.3,178.9,158.1,169.8,15.1,28.0,1044.6213912963867,507.45824933052063,909.2758941650391,489.0993547439575,1044.715919494629,608.7403392791748,866.015625,586.5653800964355,1025.0364303588867,687.4981498718262,939.3339157104492,625.8033728599548,994.9662780761719,691.6493082046509,923.5637283325195,687.827160358429,1011.7472076416016,831.4372444152832,907.4942779541016,837.8820776939392,1032.765884399414,956.0572242736816,889.6595191955566,979.1937875747681
146,4.866666666666666,True,166.4,93.6,177.1,178.9,158.1,169.8,14.9,28.0,1045.0254821777344,507.45441913604736,909.4997406005859,489.0367519855499,1044.7135162353516,608.4967517852783,866.3298797607422,586.5585565567017,1025.5646896362305,686.4134645462036,940.7978439331055,625.3049325942993,995.4464721679688,691.2055850028992,923.8381576538086,687.4118900299072,1012.0305633544922,831.0858964920044,907.9281806945801,836.900839805603,1033.3160018920898,955.4991745948792,890.1624870300293,978.374834060669
147,4.9,True,166.5,93.8,177.3,178.9,157.9,169.9,14.7,27.8,1045.6978225708008,507.42689967155457,909.8633193969727,488.92712473869324,1044.8193740844727,608.4036684036255,866.9139862060547,586.5422701835632,1025.8951950073242,684.5022296905518,942.1491622924805,625.76899766922,995.8696746826172,691.0504460334778,923.9570045471191,687.1666288375854,1012.7212142944336,830.612690448761,908.1577491760254,836.1965990066528,1033.7555694580078,955.0419974327087,890.5137062072754,976.817135810852
148,4.933333333333334,True,166.1,94.1,177.5,178.9,157.7,170.0,14.8,27.5,1045.9735107421875,507.19110131263733,910.4250526428223,488.82416009902954,1045.2084732055664,606.9080901145935,867.894229888916,586.5386652946472,1026.3569641113281,680.6829142570496,944.5514488220215,626.5766215324402,996.2530517578125,690.2418565750122,924.232063293457,686.4156532287598,1013.5074234008789,829.2990303039551,908.5861587524414,834.1613817214966,1034.5947647094727,954.6305251121521,890.9268951416016,975.1050710678101
149,4.966666666666667,True,165.9,95.4,177.6,178.9,157.6,170.1,14.7,27.3,1046.3264465332031,506.9868779182434,910.960807800293,488.71572375297546,1045.4244232177734,606.2946152687073,868.754825592041,586.5718817710876,1026.4770126342773,678.9598417282104,945.1763534545898,628.4534168243408,996.6492462158203,689.5169520378113,924.4868087768555,685.6293368339539,1014.1463470458984,828.3172130584717,908.9750862121582,833.1292247772217,1035.4589080810547,954.2887687683105,891.4689445495605,974.5524287223816
150,5.0,True,165.6,96.2,177.6,179.2,157.6,170.0,15.0,27.1,1046.378288269043,506.1955404281616,911.4615440368652,488.5938334465027,1046.0903549194336,604.6475672721863,869.4182968139648,586.5599083900452,1027.0122528076172,678.1102466583252,945.3362274169922,629.4659399986267,997.0199203491211,688.8568067550659,924.8965644836426,685.1516246795654,1014.6657943725586,827.4957489967346,909.3074798583984,832.0516204833984,1036.1336517333984,953.8662886619568,892.1330451965332,974.4772410392761
151,5.033333333333333,True,165.5,97.4,177.6,179.5,157.7,169.8,15.1,27.0,1046.4741897583008,505.674923658371,911.7917060852051,488.37828040122986,1046.6534042358398,603.9971423149109,870.1803016662598,586.497209072113,1027.5426864624023,678.2468461990356,946.1069297790527,630.9223794937134,997.5433731079102,688.1096935272217,925.6217765808105,684.5275282859802,1015.2333068847656,827.0766806602478,909.7258186340332,831.166877746582,1036.7424774169922,953.6568832397461,892.9325294494629,974.2511630058289
152,5.066666666666666,True,165.0,98.0,177.7,179.6,157.8,169.7,15.4,27.0,1046.6813278198242,505.4331707954407,912.1834373474121,488.202348947525,1047.42919921875,603.6127066612244,870.6882476806641,586.371488571167,1027.9700088500977,678.499960899353,946.4155197143555,631.6633129119873,997.9803085327148,687.4570155143738,926.1962699890137,683.7509322166443,1015.7215118408203,826.5691637992859,910.210132598877,830.37766456604,1037.131004333496,953.6348676681519,893.5122299194336,973.6575150489807
153,5.1,True,165.1,98.2,177.8,179.5,157.7,169.8,15.3,27.1,1046.9436264038086,505.37092208862305,912.4990653991699,487.9561221599579,1047.5395202636719,603.6304092407227,870.7305908203125,586.2379145622253,1028.0215072631836,678.7255883216858,946.3831901550293,632.1779751777649,998.2173156738281,687.3033571243286,926.3424110412598,683.1653952598572,1016.0179138183594,826.4906287193298,910.45166015625,830.2177619934082,1037.2315979003906,953.6506390571594,893.7985610961914,973.0087637901306
154,5.133333333333334,True,165.4,98.5,177.9,179.5,157.6,169.8,15.3,27.1,1047.2007751464844,505.3729498386383,912.7359580993652,487.6258885860443,1047.6350784301758,603.8944029808044,870.7765960693359,586.1349177360535,1028.2645797729492,679.3977069854736,946.1948776245117,632.4152541160583,998.2883834838867,687.1672081947327,926.4279556274414,682.7957653999329,1016.2612152099609,826.0962796211243,910.5630683898926,830.1687741279602,1037.4238586425781,953.579957485199,893.9802360534668,972.5730872154236
155,5.166666666666667,True,165.6,99.0,178.2,179.5,157.4,169.9,15.3,27.0,1047.3145294189453,505.3762972354889,912.776985168457,487.0904016494751,1047.6243209838867,604.0642189979553,870.823974609375,585.9322714805603,1028.4506607055664,679.723949432373,946.1143112182617,632.921290397644,998.3084106445312,686.9859981536865,926.4811134338379,682.5844287872314,1016.6229629516602,825.4502964019775,910.7124710083008,829.9611711502075,1037.695083618164,953.3907651901245,894.1894340515137,972.5022768974304
156,5.2,True,165.7,99.5,178.3,179.5,157.2,169.9,15.3,26.9,1047.3625946044922,505.0849449634552,912.7810478210449,486.52700901031494,1047.6327896118164,603.6973571777344,870.8347320556641,585.7536363601685,1028.4542083740234,679.719250202179,946.0228729248047,633.4631180763245,998.3073806762695,686.8264174461365,926.499080657959,682.4961733818054,1016.9528961181641,825.4101276397705,910.7676315307617,830.0230979919434,1038.0260467529297,953.3835554122925,894.4031524658203,972.5468230247498
157,5.233333333333333,True,165.9,100.1,178.2,179.5,157.2,170.0,15.2,26.9,1047.4210739135742,504.49995517730713,912.7851104736328,485.7385039329529,1047.5324249267578,603.2992744445801,870.8248901367188,585.2290606498718,1028.4582138061523,679.7585821151733,945.6978607177734,633.731038570404,998.3045196533203,686.5831518173218,926.5045166015625,682.3663973808289,1017.0235061645508,825.4404473304749,910.8523750305176,830.0386762619019,1038.2940673828125,953.389413356781,894.5688629150391,972.5800395011902
158,5.266666666666667,True,166.0,100.5,178.2,179.5,157.2,170.0,15.1,26.8,1047.436294555664,503.9969766139984,912.7873420715332,485.2541935443878,1047.4778366088867,602.7733469009399,870.8481216430664,584.8270511627197,1028.4383010864258,679.1536045074463,945.6537437438965,634.0390634536743,998.2458114624023,686.277379989624,926.4812850952148,682.2887635231018,1017.0255661010742,825.4625272750854,910.9223556518555,830.1445698738098,1038.343162536621,953.3944344520569,894.580020904541,972.5905323028564
159,5.3,True,165.8,101.3,178.3,179.4,157.2,170.1,15.2,26.8,1047.4333190917969,502.7852189540863,912.8049087524414,484.5032501220703,1047.60498046875,602.1124291419983,870.853328704834,584.2592811584473,1028.4358978271484,678.2825088500977,944.622802734375,634.2863202095032,998.0399322509766,685.9515237808228,926.4252090454102,682.1896934509277,1017.0203018188477,825.4958081245422,911.0146522521973,830.2254223823547,1038.405647277832,953.395721912384,894.7267913818359,971.5007615089417
160,5.333333333333333,True,165.6,102.1,178.3,179.3,157.0,170.2,15.3,26.7,1047.4462509155273,502.20718145370483,912.8675079345703,484.1058111190796,1047.729148864746,601.8679404258728,870.9024238586426,583.7779641151428,1028.4442520141602,678.1380558013916,944.0765762329102,634.9192357063293,997.7721405029297,685.6971216201782,926.327018737793,682.1819686889648,1017.033805847168,825.3877258300781,911.0736465454102,830.2758264541626,1038.4648132324219,953.226420879364,894.7905921936035,970.5542850494385
161,5.366666666666666,True,165.5,103.1,178.3,179.3,156.9,170.3,15.4,26.8,1047.484016418457,501.8404483795166,912.9152870178223,483.86309266090393,1047.8922271728516,601.8533277511597,870.9100341796875,583.2851243019104,1028.4434509277344,678.2274699211121,942.8226470947266,635.5733942985535,997.6808166503906,685.6117630004883,926.3247871398926,682.1402549743652,1017.1441268920898,825.4021453857422,911.0766792297363,830.3167676925659,1038.6896896362305,953.062334060669,894.9312400817871,969.8387145996094
162,5.4,True,165.3,104.1,178.7,179.3,156.7,170.3,15.5,26.8,1047.5588607788086,501.7349088191986,912.9750823974609,483.6856484413147,1048.132209777832,601.8803000450134,870.8948707580566,582.96879529953,1028.5203552246094,678.4890174865723,941.3937950134277,636.267786026001,997.6710891723633,685.5242800712585,926.348762512207,681.991617679596,1017.6493835449219,825.3862452507019,911.0956764221191,830.3215312957764,1038.8865280151367,952.9378366470337,895.0661087036133,969.0296101570129
163,5.433333333333334,True,165.4,104.9,179.1,179.3,156.4,170.2,15.6,27.0,1047.5889587402344,501.74997210502625,913.0267524719238,483.45033288002014,1048.2521438598633,602.2841763496399,870.7706451416016,582.6481533050537,1028.5212707519531,679.89666223526,940.1286506652832,636.7566990852356,997.6665115356445,684.6919369697571,926.4776229858398,681.3056588172913,1018.3637237548828,825.0983047485352,911.1726951599121,829.9219036102295,1039.1029357910156,952.6235032081604,895.2628326416016,968.4697580337524
164,5.466666666666667,True,165.3,105.2,179.5,179.2,156.1,170.3,15.8,27.0,1047.5891876220703,501.69132828712463,913.0570793151855,483.2092559337616,1048.4230041503906,602.2806358337402,870.6546020507812,582.4352073669434,1028.6628341674805,680.2204585075378,939.913501739502,637.1847152709961,997.6678848266602,684.2296099662781,926.5608787536621,681.0897517204285,1018.8945007324219,824.4615268707275,911.3679313659668,829.6737456321716,1039.346923828125,952.0429229736328,895.3057479858398,968.032922744751
165,5.5,True,165.1,105.8,179.6,179.2,156.0,170.2,16.0,27.2,1047.5921630859375,501.27509236335754,913.0973052978516,482.77615427970886,1048.7739944458008,602.0602226257324,870.4462051391602,581.9644474983215,1028.9257049560547,680.2916550636292,938.5403251647949,637.1646952629089,997.7214431762695,683.7856292724609,926.8149375915527,680.890839099884,1019.2467498779297,824.3524146080017,911.4930152893066,829.5366954803467,1039.6095657348633,951.8344831466675,895.3400802612305,967.8050422668457
166,5.533333333333333,True,165.3,106.1,179.7,179.2,155.9,170.1,15.9,27.3,1047.8116607666016,501.06314420700073,913.0749893188477,482.6000940799713,1048.853416442871,602.0497298240662,870.3166007995605,581.7789244651794,1029.1426849365234,680.6135201454163,937.7557182312012,637.1525931358337,997.7679061889648,683.544487953186,926.9083786010742,680.7554626464844,1019.5218658447266,824.34166431427,911.5653419494629,829.350335597992,1039.8831939697266,951.6474151611328,895.4394149780273,967.6235747337341
167,5.566666666666666,True,165.4,106.3,179.8,179.3,155.8,170.1,15.9,27.4,1047.898292541504,500.80021262168884,913.0505561828613,482.5051760673523,1048.9502334594727,602.0087885856628,870.2729415893555,581.6167688369751,1029.2350387573242,680.8300065994263,937.2946357727051,637.1130037307739,997.8172302246094,683.404541015625,926.9447708129883,680.6500840187073,1019.7548675537109,824.3327808380127,911.6699981689453,829.2170190811157,1040.0222396850586,951.5612840652466,895.6998252868652,966.9921398162842
168,5.6,True,165.5,106.2,179.9,179.3,155.8,170.1,15.9,27.4,1047.9021835327148,500.0163424015045,913.0500411987305,482.4048185348511,1048.9108657836914,600.8149266242981,870.2065658569336,581.551558971405,1029.239501953125,680.2885007858276,937.1001434326172,636.8649101257324,997.8417205810547,683.0551242828369,926.9783592224121,680.4032778739929,1019.9666976928711,824.3259572982788,911.6883087158203,828.9698910713196,1040.094108581543,951.4698100090027,895.8186721801758,966.9586658477783
169,5.633333333333334,True,165.8,106.2,179.9,179.3,155.9,170.1,15.8,27.4,1047.7155303955078,499.19854760169983,912.9922485351562,482.15176820755005,1048.7263870239258,599.8032402992249,870.1690292358398,581.5352082252502,1029.2406463623047,679.9977922439575,937.0732498168945,636.6747522354126,997.8444671630859,682.6348328590393,927.007999420166,680.1391553878784,1020.0661468505859,824.3249917030334,911.7206382751465,828.9642906188965,1040.1330184936523,951.4686512947083,895.8292579650879,966.9990277290344
170,5.666666666666667,True,165.9,106.2,179.9,179.3,155.9,170.1,15.8,27.3,1047.6064682006836,498.9664828777313,912.8332328796387,481.8664348125458,1048.6500549316406,599.3614482879639,870.0970458984375,581.5307021141052,1029.213752746582,680.0015902519226,936.6634941101074,636.2593531608582,997.8205490112305,682.264301776886,926.9724082946777,679.8740673065186,1020.0825119018555,824.3275022506714,911.7439842224121,829.0177845954895,1040.1338195800781,951.4673638343811,895.825366973877,967.0308923721313
171,5.7,True,165.7,106.2,180.0,179.2,155.9,170.1,15.8,27.2,1047.513427734375,498.9307236671448,912.6032066345215,481.60221576690674,1048.6252212524414,599.0336608886719,870.0833129882812,581.5054678916931,1029.0061569213867,679.9674725532532,936.434154510498,635.7505488395691,997.7035903930664,682.189371585846,926.8410301208496,679.8339629173279,1020.0754165649414,824.3431448936462,911.748218536377,829.1674518585205,1040.0555419921875,951.4843583106995,895.7786750793457,967.0570921897888
172,5.733333333333333,True,165.7,106.2,179.8,179.1,155.8,170.1,15.9,27.1,1047.1935653686523,498.879257440567,912.4382972717285,481.2200653553009,1048.4075546264648,598.6472940444946,870.0784492492676,581.3651990890503,1028.7569046020508,679.8484468460083,936.3673782348633,635.3677225112915,997.5449752807617,682.0309495925903,926.7510795593262,679.7972702980042,1020.073356628418,824.258816242218,911.7543411254883,829.1386771202087,1039.8311233520508,951.4837789535522,895.7405662536621,966.9940710067749
173,5.766666666666667,True,165.5,106.3,179.7,179.0,155.7,170.2,16.0,27.0,1047.0164108276367,498.8610076904297,912.2690391540527,481.0603880882263,1048.3528518676758,598.6286902427673,870.0792503356934,581.2605285644531,1028.4683990478516,679.7744822502136,936.3885498046875,635.164110660553,997.3089981079102,682.0033979415894,926.6071128845215,679.7918629646301,1019.9929046630859,823.8868045806885,911.7427825927734,828.8484191894531,1039.7078704833984,951.3525867462158,895.6072425842285,966.9778490066528
174,5.8,True,165.1,106.4,179.6,179.0,155.6,170.2,16.1,26.9,1046.664161682129,498.7246012687683,912.0053672790527,480.95372200012207,1048.3394622802734,598.5042572021484,870.0751304626465,581.1248302459717,1028.323631286621,679.3522596359253,936.4065170288086,635.003821849823,996.9780349731445,681.8776774406433,926.4232635498047,679.6537184715271,1019.9313354492188,823.2747459411621,911.6641616821289,827.9542136192322,1039.603042602539,950.7284259796143,895.294303894043,966.9020819664001
175,5.833333333333333,True,164.9,106.4,179.4,178.9,155.6,170.2,16.3,26.7,1046.3274765014648,498.49701046943665,911.7205810546875,480.751816034317,1048.264389038086,598.4880995750427,870.0753593444824,580.9955048561096,1028.228645324707,678.7266826629639,936.7377090454102,634.9691891670227,996.7488098144531,681.6598391532898,926.0112190246582,679.3614649772644,1019.8555755615234,822.8985500335693,911.3081932067871,827.5007057189941,1039.39453125,950.5019617080688,894.7098541259766,966.8496823310852
176,5.866666666666666,True,164.7,106.3,179.2,178.6,155.6,170.3,16.3,26.5,1046.0874938964844,498.229798078537,911.5056037902832,480.52969694137573,1048.198013305664,598.2725787162781,870.1126670837402,580.9238576889038,1028.0913162231445,678.1328415870667,937.5543022155762,634.8961901664734,996.6276168823242,681.2140560150146,925.6240653991699,678.5334348678589,1019.6906661987305,822.4804472923279,911.1093521118164,826.7308688163757,1038.8203811645508,950.5232691764832,894.001522064209,966.4879703521729
177,5.9,True,164.6,105.7,179.2,178.4,155.6,170.5,16.4,26.3,1045.9820938110352,498.26053619384766,911.4412879943848,480.4499065876007,1048.1231689453125,598.5140419006348,870.2121162414551,580.8151316642761,1028.005485534668,678.1149458885193,938.7997055053711,634.4003248214722,996.5032196044922,680.8517003059387,925.2034950256348,677.8021574020386,1019.402961730957,821.6500353813171,910.8081436157227,826.5410327911377,1038.5364532470703,950.5076909065247,893.4177589416504,966.4862322807312
178,5.933333333333334,True,164.1,103.7,179.3,178.1,155.4,171.0,16.6,26.1,1045.873146057129,498.34563732147217,911.3972282409668,480.45029282569885,1048.073387145996,599.1162514686584,870.2278518676758,580.8110117912292,1027.3504257202148,678.1147527694702,940.220775604248,631.702516078949,996.0088348388672,680.2740168571472,924.2816162109375,676.9528198242188,1018.9498901367188,820.9033727645874,910.601692199707,826.6044402122498,1038.5198593139648,950.4398417472839,893.0438804626465,966.7351627349854
179,5.966666666666667,True,163.3,99.9,179.5,178.0,155.5,171.1,16.7,26.1,1045.6000900268555,498.37499141693115,911.2893676757812,480.5868601799011,1048.091812133789,599.1184401512146,870.0201988220215,580.8085656166077,1026.9679641723633,676.5439867973328,940.3871726989746,625.1995539665222,995.9331893920898,680.4679727554321,924.1571044921875,677.4506163597107,1018.667106628418,820.6719517707825,910.5188941955566,827.2062635421753,1038.5160827636719,950.2424740791321,892.8837776184082,966.8286323547363
180,6.0,True,163.0,94.6,179.6,178.2,155.7,170.9,16.6,26.2,1045.3833389282227,498.38162183761597,911.0379981994629,480.67176818847656,1048.0351638793945,598.6912608146667,869.7525787353516,580.7313823699951,1026.943359375,674.66139793396,940.3606796264648,616.8161916732788,995.877799987793,681.6763830184937,924.1169357299805,678.8321256637573,1018.4412002563477,820.6896543502808,910.1821517944336,827.9074144363403,1038.5204315185547,949.3863129615784,892.7550888061523,966.7354202270508
181,6.033333333333333,True,163.0,88.5,179.8,178.2,155.7,170.8,16.4,26.6,1045.3788757324219,498.3854842185974,911.0199165344238,480.9393346309662,1047.7506637573242,598.8787794113159,869.0226173400879,580.4405450820923,1026.5272521972656,674.7022104263306,938.1746292114258,607.4687790870667,995.9206008911133,682.4117159843445,924.1233444213867,680.0136280059814,1018.3547973632812,820.7318830490112,910.0679969787598,828.6563301086426,1038.5699844360352,948.6452507972717,892.7513694763184,966.6614556312561
182,6.066666666666666,True,163.0,82.5,180.0,178.4,156.0,170.8,16.3,26.9,1045.3905487060547,498.3134186267853,911.0109329223633,481.009726524353,1047.7236557006836,598.8164019584656,868.7777137756348,579.958906173706,1026.5281677246094,674.4873332977295,934.7318458557129,598.381884098053,996.2546539306641,682.7110505104065,924.1274642944336,680.7271385192871,1018.2817840576172,820.8191728591919,909.8902702331543,829.0197801589966,1038.5684967041016,948.1038737297058,892.7921676635742,966.5609693527222
183,6.1,True,162.8,77.3,179.5,178.7,156.8,170.5,15.9,27.3,1045.3902053833008,498.1307601928711,911.0678672790527,481.0740029811859,1047.7226257324219,598.3657908439636,868.7917900085449,578.3508038520813,1026.5195846557617,672.8690600395203,930.0637435913086,590.0725507736206,997.3813247680664,682.7424001693726,924.4504737854004,681.401960849762,1018.2778930664062,820.8361673355103,909.8166275024414,829.0258312225342,1038.5673522949219,947.415919303894,893.0047416687012,966.320858001709
184,6.133333333333334,True,162.4,76.9,179.0,179.1,157.6,170.1,15.5,27.7,1045.4296875,497.931364774704,911.1626243591309,481.20213747024536,1047.6840591430664,597.3821067810059,869.0705680847168,577.0034766197205,1026.6682434082031,669.322235584259,926.1682319641113,587.7020144462585,998.4827041625977,683.0468201637268,924.9800491333008,682.2600531578064,1018.2726287841797,820.8491063117981,909.7624969482422,829.0067768096924,1038.5749053955078,947.1358323097229,893.3558464050293,965.9062957763672
185,6.166666666666667,True,161.5,77.2,178.5,179.4,158.4,170.1,15.1,27.7,1045.6653213500977,497.86744236946106,911.762752532959,481.2297213077545,1047.7021408081055,596.8055820465088,869.9352264404297,575.8497190475464,1026.6510772705078,664.3645477294922,922.5335311889648,586.1578989028931,999.7401809692383,683.4335088729858,925.290470123291,682.7963447570801,1018.3168029785156,820.9896969795227,909.7437858581543,828.5660147666931,1038.6467742919922,946.8812370300293,893.7657737731934,965.1795887947083
186,6.2,True,161.6,77.7,178.1,179.6,159.0,170.0,14.6,27.7,1046.0285568237305,497.8959274291992,912.1381759643555,481.30832076072693,1047.6438903808594,596.7257595062256,870.60791015625,575.1759910583496,1026.7040634155273,663.1175780296326,919.727725982666,585.2095556259155,1000.7036590576172,683.797345161438,925.5429840087891,683.2143831253052,1018.3332824707031,821.0786604881287,909.741039276123,828.3121275901794,1038.7017059326172,946.852011680603,894.0018081665039,964.6948599815369
187,6.233333333333333,True,161.9,77.8,177.9,179.8,159.2,170.0,14.3,27.9,1046.6538619995117,497.8967320919037,912.7982711791992,481.3399600982666,1047.7198791503906,596.7211246490479,870.8117866516113,574.8969984054565,1026.9584655761719,662.6907205581665,918.7166404724121,585.0544810295105,1001.2784957885742,684.4872951507568,925.8277130126953,683.4841704368591,1018.3761978149414,821.2361168861389,909.7418975830078,828.1873083114624,1038.735237121582,946.8612813949585,894.232120513916,964.3836808204651
188,6.266666666666667,True,162.2,78.6,177.9,179.9,159.2,169.8,14.1,28.2,1047.2087860107422,497.85218596458435,913.0962753295898,481.28134846687317,1047.7784729003906,596.336624622345,870.5889701843262,574.5212531089783,1027.2375869750977,661.5905857086182,913.7677574157715,584.5529508590698,1001.6101455688477,684.4766736030579,926.1483764648438,683.4507608413696,1018.4969329833984,821.2466740608215,909.7947120666504,827.735345363617,1038.7421035766602,946.8704223632812,894.5097541809082,963.6811137199402
189,6.3,True,162.3,79.8,178.0,179.9,159.3,169.9,14.0,28.8,1047.2985076904297,497.73847103118896,913.355712890625,481.082661151886,1047.850227355957,595.3848052024841,870.5851364135742,572.4436783790588,1027.2370147705078,661.0977458953857,912.2078704833984,583.472900390625,1001.8590545654297,684.4943118095398,926.3391494750977,683.4409761428833,1018.8035202026367,821.2571668624878,910.0499153137207,827.5825238227844,1038.808479309082,946.8486642837524,895.0037956237793,963.165807723999
190,6.333333333333333,True,162.1,80.2,178.1,179.9,159.4,170.1,14.0,28.8,1047.3645401000977,497.03168749809265,913.6584091186523,480.5507791042328,1048.1518936157227,593.5424494743347,870.8868026733398,571.4360475540161,1027.3768615722656,659.8668694496155,912.370433807373,582.8729438781738,1002.2632598876953,684.3996834754944,926.5624809265137,683.4347319602966,1019.2927551269531,821.2032222747803,910.7064628601074,827.5012850761414,1039.1443634033203,946.2940907478333,895.5859565734863,963.1152749061584
191,6.366666666666666,True,162.8,82.4,177.5,179.9,159.8,170.0,13.6,28.1,1047.7766418457031,496.8074119091034,914.0962028503418,480.4810309410095,1048.1885147094727,593.3230018615723,872.8765869140625,571.3257765769958,1027.7725982666016,660.1638865470886,912.7710342407227,583.4123253822327,1003.3145141601562,684.5107913017273,927.2573089599609,683.5587787628174,1019.7270584106445,821.5066766738892,911.4021492004395,827.5552296638489,1040.01708984375,945.2750015258789,896.6278266906738,963.0398941040039
192,6.4,True,163.3,86.1,177.1,179.4,160.6,169.4,13.1,27.1,1048.2170104980469,496.29329681396484,914.8071098327637,480.42399644851685,1048.3536529541016,592.6256489753723,876.1297988891602,570.724983215332,1028.5606384277344,658.7924194335938,912.033863067627,583.2858324050903,1004.8126602172852,684.7341012954712,928.8195991516113,683.8352608680725,1020.2071380615234,821.6258955001831,911.9698333740234,827.7421045303345,1040.4954528808594,944.7989630699158,897.6260375976562,962.9753923416138
193,6.433333333333334,True,163.7,90.6,176.8,179.3,161.1,168.7,13.0,26.7,1048.798828125,495.3144407272339,915.8098411560059,480.266797542572,1049.1020965576172,591.2000441551208,878.3874893188477,570.8036470413208,1030.1419830322266,656.68381690979,909.5844268798828,584.0796804428101,1005.8180236816406,684.7313976287842,930.9240531921387,683.8259267807007,1020.6012725830078,821.6305303573608,913.0613136291504,827.7637982368469,1040.8354568481445,944.8168587684631,897.9739952087402,962.8237295150757
194,6.466666666666667,True,163.6,93.6,176.1,179.8,161.2,168.4,13.0,26.4,1049.8259353637695,494.7668194770813,916.6026878356934,479.47420477867126,1050.0123596191406,590.0090789794922,879.5087242126465,571.5104627609253,1031.2651062011719,654.370379447937,915.9052276611328,588.9483404159546,1006.5877532958984,683.7390232086182,932.5326919555664,682.4859380722046,1020.8919525146484,821.6685748100281,914.498405456543,827.7735185623169,1042.382926940918,945.1929259300232,898.2872200012207,962.3530983924866
195,6.5,True,161.8,96.0,175.8,179.7,161.0,168.6,13.8,26.1,1050.9686279296875,494.76372957229614,917.0233726501465,478.4133052825928,1052.0686340332031,590.0677871704102,880.1137733459473,571.57470703125,1031.8811416625977,654.079864025116,920.1248359680176,592.52690076828,1007.0305252075195,682.3356914520264,932.9665374755859,680.9226393699646,1021.3249969482422,821.6268610954285,915.3219223022461,827.811176776886,1043.341941833496,945.2509903907776,898.5568428039551,962.2629761695862
196,6.533333333333333,True,162.5,100.5,175.7,179.4,160.8,168.7,13.9,25.8,1051.9988250732422,494.77608919143677,917.7183723449707,477.3643469810486,1052.9069137573242,590.1389193534851,881.1318397521973,571.2189817428589,1033.2646179199219,654.4160199165344,933.8836097717285,603.9560723304749,1007.6528549194336,681.9401836395264,933.6984443664551,679.792377948761,1021.9889831542969,821.651451587677,916.1188316345215,827.8190302848816,1044.2475128173828,945.286717414856,898.8686370849609,961.9400811195374
197,6.566666666666666,True,161.8,99.9,175.5,179.6,160.6,168.4,14.3,26.6,1053.4376907348633,494.7861957550049,918.5783958435059,477.33341574668884,1054.6721649169922,590.0302577018738,881.0276412963867,570.429961681366,1034.4962310791016,654.3000841140747,932.4910354614258,602.3891043663025,1008.4050750732422,681.9553112983704,934.9515724182129,679.8230195045471,1022.6584625244141,821.6119265556335,916.7578125,827.7800846099854,1045.0904846191406,945.2993988990784,899.3879127502441,961.8249821662903
198,6.6,True,163.0,102.8,175.7,179.9,160.4,168.1,14.1,27.5,1054.493408203125,494.8873257637024,919.3520736694336,477.4367022514343,1055.1702117919922,589.9031209945679,880.6190872192383,569.1271162033081,1036.1853790283203,653.5437655448914,921.3292121887207,598.3821415901184,1008.8590621948242,682.3775339126587,935.8151435852051,680.1758480072021,1023.3138656616211,821.4825367927551,917.1304893493652,827.8026151657104,1045.6034088134766,945.3251481056213,899.8992919921875,961.8267202377319
199,6.633333333333334,True,164.4,103.1,175.9,180.0,160.4,167.9,13.9,28.2,1055.0457000732422,494.89707827568054,919.8393058776855,477.4943161010742,1055.4296493530273,589.6366167068481,880.2124214172363,568.8093709945679,1037.9497146606445,653.3144688606262,919.7693824768066,598.1876063346863,1009.5859909057617,682.3803019523621,936.8009376525879,680.2125406265259,1024.1263961791992,821.4276909828186,917.8111839294434,827.8431701660156,1046.081657409668,945.3420782089233,900.5538368225098,961.9475483894348
200,6.666666666666667,True,164.7,103.0,176.2,180.0,160.4,167.8,14.1,28.6,1055.4953384399414,494.7972357273102,920.1310157775879,477.5231873989105,1056.3161087036133,589.3162322044373,880.1715087890625,568.5233616828918,1039.3272399902344,653.3810949325562,919.9224472045898,598.1092643737793,1010.2383041381836,682.2192406654358,937.4883842468262,680.2348780632019,1025.0312805175781,821.3819861412048,918.4699630737305,827.868983745575,1046.5742111206055,945.3476786613464,901.1995124816895,962.1698927879333
201,6.7,True,164.9,100.1,176.5,179.8,160.1,167.9,14.1,28.6,1055.9627151489258,494.80225682258606,920.2903175354004,477.53538608551025,1056.8066024780273,589.4017839431763,880.2277565002441,568.7599968910217,1039.9051666259766,654.4598579406738,922.2502899169922,596.8986654281616,1010.6143569946289,682.1803593635559,937.6889419555664,680.249490737915,1025.899772644043,821.2858772277832,919.1338348388672,828.0872082710266,1047.1927642822266,945.350124835968,901.7936325073242,962.4274492263794
202,6.733333333333333,True,165.0,94.7,177.1,179.5,159.7,168.2,14.0,28.4,1056.5566635131836,495.22602438926697,920.5075836181641,477.5486147403717,1057.1389389038086,591.2637090682983,880.338134765625,569.8337388038635,1039.962272644043,656.8348360061646,930.6437873840332,596.8404722213745,1011.0556411743164,682.2056579589844,937.6870536804199,680.3140568733215,1027.1025466918945,821.279182434082,919.7471809387207,828.1161761283875,1047.710952758789,945.3257274627686,902.3077011108398,962.3642992973328
203,6.766666666666667,True,165.3,90.6,177.7,179.1,159.4,168.7,13.8,28.1,1057.0182037353516,495.4716718196869,920.7449340820312,477.55885004997253,1057.1343612670898,592.746798992157,880.3752708435059,571.1831259727478,1039.7577667236328,659.1903734207153,938.9937400817871,597.1463084220886,1011.372184753418,682.3054361343384,937.6543235778809,680.335042476654,1028.0942916870117,821.2741613388062,920.6493186950684,828.1119275093079,1048.0816268920898,945.3772258758545,903.065185546875,962.2808718681335
204,6.8,True,165.2,89.3,177.9,179.1,159.2,168.9,13.6,27.6,1057.829704284668,495.6115221977234,921.0283470153809,477.5659954547882,1057.3595809936523,593.7994909286499,880.9475898742676,572.5440359115601,1039.6830368041992,659.4837856292725,943.3993148803711,597.9975771903992,1011.7165374755859,682.310585975647,937.7529716491699,680.3506207466125,1028.7200546264648,821.2728095054626,921.167049407959,828.085663318634,1048.586311340332,945.6446957588196,903.8666725158691,962.2230648994446
205,6.833333333333333,True,165.5,89.7,178.0,179.0,159.0,169.0,13.4,27.2,1058.4642791748047,495.78104853630066,921.4062881469727,477.60535955429077,1057.5569915771484,595.0032663345337,881.5376472473145,573.7173628807068,1039.5349502563477,662.0655298233032,945.0628280639648,599.6606540679932,1012.0868682861328,682.9071307182312,937.9954719543457,680.7801818847656,1029.231948852539,821.3821792602539,921.6734504699707,828.0868220329285,1049.176139831543,945.8253264427185,904.4779586791992,961.9968581199646
206,6.866666666666666,True,165.7,90.2,178.0,179.0,158.9,169.2,13.1,26.8,1059.3635559082031,496.15083932876587,922.0609474182129,477.62048721313477,1057.7763748168945,596.2682604789734,882.4953460693359,574.396562576294,1039.40185546875,663.9842319488525,950.0659561157227,602.3079943656921,1012.5692367553711,683.3757019042969,938.3053779602051,680.9555339813232,1029.744644165039,821.5368032455444,922.1761894226074,828.0743336677551,1049.7285461425781,945.9033465385437,905.1659774780273,961.7947912216187
207,6.9,True,166.0,91.4,178.0,179.1,158.8,169.2,12.7,26.7,1060.0984954833984,496.43932700157166,922.9038619995117,477.630432844162,1057.7582931518555,596.4615726470947,883.2793235778809,574.612147808075,1039.2823791503906,663.9638900756836,952.2282600402832,604.8363733291626,1012.9996490478516,684.4751286506653,938.7605667114258,681.4127111434937,1030.1538848876953,821.6028499603271,922.5531005859375,828.0656433105469,1050.234718322754,945.9000635147095,905.6949234008789,961.6734480857849
208,6.933333333333334,True,166.2,93.0,177.9,179.6,159.0,169.2,12.4,26.1,1060.7276916503906,496.383740901947,923.8248252868652,477.5724971294403,1057.884292602539,595.909252166748,885.0727272033691,574.6286916732788,1039.1974639892578,663.7651705741882,954.9616813659668,606.8065738677979,1013.8117218017578,684.6671533584595,939.3788909912109,681.4239120483398,1030.748176574707,821.7117691040039,922.8401756286621,828.0218696594238,1050.6416702270508,945.6712818145752,906.7728996276855,961.5425777435303
209,6.966666666666667,True,164.9,94.9,178.0,179.9,159.1,169.2,12.9,25.9,1060.9774017333984,495.97094893455505,924.6714019775391,477.4887156486511,1059.396858215332,593.6915373802185,886.2717819213867,574.6477460861206,1039.496955871582,663.1639266014099,957.6298713684082,610.1242303848267,1014.3503952026367,684.9594068527222,939.972095489502,681.4352416992188,1031.3409805297852,821.8739891052246,923.137264251709,827.9188084602356,1051.171646118164,945.6287956237793,907.5239181518555,961.4215564727783
210,7.0,True,165.2,96.0,178.2,179.8,158.9,169.2,13.0,25.7,1061.1918640136719,495.82643151283264,925.4391288757324,477.4035179615021,1059.7606658935547,592.1617770195007,887.1719169616699,574.829535484314,1039.910888671875,662.8373622894287,958.7099647521973,611.9242286682129,1014.4826889038086,684.970543384552,940.4747772216797,681.3989353179932,1031.7679595947266,821.9332122802734,923.5065650939941,827.7453231811523,1051.4713668823242,946.0169005393982,907.6122665405273,961.5009927749634
211,7.033333333333333,True,165.5,96.3,178.3,179.8,158.8,169.1,13.0,25.6,1061.5584182739258,495.6631815433502,925.8308029174805,477.39360451698303,1059.9729537963867,591.6090059280396,887.4920654296875,575.2267813682556,1040.343132019043,662.7229714393616,958.9191627502441,612.6927781105042,1014.5622253417969,685.0628542900085,940.8306312561035,681.4033770561218,1031.9720077514648,821.9662356376648,923.7474632263184,827.6978802680969,1051.6273498535156,946.6541290283203,907.5993919372559,961.4997053146362
212,7.066666666666666,True,164.9,96.8,178.4,179.8,158.6,169.2,13.2,25.8,1062.1770858764648,495.66295623779297,926.4322471618652,477.45224833488464,1060.7136154174805,591.6292190551758,887.4831390380859,575.2912187576294,1040.434913635254,662.6770091056824,957.3516082763672,613.1771206855774,1014.6441650390625,685.2785038948059,941.0462379455566,681.3756322860718,1032.1409225463867,822.1417808532715,923.8249969482422,827.6769590377808,1051.8287658691406,947.4582123756409,907.5533866882324,961.4755654335022
213,7.1,True,164.3,97.3,178.4,179.8,158.5,169.2,13.6,26.0,1062.8042221069336,495.6812381744385,926.9574737548828,477.5901997089386,1061.6960906982422,591.6737008094788,887.3614883422852,575.3749680519104,1040.9022903442383,662.6221632957458,956.7843818664551,614.4336819648743,1014.6966934204102,685.4059624671936,941.2107467651367,681.3419008255005,1032.286148071289,822.3067688941956,923.8310050964355,827.6738691329956,1051.951789855957,947.8512740135193,907.5216293334961,961.4497518539429
214,7.133333333333334,True,163.8,97.2,178.4,179.9,158.3,169.3,13.8,26.3,1063.5295486450195,495.946261882782,927.5255584716797,477.6760411262512,1062.5800323486328,592.1164584159851,887.2306251525879,575.4215741157532,1041.0120391845703,663.5477828979492,956.5237998962402,614.8573207855225,1014.84375,685.4718804359436,941.3704490661621,681.2979984283447,1032.3620223999023,822.5076770782471,923.8589859008789,827.6417469978333,1051.9636917114258,948.283281326294,907.4931907653809,961.4462113380432
215,7.166666666666667,True,164.1,98.2,178.6,179.8,158.1,169.4,14.1,26.5,1063.9693450927734,496.1293065547943,928.0862045288086,477.6970911026001,1063.2306289672852,593.0111789703369,887.1624183654785,575.4320669174194,1041.4313507080078,667.2828340530396,957.1167182922363,617.3448872566223,1014.8649215698242,685.4257249832153,941.4955902099609,681.0520935058594,1032.5771713256836,822.6496195793152,923.8745498657227,827.5402307510376,1051.970443725586,948.5743117332458,907.3231887817383,961.4696431159973
216,7.2,True,164.5,98.7,179.0,179.9,157.7,169.4,14.2,26.7,1064.593849182129,496.3210093975067,928.7561988830566,477.72467494010925,1063.645362854004,594.0291738510132,887.091064453125,575.423698425293,1041.6489028930664,670.290277004242,957.0391273498535,618.809244632721,1014.9190521240234,685.3580045700073,941.7279624938965,680.9443974494934,1033.1513214111328,822.9866123199463,923.8945770263672,827.4826169013977,1051.9892120361328,948.6200165748596,907.298469543457,961.4623689651489
217,7.233333333333333,True,165.4,99.6,179.6,180.0,157.3,169.3,14.1,26.9,1065.164909362793,496.3222002983093,929.0796661376953,477.71714329719543,1063.8422012329102,594.3110632896423,887.0879745483398,575.4385685920715,1042.2553253173828,672.6469731330872,956.8093299865723,620.4993581771851,1015.0473403930664,685.1165413856506,942.0620155334473,680.2205228805542,1034.000473022461,823.2279467582703,923.9138031005859,827.3095178604126,1052.0455169677734,948.6095237731934,907.276611328125,961.4513611793518
218,7.266666666666667,True,165.6,101.0,179.2,179.8,156.6,169.4,14.2,27.1,1065.5228805541992,496.2805187702179,929.659252166748,477.6314306259155,1063.9306640625,594.3476271629333,887.2342300415039,575.437023639679,1042.3887634277344,672.9530668258667,956.6667366027832,623.0796217918396,1015.0650787353516,682.8741717338562,942.308406829834,677.8069853782654,1035.5038833618164,823.1474804878235,924.1473197937012,826.2883043289185,1052.0661163330078,948.4318542480469,907.1973037719727,961.2991189956665
219,7.3,True,166.1,102.8,178.1,179.7,155.9,169.3,14.1,27.3,1065.8555603027344,496.3802647590637,930.1424217224121,477.7803897857666,1063.8716125488281,595.3222346305847,887.2981452941895,575.5043578147888,1042.3772048950195,675.2211213111877,956.5461158752441,626.6065549850464,1015.1499938964844,681.9387030601501,942.8449630737305,676.9018363952637,1036.9349670410156,822.7969694137573,924.6251106262207,825.2325224876404,1052.175636291504,948.0389213562012,907.1957015991211,961.0222506523132
220,7.333333333333333,True,166.5,103.9,177.1,179.8,155.3,169.1,14.1,28.0,1066.017723083496,497.46726751327515,931.5217208862305,477.9969084262848,1063.8328170776367,597.7108597755432,887.278003692627,575.483500957489,1042.368392944336,678.970205783844,955.0313186645508,629.0228605270386,1015.3444290161133,681.9432091712952,944.1140556335449,676.9700717926025,1038.3063125610352,822.1959185600281,925.0916862487793,825.0972747802734,1052.3075866699219,947.8221774101257,907.3483085632324,959.8771834373474
221,7.366666666666666,True,166.8,104.1,175.8,179.8,154.7,168.6,13.7,29.0,1067.0379638671875,498.9416027069092,933.4050178527832,478.6797773838043,1063.8004302978516,601.5070009231567,887.3075294494629,575.6790661811829,1042.1087265014648,682.3084616661072,954.0320205688477,630.814425945282,1016.2540054321289,682.0110583305359,945.8252906799316,677.1465826034546,1040.4956817626953,822.3245358467102,925.4757499694824,824.9627351760864,1052.7816009521484,947.7883172035217,907.4036407470703,959.7038912773132
222,7.4,True,167.8,105.8,172.9,179.8,152.8,168.8,13.6,29.2,1068.2834243774414,502.3902904987335,934.3702125549316,480.31813502311707,1063.76953125,607.6664042472839,888.1811141967773,575.8582162857056,1042.112045288086,690.6490159034729,951.0812187194824,631.7905783653259,1016.3837814331055,683.0423784255981,946.1989402770996,677.8285503387451,1043.913345336914,821.9559359550476,926.1559295654297,825.1911306381226,1053.0448150634766,947.784583568573,907.4271011352539,959.5580863952637
223,7.433333333333334,True,168.7,107.8,168.5,179.4,149.8,168.6,13.6,29.5,1069.5724868774414,506.6663646697998,934.9822998046875,482.65159249305725,1063.6957168579102,613.1805324554443,889.2363739013672,576.6097068786621,1042.0513916015625,697.0560622215271,948.3790397644043,633.3294153213501,1016.4319610595703,683.5432004928589,947.2328567504883,678.266544342041,1049.1081619262695,819.747748374939,927.187328338623,825.1546311378479,1053.5224914550781,947.027428150177,907.5455474853516,959.0851378440857
224,7.466666666666667,True,169.0,108.7,166.3,179.4,148.1,167.8,13.5,28.7,1070.672492980957,513.0093920230865,934.9436187744141,488.04337978363037,1063.937759399414,618.9620661735535,891.1593246459961,583.1412506103516,1041.8839645385742,703.6243629455566,948.4542274475098,637.3187398910522,1017.3109817504883,686.3514089584351,948.5712432861328,682.0276665687561,1052.0904922485352,818.4014511108398,928.0900382995605,825.2903938293457,1054.4507217407227,945.6828045845032,907.6366424560547,959.0404629707336
225,7.5,True,169.5,111.0,164.8,178.6,146.4,168.2,13.6,28.4,1071.8494033813477,516.9395899772644,934.9243354797363,493.48016381263733,1064.0857315063477,623.0488514900208,892.196102142334,588.0578684806824,1041.8970108032227,707.9690909385681,947.9793548583984,644.5464777946472,1017.2957611083984,687.3391485214233,948.4885025024414,683.9472055435181,1053.5929870605469,814.9592971801758,929.3754959106445,824.7919535636902,1055.060920715332,945.6786847114563,907.6315498352051,959.5183038711548
226,7.533333333333333,True,169.2,113.6,163.6,176.0,145.0,169.5,14.0,27.3,1072.9201126098633,520.923764705658,934.7219467163086,499.7856616973877,1064.8396682739258,627.8888654708862,894.0614891052246,595.1692199707031,1041.8983840942383,713.0675625801086,947.5141525268555,651.8498539924622,1017.2232055664062,689.1879415512085,948.4444427490234,686.12140417099,1054.8490905761719,815.0967335700989,933.574161529541,820.0788831710815,1055.3152084350586,945.3514122962952,908.1867027282715,959.5196557044983
227,7.566666666666666,True,169.3,116.7,161.8,172.3,143.5,171.5,14.2,26.3,1073.3417129516602,525.2629244327545,934.690990447998,507.0330011844635,1065.4449462890625,630.6543302536011,895.8770942687988,602.6288938522339,1042.2227096557617,717.2422170639038,947.6354598999023,661.8472409248352,1016.8920135498047,694.0704417228699,948.1185150146484,690.3658390045166,1055.899887084961,814.2401218414307,938.6589431762695,817.2122240066528,1055.4668426513672,945.2284598350525,908.547534942627,959.3738508224487
228,7.6,True,168.6,120.5,157.0,168.4,140.3,174.1,14.7,25.5,1073.9162063598633,530.6370091438293,935.1077270507812,511.26816630363464,1066.4092254638672,636.4762902259827,896.7509078979492,608.2710599899292,1042.5580215454102,722.893009185791,947.5570678710938,673.4049010276794,1016.5962982177734,699.1450953483582,947.603816986084,694.7802829742432,1060.3871154785156,814.0180349349976,943.2963180541992,817.1914958953857,1055.441780090332,944.5450758934021,909.0518188476562,959.0225028991699
229,7.633333333333334,True,168.9,123.9,150.9,165.6,136.8,175.7,14.8,24.3,1074.4329071044922,536.0788464546204,935.2904319763184,519.7385931015015,1066.812744140625,644.5989418029785,898.4975624084473,618.1215476989746,1042.474250793457,735.0095558166504,947.7018928527832,686.7534828186035,1016.7848968505859,705.0007224082947,947.5426483154297,703.0136561393738,1066.442642211914,814.747896194458,946.5031242370605,818.500714302063,1055.558853149414,944.4482588768005,909.104118347168,959.1236329078674
230,7.666666666666667,True,169.2,126.0,146.5,161.2,134.1,178.0,15.0,23.2,1075.2123641967773,545.1916837692261,935.3223037719727,528.2261431217194,1066.95556640625,653.4125733375549,900.6618118286133,626.9085931777954,1042.4764251708984,743.5167074203491,947.7886390686035,695.215380191803,1017.4720001220703,709.8474955558777,947.5104331970215,710.5442690849304,1071.137351989746,817.1530652046204,951.1293411254883,823.0290341377258,1055.6267166137695,944.4483232498169,908.9813232421875,961.5054988861084
231,7.7,True,170.3,129.0,144.9,158.7,132.0,179.5,15.2,21.3,1076.3913345336914,556.1394095420837,935.635986328125,537.3871314525604,1066.926498413086,662.6877593994141,903.8772010803223,637.2061514854431,1043.6587142944336,750.9537220001221,948.596134185791,705.0462341308594,1017.8176116943359,714.5215559005737,947.0285224914551,714.9970149993896,1072.2380447387695,817.9530930519104,953.181209564209,827.0043897628784,1055.994758605957,944.3315505981445,909.1243171691895,961.4491724967957
232,7.733333333333333,True,171.3,131.0,142.1,157.3,130.4,179.4,16.0,18.7,1076.4115905761719,560.8270525932312,935.6357002258301,543.0299091339111,1067.8715515136719,669.1950345039368,907.016773223877,646.250946521759,1045.858383178711,763.2620358467102,952.7768898010254,715.4317259788513,1017.7942657470703,717.6969480514526,945.5904579162598,718.2434749603271,1075.4310607910156,821.2764143943787,953.2440376281738,832.886152267456,1056.221809387207,944.8532295227051,909.3499374389648,961.4766597747803
233,7.766666666666667,True,172.8,135.1,139.7,156.5,129.1,179.3,16.2,16.7,1077.9953384399414,566.2227988243103,936.9009590148926,549.3913149833679,1069.2352294921875,674.0804314613342,911.3882446289062,652.6917886734009,1049.3986129760742,768.8541197776794,955.1089096069336,725.3113746643066,1018.348274230957,722.581250667572,945.5004501342773,723.4293007850647,1077.945785522461,825.551233291626,952.8473854064941,841.5303540229797,1056.2421798706055,945.268886089325,909.3505668640137,961.4802002906799
234,7.8,True,173.2,137.7,137.5,154.9,127.9,177.6,17.4,13.9,1078.678207397461,570.4839706420898,937.6472282409668,555.155725479126,1070.6303787231445,677.2654151916504,915.4673194885254,661.1251044273376,1051.8907928466797,772.3049640655518,958.8563346862793,734.9738931655884,1018.0534744262695,722.8322410583496,943.6897087097168,724.8399066925049,1080.9186172485352,830.0243854522705,953.0829620361328,845.7406711578369,1056.200180053711,945.2949571609497,909.2593574523926,962.1507096290588
235,7.833333333333333,True,171.2,136.8,136.1,151.5,126.1,174.6,19.1,11.1,1079.2219161987305,572.6320338249207,938.3246040344238,559.3025064468384,1073.972282409668,680.493528842926,919.6254730224609,669.1932320594788,1054.3620300292969,776.2377691268921,970.1652145385742,745.5017781257629,1016.5499496459961,728.4296679496765,942.4658203125,729.3167281150818,1080.1218795776367,830.063910484314,956.1818504333496,844.7687673568726,1055.577621459961,947.049765586853,909.2511177062988,962.4205613136292
236,7.866666666666666,True,168.5,141.1,136.0,152.1,126.6,175.3,20.6,8.7,1079.6875762939453,572.9988956451416,939.6625328063965,561.6819262504578,1077.2941589355469,677.4641990661621,924.682502746582,673.2182836532593,1056.6776275634766,768.2352375984192,974.0266799926758,754.6231126785278,1016.6984939575195,729.6332502365112,942.8680801391602,728.981409072876,1080.8747863769531,834.329137802124,955.1899337768555,850.3524827957153,1055.5543899536133,948.838369846344,908.9690208435059,964.2334985733032
237,7.9,True,168.1,141.7,134.0,151.5,128.8,176.3,20.3,7.8,1079.911766052246,571.4370775222778,940.1260185241699,564.8713517189026,1079.121208190918,673.1223678588867,927.2292137145996,676.8694567680359,1059.1545867919922,764.4085836410522,973.546028137207,751.8992972373962,1018.4904098510742,733.2364010810852,943.8116455078125,732.9883718490601,1084.4950103759766,845.6095433235168,954.8338508605957,861.0105299949646,1055.4877853393555,949.757809638977,908.9670753479004,966.145441532135
238,7.933333333333334,True,147.0,117.9,133.7,151.3,131.1,176.8,18.2,8.2,1080.9938049316406,572.4507594108582,940.7022857666016,565.6403517723083,1079.1662979125977,678.9576530456543,927.0476531982422,676.7271280288696,1057.9592514038086,710.4260802268982,975.1258850097656,710.269525051117,1022.7541351318359,739.6438336372375,944.2496109008789,736.3101482391357,1085.4541397094727,849.7543287277222,954.254150390625,867.1409010887146,1055.4790878295898,950.0049376487732,909.1012573242188,966.953387260437
239,7.966666666666667,True,22.4,51.7,132.1,150.8,131.6,177.0,23.7,7.4,1080.0834274291992,571.9865012168884,942.1560859680176,565.4367399215698,1088.4607315063477,666.4390325546265,929.728832244873,675.2346396446228,1068.8018417358398,628.6335968971252,976.7667388916016,645.9953856468201,1022.8336715698242,741.8153929710388,944.9860954284668,739.8988151550293,1086.8727493286133,853.9689588546753,954.0648651123047,873.5006976127625,1054.8357009887695,951.4844870567322,909.1912651062012,968.3511185646057
240,8.0,True,3.5,26.0,130.0,149.1,135.9,177.7,36.0,1.5,1069.3563079833984,569.9356412887573,942.1921348571777,566.0033512115479,1091.9989013671875,628.4146642684937,941.7834663391113,670.0644564628601,1067.6765441894531,552.2394347190857,985.6534194946289,581.0439133644104,1023.3100891113281,743.3519768714905,946.1043548583984,743.3009934425354,1089.1413116455078,860.9558129310608,954.6514892578125,880.1416110992432,1054.5982360839844,952.1387100219727,909.0432929992676,968.249409198761
241,8.033333333333333,True,44.9,21.8,125.0,147.1,139.0,179.4,71.2,3.3,1054.7078704833984,568.7327027320862,942.1658706665039,575.7579231262207,1092.1048736572266,589.2360877990723,940.9910774230957,648.5522174835205,1065.9323501586914,499.94810700416565,984.6371841430664,544.5410013198853,1023.0965423583984,749.9101710319519,949.3317031860352,751.6530704498291,1092.8921127319336,865.6892251968384,956.2298011779785,884.9009656906128,1054.5066833496094,952.0679640769958,909.1819953918457,966.5651535987854
242,8.066666666666666,True,55.1,17.6,122.5,145.8,139.6,178.2,79.7,6.6,1059.9156188964844,559.5744824409485,944.5355987548828,572.0203614234924,1090.4425048828125,570.9158492088318,941.8018341064453,616.9406890869141,1064.9298477172852,472.13873863220215,982.0359420776367,512.4545931816101,1026.2397766113281,749.4555687904358,954.338207244873,750.6332087516785,1096.8881607055664,869.9517488479614,957.689323425293,890.2512001991272,1054.8757553100586,951.9737219810486,909.1949272155762,965.51922082901
243,8.1,True,115.3,2.9,120.1,143.9,139.3,178.0,141.4,20.8,1062.3500061035156,559.5474457740784,945.8992767333984,563.7287306785583,1090.0223922729492,535.3618919849396,940.4704856872559,580.8365678787231,1059.6343231201172,428.2353115081787,981.9244766235352,469.7850036621094,1028.1428146362305,748.8215589523315,956.4677238464355,750.3955435752869,1100.1979064941406,871.4684414863586,959.5766258239746,892.8938412666321,1054.8759841918945,951.84574842453,909.0158843994141,965.5071187019348
244,8.133333333333333,True,128.0,121.9,119.8,143.8,140.1,176.6,161.4,146.5,1062.4814987182617,555.3673839569092,945.8979606628418,557.1024942398071,1090.2382278442383,503.89864683151245,938.287353515625,547.1452760696411,1047.092628479004,405.56764125823975,976.0575485229492,447.307813167572,1029.7916793823242,746.4231491088867,958.9253425598145,748.3482241630554,1101.9152069091797,870.612473487854,960.2727127075195,894.1533637046814,1054.9205017089844,951.7567849159241,909.0150833129883,965.4650187492371
245,8.166666666666666,True,129.8,140.3,119.8,143.9,140.4,177.2,170.5,161.4,1063.355941772461,549.0777540206909,948.5140800476074,550.7621383666992,1089.5338439941406,473.1381297111511,936.895751953125,521.6481220722198,1034.0399551391602,381.4225137233734,970.188102722168,418.89984011650085,1030.4968643188477,744.94868516922,959.3557548522949,746.7070984840393,1102.660789489746,869.5294618606567,960.3796005249023,893.9194965362549,1054.6405792236328,952.1822261810303,909.3082809448242,965.1172757148743
246,8.2,True,126.2,142.6,121.9,145.2,142.1,178.4,173.4,161.4,1063.8186264038086,537.9655873775482,953.3294105529785,539.4956052303314,1089.3341445922852,446.9166827201843,936.1078262329102,493.191933631897,1020.9068298339844,359.8841714859009,965.9241485595703,395.64286708831787,1031.6247940063477,741.0340976715088,959.7443962097168,743.0906867980957,1101.1885070800781,866.8503856658936,960.2629852294922,890.7340621948242,1053.127555847168,952.9429221153259,908.8740348815918,965.1099371910095
247,8.233333333333333,True,125.9,145.2,125.3,149.2,144.9,177.9,172.8,164.4,1064.2112731933594,518.7729978561401,954.2050552368164,520.7123959064484,1089.005241394043,430.2769660949707,935.9846305847168,461.15914821624756,1021.1985397338867,344.8543918132782,965.7342910766602,368.38916659355164,1032.9114532470703,728.9200615882874,959.2398262023926,731.0547351837158,1100.0518798828125,862.5388741493225,957.3382186889648,886.6539716720581,1051.8699645996094,952.9154992103577,908.8743209838867,965.6729435920715
248,8.266666666666667,True,125.7,147.8,134.8,155.9,148.5,177.2,174.5,161.4,1064.4512557983398,499.49714183807373,954.1759300231934,499.38918828964233,1088.7165069580078,400.89168190956116,935.3829002380371,447.59237408638,1014.2406463623047,313.60451102256775,955.9942245483398,352.7453649044037,1033.432502746582,710.7452416419983,959.0543746948242,712.9758310317993,1091.968002319336,847.5610756874084,954.9696922302246,866.9650340080261,1049.3705749511719,952.8446245193481,907.7846145629883,965.49076795578
249,8.3,True,127.4,150.7,148.0,162.1,153.4,176.4,175.7,163.4,1064.5368576049805,479.8884129524231,954.7380638122559,475.3639876842499,1088.4752655029297,373.6038315296173,935.7291412353516,415.5657362937927,1012.90283203125,283.3023941516876,956.165771484375,316.8192672729492,1032.9518508911133,694.08775806427,958.7097930908203,693.9319753646851,1078.1477737426758,831.6138195991516,951.9082832336426,844.8670649528503,1048.6544036865234,951.6358923912048,907.3327445983887,963.9595913887024
250,8.333333333333334,True,130.9,160.6,155.3,166.8,156.5,175.1,175.3,171.5,1064.4078826904297,460.963454246521,955.1617240905762,454.500789642334,1088.3635711669922,356.7778193950653,941.2340354919434,370.697261095047,1018.4767913818359,261.141597032547,958.7446975708008,271.02436780929565,1032.7252578735352,678.6150598526001,958.615550994873,677.0708155632019,1070.9244918823242,818.7914228439331,947.9996681213379,829.4831371307373,1049.1594314575195,950.0915837287903,907.4282455444336,960.3104138374329
251,8.366666666666667,True,131.8,173.6,163.4,169.9,159.9,174.3,173.9,179.3,1063.9904022216797,435.49320816993713,955.059700012207,427.1284818649292,1088.2317352294922,337.757910490036,954.8497581481934,322.93660283088684,1021.7646789550781,240.20876348018646,966.5035629272461,216.78683459758759,1032.9664993286133,659.7600102424622,958.560619354248,660.079300403595,1064.388542175293,805.3489851951599,945.3923606872559,815.7574582099915,1053.5797119140625,945.940682888031,907.4370574951172,957.7846097946167
252,8.4,True,141.7,173.3,169.0,171.8,162.0,174.0,173.5,179.2,1064.0977478027344,418.13737392425537,955.0101470947266,409.0877830982208,1088.3668899536133,321.1588454246521,954.9007415771484,304.1671693325043,1043.9148330688477,222.55362689495087,967.8886413574219,192.87880897521973,1034.1367721557617,644.2392897605896,958.3567428588867,643.4908890724182,1061.8997955322266,794.5462918281555,943.9983558654785,801.5456986427307,1060.476951599121,942.734842300415,908.0034828186035,953.0696082115173
253,8.433333333333334,True,147.6,174.0,171.5,172.9,162.4,173.8,172.1,177.4,1064.1185760498047,403.37071895599365,954.7730255126953,391.59151911735535,1089.0312194824219,312.14659094810486,958.2192993164062,285.36966919898987,1057.8202056884766,210.60810327529907,972.4148941040039,183.0462008714676,1034.018669128418,635.4427170753479,957.978343963623,634.7456216812134,1061.5728378295898,788.2149481773376,942.6286125183105,796.9427061080933,1065.978012084961,935.0900316238403,908.133373260498,952.5914454460144
254,8.466666666666667,True,154.7,175.9,172.5,174.0,162.4,173.9,171.5,173.1,1063.6651611328125,397.8512477874756,954.6762657165527,384.5096182823181,1089.407615661621,307.89446353912354,965.4331970214844,286.2564718723297,1072.6587295532227,206.47226572036743,982.8263854980469,190.66572904586792,1033.8883209228516,625.976665019989,957.5199508666992,623.3362126350403,1061.9026565551758,783.0015707015991,941.4210319519043,791.9974422454834,1068.7117767333984,929.5776414871216,909.2167282104492,950.8275604248047
255,8.5,True,157.6,172.2,172.9,175.8,162.2,173.2,171.3,171.4,1063.2947158813477,402.0737314224243,952.8658676147461,386.6843318939209,1089.363784790039,313.09412956237793,966.0100936889648,287.41055130958557,1077.9228973388672,205.83772480487823,990.4446029663086,198.26942145824432,1033.678321838379,622.8595304489136,957.0208168029785,621.4036703109741,1061.4320755004883,778.493013381958,939.9605369567871,788.7538146972656,1069.1389846801758,927.3715782165527,911.3786888122559,950.8119177818298
256,8.533333333333333,True,156.3,171.1,173.3,177.3,162.5,173.6,169.0,170.1,1062.5224685668945,403.62685918807983,949.8325538635254,387.12905287742615,1091.5524673461914,316.667765378952,964.5439910888672,289.7599732875824,1082.017593383789,212.58932769298553,990.4934692382812,207.37033367156982,1033.582420349121,623.594799041748,955.1445579528809,622.6032614707947,1061.183853149414,779.7711396217346,939.9929809570312,790.6456089019775,1069.818992614746,926.8097949028015,917.7444076538086,951.0818982124329
257,8.566666666666666,True,155.9,173.6,174.0,178.2,162.9,173.8,168.2,167.9,1062.4163818359375,406.6565430164337,947.0686912536621,390.4749369621277,1091.9809341430664,321.6551613807678,964.0195083618164,299.2797124385834,1082.860336303711,215.63450932502747,989.8990631103516,214.3348664045334,1033.4961318969727,628.7626647949219,953.5592651367188,627.9968190193176,1060.359992980957,786.6252565383911,940.0480842590332,794.5956015586853,1069.6018981933594,929.969801902771,921.9857025146484,955.7625889778137
258,8.6,True,155.3,174.4,175.3,179.8,163.7,174.1,167.2,167.3,1061.249885559082,415.6943213939667,946.4858436584473,400.653018951416,1091.9353866577148,331.2908363342285,963.4951400756836,314.6252417564392,1083.0885314941406,223.91233205795288,990.2968597412109,225.63989460468292,1033.4430313110352,635.7193922996521,952.5044059753418,635.2438044548035,1058.2485580444336,791.0679602622986,939.806957244873,797.7903699874878,1069.6707916259766,940.2819085121155,926.2094306945801,962.9571104049683
259,8.633333333333333,True,152.3,174.5,177.6,179.6,165.6,173.7,164.2,164.1,1059.290885925293,418.0805969238281,943.6902809143066,404.8460519313812,1091.6496276855469,338.8070297241211,964.716911315918,320.03849744796753,1081.7739486694336,235.38151144981384,995.8049011230469,231.99584484100342,1033.252944946289,649.6650338172913,952.1862602233887,649.5422744750977,1055.9045791625977,811.2421417236328,939.6866226196289,813.8858127593994,1070.163803100586,957.716953754425,926.2047386169434,975.7806658744812
260,8.666666666666666,True,151.8,170.9,176.8,179.0,166.5,173.7,164.6,164.9,1056.1736297607422,431.0861670970917,943.652286529541,421.9009745121002,1091.506118774414,339.89097476005554,965.9664916992188,325.8724629878998,1079.3139266967773,240.45035541057587,1002.1831512451172,236.83423340320587,1032.8447341918945,663.3740401268005,952.1344757080078,664.7946238517761,1054.3682098388672,820.6478118896484,939.8245239257812,830.253746509552,1066.2517547607422,968.9124512672424,925.4045677185059,986.68790102005
261,8.7,True,150.8,169.9,173.4,178.3,166.4,173.4,162.8,164.0,1053.8258743286133,454.1021919250488,942.0474815368652,445.7273268699646,1090.2398300170898,365.9384536743164,964.3757629394531,354.183007478714,1078.5404205322266,266.5263032913208,1003.4648895263672,265.56878685951233,1032.6767349243164,682.8298187255859,951.8460845947266,685.5869150161743,1055.0156021118164,834.7491073608398,940.081844329834,845.2306437492371,1059.232063293457,974.5626640319824,924.722843170166,992.5132727622986
262,8.733333333333333,True,148.9,170.0,170.8,177.3,164.9,173.6,161.2,163.0,1052.889747619629,471.89836978912354,940.7950973510742,463.01576256752014,1090.008888244629,389.1905987262726,963.3453369140625,376.11515164375305,1077.2480392456055,284.6752452850342,1004.4862747192383,285.9934437274933,1031.4938735961914,698.6738204956055,950.9228324890137,700.0020933151245,1055.5200576782227,838.4750175476074,940.1750564575195,857.4167776107788,1056.7553329467773,978.0313396453857,924.2039108276367,995.7373952865601
263,8.766666666666667,True,144.5,169.0,168.4,177.0,164.7,173.3,156.6,161.5,1049.2723846435547,477.25597500801086,938.5224151611328,468.7651741504669,1089.9916076660156,400.46958804130554,963.1990814208984,380.7252895832062,1076.3948822021484,297.5904357433319,1006.7875671386719,293.9557421207428,1030.726661682129,710.0581884384155,950.669002532959,710.4425597190857,1055.9346771240234,842.9725027084351,940.4469108581543,862.761025428772,1053.7457656860352,981.0123896598816,924.03076171875,1000.3956198692322
264,8.8,True,144.1,167.9,168.1,176.6,165.0,173.2,155.9,161.6,1048.154296875,480.6487226486206,937.697868347168,473.1464982032776,1090.0151824951172,403.1595754623413,961.5288162231445,386.3571560382843,1076.7559432983398,302.2346591949463,1007.5634765625,297.93431639671326,1030.7853698730469,713.0503749847412,950.6219100952148,713.7309265136719,1056.2412643432617,847.6765608787537,941.026554107666,861.8509840965271,1053.2498931884766,986.0900044441223,923.8204765319824,999.5283222198486
265,8.833333333333334,True,144.4,170.8,168.7,176.5,165.4,173.3,155.0,160.1,1048.5620498657227,476.69235706329346,937.8102493286133,468.96830320358276,1090.01953125,403.22530031204224,960.0211715698242,395.71425676345825,1079.1017532348633,302.20369577407837,1007.3191452026367,299.18736934661865,1030.9010696411133,706.0937118530273,950.5825996398926,706.6886472702026,1056.207160949707,846.823296546936,941.0528182983398,856.6611671447754,1053.4992599487305,982.882297039032,923.0295181274414,1000.4476976394653
266,8.866666666666667,True,144.8,172.9,169.5,176.5,166.1,173.2,154.4,158.3,1048.8626861572266,473.12931060791016,937.9828262329102,464.71253871917725,1091.9781875610352,398.33089113235474,959.1106796264648,402.0652985572815,1082.6969146728516,297.1957004070282,1006.6036605834961,303.6996924877167,1031.5900039672852,701.5546417236328,950.6290626525879,702.2710490226746,1055.9430313110352,846.0383319854736,940.7992172241211,853.9428877830505,1053.8253021240234,981.3620638847351,922.1028900146484,1001.4421319961548
267,8.9,True,145.0,171.1,170.2,176.3,166.3,173.2,153.8,159.8,1049.4146347045898,471.72964811325073,938.1122016906738,462.22098112106323,1093.528175354004,397.33619928359985,958.9543533325195,394.7553563117981,1085.8541107177734,296.1178386211395,1005.4523849487305,299.71287846565247,1031.6973495483398,699.5949339866638,950.5435752868652,699.7735691070557,1055.3638458251953,844.1045665740967,940.3853416442871,853.1905603408813,1054.0892028808594,980.2107524871826,921.1210441589355,1000.1296305656433
268,8.933333333333334,True,143.8,171.0,171.5,176.3,166.9,173.2,152.8,160.1,1050.0128173828125,468.78889560699463,938.2065010070801,459.70531582832336,1095.6027603149414,394.9980425834656,957.817211151123,395.07310152053833,1087.7506256103516,295.15095591545105,1003.3026123046875,301.30929708480835,1032.1964263916016,695.4110741615295,950.6534385681152,695.7171678543091,1054.3928146362305,842.8609442710876,940.3017997741699,852.8944444656372,1054.442138671875,980.7763981819153,921.0345840454102,999.4695496559143
269,8.966666666666667,True,143.2,170.9,172.5,176.3,167.7,173.1,152.0,160.2,1050.2739715576172,466.3587498664856,938.0438804626465,459.4379425048828,1096.6633987426758,393.4455907344818,956.9447135925293,396.4503300189972,1089.1429138183594,294.8678433895111,1002.8583526611328,301.38728499412537,1032.7300643920898,693.4272265434265,950.8297348022461,693.1636834144592,1053.4442138671875,842.4344086647034,940.3728675842285,852.753210067749,1054.4746398925781,983.1790566444397,920.8371734619141,1002.9866337776184
270,9.0,True,143.7,172.5,172.8,176.8,167.8,173.0,152.2,159.1,1050.600357055664,466.09501361846924,938.0715179443359,458.8478994369507,1096.6139602661133,393.3201599121094,956.817626953125,400.5134582519531,1089.6488571166992,293.00318241119385,1002.7744674682617,303.19066286087036,1032.7352142333984,693.0329418182373,950.8723640441895,692.7067637443542,1053.0822372436523,843.5678887367249,940.1377487182617,851.4305377006531,1054.376449584961,985.6698417663574,920.6820487976074,1008.5267043113708
271,9.033333333333333,True,141.6,174.7,172.9,176.9,168.2,172.7,150.2,157.4,1050.6364059448242,468.18881034851074,938.1132316589355,461.13590955734253,1096.4738845825195,400.8418571949005,956.0181427001953,410.29983043670654,1089.3010711669922,302.1224892139435,1002.0569229125977,310.09466886520386,1032.9423522949219,695.0489115715027,951.3887214660645,695.2950096130371,1052.186508178711,845.3467082977295,940.0680541992188,853.6355710029602,1052.6535415649414,987.7411723136902,920.0657272338867,1012.475860118866
272,9.066666666666666,True,141.6,170.0,172.0,175.9,168.4,172.6,150.3,159.9,1050.754737854004,476.11618638038635,938.170223236084,469.13506150245667,1096.7771530151367,408.4448575973511,955.9031295776367,410.5050194263458,1089.587287902832,311.05868697166443,1003.9837646484375,315.4409122467041,1033.0969619750977,700.0611233711243,951.4459991455078,701.185462474823,1051.6984176635742,849.4820952415466,940.0518608093262,857.418966293335,1049.5745086669922,990.8324289321899,916.9268417358398,1017.3357009887695
273,9.1,True,141.3,168.9,172.4,174.8,168.7,172.5,150.1,160.5,1050.8521270751953,485.37875533103943,938.2233810424805,477.79812455177307,1097.6170349121094,417.1753513813019,955.7818794250488,417.18371987342834,1090.4578399658203,320.816445350647,1003.9180755615234,323.6266493797302,1033.3757400512695,707.0596933364868,951.5316581726074,708.7065482139587,1051.1894989013672,856.6898775100708,940.0570678710938,864.5276784896851,1049.183006286621,996.343080997467,914.3745231628418,1019.6614336967468
274,9.133333333333333,True,137.6,168.1,172.3,174.7,169.0,172.3,147.8,161.1,1050.8989334106445,490.83356380462646,938.7652587890625,485.8998227119446,1099.6960830688477,425.26301622390747,955.6349945068359,425.7132411003113,1090.1390075683594,330.06375789642334,1003.8186264038086,333.49316596984863,1033.5693740844727,714.8723244667053,951.7872047424316,716.5641760826111,1050.4756164550781,862.3324942588806,939.7963714599609,871.5648078918457,1047.6301574707031,998.2711172103882,913.4338188171387,1025.560576915741
275,9.166666666666666,True,130.8,165.9,172.0,174.9,169.3,172.0,143.1,161.4,1050.9613037109375,493.9331245422363,938.9078521728516,489.79374647140503,1103.0036544799805,434.82234477996826,955.7088088989258,428.36875677108765,1090.1482772827148,341.99687361717224,1003.674201965332,343.37551832199097,1033.5322952270508,717.9424023628235,952.020149230957,719.2993855476379,1049.6170806884766,864.1998910903931,939.2421340942383,873.5195589065552,1045.5015563964844,1000.915367603302,912.6639747619629,1027.0331740379333
276,9.2,True,123.9,171.6,172.4,175.0,169.8,171.5,137.2,157.7,1050.996437072754,493.3700215816498,938.4277153015137,490.87090015411377,1106.4064407348633,442.15153455734253,954.1173934936523,444.9957597255707,1092.2066116333008,350.8429491519928,999.6342086791992,356.7809736728668,1033.600730895996,718.4270668029785,952.2086334228516,720.4153561592102,1048.5335540771484,864.855272769928,938.642463684082,873.2469391822815,1044.3553161621094,1003.0466938018799,911.8891525268555,1024.4247794151306
277,9.233333333333333,True,118.9,169.6,173.3,175.7,170.1,171.0,133.6,159.2,1050.8555603027344,491.96405053138733,937.815113067627,488.94070744514465,1109.388313293457,444.30729031562805,952.8972816467285,440.418838262558,1092.9064178466797,353.3358907699585,996.6452407836914,356.90778851509094,1033.2730865478516,716.6701340675354,952.188777923584,718.6994290351868,1047.1164321899414,863.5000276565552,937.679443359375,871.1867451667786,1043.8597869873047,1003.0436038970947,911.4781951904297,1023.7975931167603
278,9.266666666666667,True,120.2,172.1,173.9,177.0,169.9,170.4,134.6,158.9,1050.8839416503906,493.1489646434784,937.8495025634766,493.98497700691223,1109.0749740600586,444.76449966430664,952.4906730651855,447.77873396873474,1093.8450622558594,354.0870273113251,993.8735961914062,361.03837966918945,1031.9738388061523,717.3295712471008,951.8087768554688,719.2376518249512,1045.5055618286133,863.107545375824,935.6609916687012,870.7755303382874,1043.5176086425781,1003.4747099876404,911.4567947387695,1022.907121181488
279,9.3,True,122.1,176.2,175.1,178.7,170.0,169.3,135.1,157.6,1050.3353118896484,493.0647003650665,936.97998046875,495.39584040641785,1108.4523010253906,444.14490938186646,950.3697395324707,455.8263909816742,1095.8611679077148,354.0283191204071,987.8447341918945,365.121431350708,1030.7435989379883,717.207133769989,951.382999420166,719.2152500152588,1043.3874893188477,862.6901507377625,932.8167915344238,870.7163715362549,1043.452491760254,1004.2724847793579,910.788516998291,1022.7316403388977
280,9.333333333333334,True,121.1,173.2,176.4,179.3,170.6,168.9,134.1,160.0,1049.3088912963867,493.1975984573364,936.6054725646973,497.455358505249,1108.340721130371,445.35940289497375,949.9734306335449,451.697119474411,1095.787582397461,354.98000979423523,984.3880462646484,370.906183719635,1029.5813369750977,717.0761346817017,951.1163520812988,719.3058228492737,1040.790138244629,863.1789350509644,931.2058067321777,872.5722455978394,1042.789421081543,1005.9595084190369,909.4105339050293,1025.7177758216858
281,9.366666666666667,True,123.1,175.3,176.5,179.3,170.5,169.3,135.3,160.2,1048.6430740356445,493.50491523742676,935.939769744873,499.8113143444061,1106.4973068237305,445.0303280353546,948.8806915283203,455.4595613479614,1095.7356262207031,355.94109892845154,981.1830139160156,371.17445826530457,1027.8236389160156,717.685489654541,949.4153594970703,720.1897287368774,1038.6790466308594,864.1483926773071,930.0201988220215,873.6500430107117,1040.570297241211,1008.0305171012878,908.9165496826172,1025.6391763687134
282,9.4,True,132.1,178.2,176.3,178.9,169.9,169.6,140.2,158.5,1048.2994079589844,498.23526978492737,935.0656127929688,504.468058347702,1099.5428466796875,447.6910901069641,946.3632202148438,470.15769124031067,1095.593376159668,356.63275480270386,980.9218597412109,375.37824153900146,1026.2004089355469,723.1987810134888,947.8506660461426,724.6449208259583,1037.5074005126953,867.0046877861023,928.971004486084,876.3951659202576,1039.6025848388672,1009.2757487297058,907.6554107666016,1025.022611618042
283,9.433333333333334,True,134.1,174.7,176.3,177.7,169.6,170.5,141.4,160.7,1046.5605926513672,503.8013792037964,934.423770904541,507.14420557022095,1097.6856994628906,451.58185958862305,945.6163215637207,468.9705562591553,1095.2612686157227,359.6230745315552,979.6377182006836,383.0981111526489,1024.328384399414,724.4776153564453,945.6686782836914,725.777370929718,1035.948257446289,868.0148935317993,928.2401847839355,878.4578704833984,1038.3380126953125,1009.8232412338257,905.5137062072754,1024.8392128944397
284,9.466666666666667,True,130.4,177.7,175.2,177.8,169.6,170.3,137.7,156.9,1042.8570556640625,505.0533056259155,932.7072143554688,507.8584563732147,1096.03271484375,456.185302734375,944.0307426452637,476.8767535686493,1092.6354217529297,367.408572435379,978.2645416259766,393.80006074905396,1022.9487991333008,725.5246424674988,944.4272232055664,727.2601389884949,1035.9416198730469,868.2550692558289,926.7000389099121,880.2467966079712,1036.9790267944336,1009.9270749092102,904.2935943603516,1025.3458285331726
285,9.5,True,125.0,178.3,174.9,177.7,170.0,170.0,133.1,154.0,1038.3650207519531,506.7741894721985,930.6560325622559,508.13677310943604,1094.9910736083984,461.75163745880127,944.0130043029785,476.2262964248657,1089.6800994873047,375.1857018470764,978.5535049438477,399.95206117630005,1020.6808090209961,725.8905386924744,943.3027267456055,727.1770334243774,1033.9692306518555,868.0799102783203,925.2045249938965,880.7801270484924,1034.5782852172852,1010.2940654754639,901.9934463500977,1027.3415207862854
286,9.533333333333333,True,120.9,175.6,175.6,177.8,170.1,169.6,131.1,148.9,1036.3946914672852,509.1828989982605,927.7896881103516,509.2891466617584,1095.1654815673828,465.6815779209137,942.0524024963379,481.8598687648773,1086.9924545288086,383.09366941452026,975.6101989746094,402.9237127304077,1018.7160873413086,727.6905369758606,941.8110466003418,728.1759738922119,1031.755027770996,869.0312147140503,923.6323928833008,880.9913992881775,1033.9302062988281,1011.5241050720215,900.5220794677734,1027.1776270866394
287,9.566666666666666,True,115.0,172.6,175.9,178.3,170.3,169.1,126.3,146.0,1034.7489166259766,508.3846414089203,925.8779525756836,508.3824849128723,1095.329933166504,470.9377634525299,933.8170051574707,494.69066619873047,1085.9428024291992,391.8380355834961,965.2256011962891,419.6357524394989,1017.1623229980469,727.6986479759216,940.7505226135254,728.6899280548096,1029.8044967651367,870.1725482940674,921.7500686645508,882.9906320571899,1032.2487258911133,1011.2736940383911,898.9714622497559,1031.7035007476807
288,9.6,True,110.4,140.8,176.6,178.2,170.6,169.1,121.5,114.8,1032.2796249389648,510.2545487880707,923.3420562744141,511.0698652267456,1095.3678131103516,478.0997121334076,931.4255905151367,506.5937840938568,1086.1687088012695,399.19004559516907,960.7343673706055,433.47707748413086,1015.2849197387695,728.4173727035522,939.349365234375,729.5095896720886,1027.511329650879,870.7475280761719,921.156177520752,884.1061520576477,1031.2044525146484,1012.4318933486938,898.6713409423828,1034.6221733093262
289,9.633333333333333,True,103.9,109.8,177.0,178.0,170.7,169.1,114.5,81.5,1030.4974365234375,511.96407079696655,920.9293556213379,512.6353204250336,1095.4023742675781,488.231703042984,932.0145034790039,513.4141373634338,1086.5763473510742,406.1230194568634,962.9355239868164,443.32727551460266,1013.6638641357422,731.7096018791199,938.0665397644043,732.2992587089539,1025.7719421386719,873.2104396820068,920.6344985961914,885.8961725234985,1030.5010986328125,1014.1054630279541,898.5599899291992,1034.0799593925476
290,9.666666666666666,True,87.8,42.1,176.9,177.9,170.7,169.0,98.6,12.5,1030.283546447754,511.2373638153076,919.5485687255859,513.0772089958191,1095.6183242797852,506.5641403198242,927.0019340515137,537.2880935668945,1086.7374801635742,426.46106243133545,962.2504806518555,461.596337556839,1012.67578125,732.9547047615051,937.3100852966309,732.9349422454834,1024.3629455566406,873.6811351776123,920.181713104248,885.9993624687195,1028.4662246704102,1016.2486338615417,897.7128982543945,1036.1900424957275
291,9.7,True,73.0,43.1,177.0,177.6,170.4,168.2,85.4,13.7,1030.184211730957,512.2136127948761,913.0411148071289,517.632372379303,1095.9218215942383,523.1706404685974,926.8971061706543,556.6631484031677,1086.778907775879,453.8984191417694,960.5050277709961,479.39396381378174,1011.2371444702148,733.5623216629028,935.0667572021484,733.2542324066162,1022.8393936157227,874.179253578186,919.2023277282715,886.2948989868164,1027.2391891479492,1016.873631477356,897.3661994934082,1035.450074672699
292,9.733333333333333,True,56.2,36.3,176.8,176.9,169.9,168.5,67.1,7.7,1030.6395721435547,518.555771112442,911.2874221801758,521.5040230751038,1089.503059387207,550.1648211479187,925.8534622192383,581.5375900268555,1083.2030868530273,486.0018539428711,958.7234687805176,502.79828667640686,1010.3395843505859,735.6727266311646,933.5685539245605,734.7548961639404,1022.0058059692383,876.6437101364136,918.577709197998,888.2513236999512,1025.8252716064453,1017.8380036354065,895.6765365600586,1038.37730884552
293,9.766666666666667,True,39.9,33.7,176.7,177.1,169.8,167.6,51.5,5.5,1030.8568954467773,522.8888475894928,908.9307403564453,523.5365045070648,1090.1197814941406,580.0830817222595,925.8964347839355,603.1242442131042,1082.992057800293,513.0827128887177,958.3069038391113,521.7255306243896,1009.9801254272461,738.746087551117,933.3282279968262,737.8939819335938,1021.7397308349609,881.6502571105957,917.4924659729004,890.6470942497253,1024.980812072754,1017.6972198486328,894.6521759033203,1038.155608177185
294,9.8,True,31.4,37.7,176.8,177.1,169.5,167.6,41.0,2.3,1030.3483200073242,525.8355867862701,909.5487213134766,524.0515208244324,1074.5927810668945,588.4288501739502,923.3104133605957,614.4108295440674,1072.620506286621,559.1632676124573,954.865779876709,557.5375270843506,1009.0294647216797,738.7009620666504,933.244743347168,737.8131937980652,1020.9689712524414,882.5113749504089,916.9826889038086,890.8677649497986,1024.7066116333008,1018.1842660903931,893.8863945007324,1037.7414321899414
295,9.833333333333334,True,36.0,56.5,177.2,177.1,169.6,167.6,32.5,0.7,1030.3850555419922,527.2680795192719,909.5755004882812,524.7166872024536,1071.1529159545898,608.6048340797424,918.8152885437012,619.9391841888428,1073.335304260254,595.3893113136292,949.0533256530762,595.4570960998535,1008.5894393920898,739.079475402832,932.9729461669922,738.5184001922607,1020.0233459472656,884.4643878936768,916.4914512634277,892.4258494377136,1024.032211303711,1020.2879762649536,893.2477569580078,1038.459255695343
296,9.866666666666667,True,151.2,117.7,177.0,176.9,169.3,167.3,27.2,2.7,1030.5968856811523,527.90820479393,907.6926612854004,526.0569977760315,1063.465347290039,613.2416868209839,914.194450378418,621.8720483779907,1060.9394073486328,631.738178730011,944.9452972412109,635.4220533370972,1008.0301666259766,739.0189003944397,932.2644424438477,738.2209324836731,1019.7821044921875,884.4309782981873,915.7998847961426,893.534095287323,1023.6710357666016,1021.1393737792969,892.3012733459473,1038.9000177383423
