frame,timestamp_s,detected,left_elbow_angle,right_elbow_angle,left_knee_angle,right_knee_angle,left_hip_angle,right_hip_angle,left_shoulder_angle,right_shoulder_angle,left_shoulder_x,left_shoulder_y,right_shoulder_x,right_shoulder_y,left_elbow_x,left_elbow_y,right_elbow_x,right_elbow_y,left_wrist_x,left_wrist_y,right_wrist_x,right_wrist_y,left_hip_x,left_hip_y,right_hip_x,right_hip_y,left_knee_x,left_knee_y,right_knee_x,right_knee_y,left_ankle_x,left_ankle_y,right_ankle_x,right_ankle_y
0,0.0,True,107.9,87.4,179.8,175.6,168.5,165.5,10.6,3.9,477.34468030929565,222.5851535797119,445.0391879081726,223.19005966186523,479.8788546323776,254.7058868408203,446.13893353939056,253.3729362487793,459.0211008787155,263.31750869750977,434.15504026412964,253.2729721069336,470.9284369945526,282.6191997528076,451.15892493724823,282.0311450958252,474.4200339317322,319.7579097747803,445.4204466342926,319.9763488769531,478.0851061344147,357.6185131072998,442.7258789539337,356.3371467590332
1,0.03393307998552298,True,106.5,97.4,178.4,175.0,167.7,166.1,9.9,4.6,477.67554569244385,222.60638236999512,445.6751620769501,223.07448863983154,479.73943305015564,254.7190761566162,446.01641154289246,250.81486701965332,456.6262972354889,263.1951713562012,436.84309244155884,252.1164894104004,471.11300897598267,282.61865615844727,451.1619281768799,281.82738304138184,475.1203486919403,320.1603698730469,445.388174533844,319.9698257446289,478.06627225875854,357.8712844848633,443.1001640558243,356.49121284484863
2,0.06786615997104596,True,106.7,115.5,177.3,174.9,167.5,166.5,8.7,5.2,478.28998816013336,222.64453411102295,446.1456526517868,223.05809497833252,479.64948856830597,254.70685958862305,446.01625883579254,248.7967872619629,456.21215558052063,262.8464126586914,438.9113574028015,252.1369171142578,471.63262033462524,282.7444553375244,451.1751118898392,281.8660354614258,475.7679795026779,320.7023620605469,445.38837814331055,320.0270175933838,478.06611955165863,357.9466438293457,443.1067304611206,356.61097526550293
3,0.10179923995656895,True,108.4,167.6,176.8,174.4,168.1,166.8,6.5,4.1,478.6529220342636,222.7331256866455,446.8024967908859,222.38481044769287,478.9220428466797,254.7209358215332,446.8724366426468,248.10155868530273,453.525426864624,263.4232807159424,445.68208479881287,253.59211921691895,472.31293046474457,282.74608612060547,451.24240481853485,281.737117767334,476.29151034355164,321.4112949371338,445.1784567832947,320.1800537109375,478.0526304244995,358.47896575927734,442.9957123994827,357.3624801635742
4,0.13573231994209192,True,109.0,149.5,176.5,174.7,167.9,167.2,5.4,6.1,478.8811682462692,222.8175401687622,447.46320950984955,221.9469451904297,478.4208072423935,254.58867073059082,446.39955365657806,247.26613998413086,452.0984299182892,263.2466411590576,442.95870637893677,252.58546829223633,472.38622987270355,282.6841735839844,451.29773569107056,281.30255699157715,476.4014594554901,321.4508628845215,445.0958422422409,320.1797389984131,478.00310242176056,358.8361644744873,442.6304370164871,357.6755619049072
5,0.1696653999276149,True,114.0,151.6,176.8,174.8,168.4,167.7,3.7,3.0,478.84350049495697,222.86401748657227,448.3025895357132,221.73402786254883,477.53200101852417,254.56686973571777,448.3170967102051,246.68503761291504,450.4521964788437,265.31189918518066,453.5064911842346,256.25733375549316,472.52661859989166,282.49743461608887,451.42356634140015,281.05241775512695,476.3412928581238,321.42866134643555,445.021830201149,320.1716423034668,477.88617968559265,359.0994930267334,442.2936669588089,358.1697750091553
6,0.2035984799131379,True,118.3,150.1,176.8,175.3,168.8,167.5,1.2,0.7,478.91277861595154,223.3914041519165,448.2551485300064,222.32155323028564,476.25501334667206,254.83755111694336,450.1310534477234,250.7955265045166,448.3472818136215,266.93647384643555,460.1821838617325,265.86313247680664,472.7047768831253,282.5067329406738,451.45303881168365,281.06715202331543,476.2969568967819,321.7525863647461,445.00096023082733,320.203857421875,477.6286646127701,359.6205425262451,441.8787108659744,358.3105659484863
7,0.23753155989866087,True,120.8,144.4,176.5,175.8,168.8,167.6,0.3,0.2,478.89104330539703,223.86138439178467,448.4562637805939,223.55206489562988,475.4716259241104,254.8392677307129,449.9854726791382,250.77143669128418,448.14896619319916,267.30566024780273,459.1124197244644,262.13107109069824,472.6799874305725,282.8572940826416,451.45395505428314,281.35268211364746,476.2116445302963,321.9217586517334,444.99739706516266,320.38641929626465,477.3370449542999,360.04666328430176,441.5139445066452,358.54557037353516
8,0.27146463988418384,True,122.5,161.1,176.8,175.9,169.3,167.8,1.0,0.9,478.77870178222656,224.21213150024414,448.67631471157074,223.61689567565918,475.02999699115753,255.0106716156006,449.56720793247223,250.75933456420898,448.03952610492706,267.907075881958,453.8177591562271,261.9649887084961,472.6559615135193,283.210973739624,451.46169221401215,281.6374111175537,475.93412482738495,322.12042808532715,444.9970407485962,320.60251235961914,477.0106589794159,360.33888816833496,441.45759558677673,358.6685085296631
9,0.3053977198697068,True,124.4,172.3,177.3,175.7,170.0,168.1,2.0,1.8,478.3443009853363,224.6442174911499,448.9028811454773,224.12827491760254,474.24961280822754,255.30455589294434,451.1149961948395,253.59317779541016,447.58450984954834,268.7888431549072,450.2491978406906,268.20799827575684,472.5927916765213,283.5235404968262,451.47182178497314,281.99069023132324,475.6066190004349,322.12995529174805,445.08642530441284,320.5755043029785,476.7881647348404,360.33708572387695,441.71226012706757,358.5319232940674
10,0.3393307998552298,True,123.5,158.1,176.8,174.9,170.7,168.4,1.7,0.7,476.46432387828827,225.13539791107178,449.4098687171936,224.25551891326904,473.2107973098755,256.2919807434082,450.79074811935425,253.20030212402344,446.732709646225,270.08182525634766,446.66282069683075,265.0844192504883,472.09842789173126,283.69505882263184,451.5069444179535,282.3296642303467,475.48567497730255,322.1183967590332,445.08657801151276,320.3789806365967,476.71104764938354,360.2848434448242,442.1281324625015,358.5542106628418
11,0.3732638798407528,True,123.5,150.9,177.2,175.1,172.1,168.5,2.3,0.5,475.1918156147003,225.1402473449707,449.2913680076599,224.71356868743896,472.2416162490845,256.2230587005615,450.6112154722214,253.81690979003906,445.2175498008728,270.61360359191895,444.5868694782257,265.89634895324707,471.94032514095306,284.2283821105957,451.4620485305786,282.965726852417,475.1188725233078,322.1762466430664,445.2891185283661,320.37829399108887,476.4263507127762,360.3893852233887,442.2969756126404,358.33325386047363
12,0.4071969598262758,True,125.2,130.0,177.0,175.5,171.4,167.7,3.3,2.3,474.22965908050537,225.17585277557373,447.763787984848,225.09634494781494,470.7451375722885,256.17356300354004,450.55613911151886,253.5461711883545,443.4516957998276,271.18005752563477,438.66692423820496,265.6721878051758,471.028969168663,284.4795799255371,451.13199758529663,283.53713035583496,474.59875214099884,321.44923210144043,445.317267537117,320.3950595855713,476.31314384937286,360.35319328308105,442.3859020471573,358.007755279541
13,0.44113003981179877,True,130.5,138.2,176.2,174.8,171.8,167.9,4.5,3.0,471.48719227313995,225.13781547546387,447.80171024799347,225.0995922088623,468.2644616365433,256.1282444000244,450.75649082660675,253.30507278442383,442.9618114233017,273.5521602630615,439.7019729614258,268.6036777496338,469.9678075313568,284.977970123291,450.854936003685,284.13442611694336,474.28789138793945,321.69711112976074,444.9861476421356,320.57018280029297,476.25262093544006,360.3347110748291,442.36584651470184,358.05447578430176
14,0.47506311979732174,True,135.9,144.1,174.4,174.5,171.7,168.4,5.4,2.8,468.0357064008713,225.17545223236084,447.95726788043976,225.0840139389038,465.2831609249115,256.31346702575684,450.6012386083603,253.37047576904297,443.62308406829834,275.06312370300293,440.2185810804367,270.98536491394043,468.4201719760895,285.11587142944336,450.5718170404434,284.58669662475586,474.0041106939316,321.69851303100586,444.7991832494736,320.5661201477051,476.10490226745605,360.3062438964844,442.45971047878265,358.0926704406738
15,0.5089961997828447,True,152.0,136.3,173.6,175.8,169.7,170.4,4.6,1.8,466.2591120004654,225.15267848968506,447.1942923069,225.04486083984375,464.33764946460724,250.16221046447754,447.3253149986267,250.3506374359131,448.9174392223358,274.46425437927246,435.71061658859253,262.64925956726074,466.4428186416626,285.0725269317627,449.3513309955597,284.63976860046387,473.17450392246246,321.6239547729492,444.61160802841187,320.5795383453369,475.9235371351242,360.2874755859375,442.4610848426819,358.10694694519043
16,0.5429292797683677,True,158.4,149.2,174.8,176.1,169.2,170.1,9.7,4.4,465.5189915895462,225.25021076202393,445.00711941719055,225.74705600738525,461.04039776325226,250.8347225189209,444.4874062538147,250.4773235321045,446.82026171684265,274.0334701538086,435.5307785272598,264.81903076171875,465.26855194568634,285.510950088501,448.32773530483246,285.1809024810791,472.39091289043427,323.82694244384766,444.1695718765259,320.7748031616211,475.79119098186493,360.45104026794434,442.3924684524536,358.11275482177734
17,0.5768623597538907,True,158.7,147.8,175.5,175.5,169.1,170.7,11.9,4.5,463.49730229377747,225.4964017868042,443.93211233615875,225.6833839416504,457.9923131465912,252.15262413024902,443.35717010498047,250.59130668640137,442.60890531539917,275.8957099914551,434.3912272453308,264.12142753601074,463.76525235176086,285.4684352874756,447.25562965869904,285.0678062438965,471.35067212581635,323.7785053253174,443.4556152820587,320.6902599334717,475.6494787931442,360.42749404907227,442.38849806785583,358.11527252197266
18,0.6107954397394136,True,158.9,144.4,175.8,174.9,169.6,171.3,15.1,6.7,460.50877344608307,225.81759452819824,443.6676745414734,226.0649871826172,453.878689289093,253.5611343383789,442.0011819601059,250.79240798950195,438.5854295492172,275.81740379333496,431.0035729408264,264.1453456878662,462.2572697401047,285.70953369140625,446.5792899131775,285.1762390136719,470.3757390975952,323.65270614624023,442.87018716335297,321.2699890136719,475.51005721092224,360.57400703430176,442.3875309228897,358.18531036376953
19,0.6447285197249366,True,157.0,148.4,177.0,175.7,170.2,173.0,13.7,8.5,458.4711517095566,226.69525623321533,443.38379204273224,226.81155681610107,452.9653481245041,254.6378231048584,440.62121880054474,252.39157676696777,438.67104732990265,275.6902885437012,428.97160136699677,267.4295425415039,461.0961867570877,285.94090461730957,445.75752210617065,285.14041900634766,469.37983429431915,323.67093086242676,442.76710987091064,321.39827728271484,475.45543897151947,360.5976963043213,442.5313810110092,358.23909759521484
20,0.6786615997104596,True,158.3,147.0,178.9,176.1,171.6,172.6,18.7,9.8,457.19212794303894,227.1170997619629,442.0590070486069,226.70087814331055,449.5558567047119,254.87640380859375,439.2956702709198,250.58343887329102,434.1588579416275,275.2793025970459,427.78191125392914,264.5053195953369,460.5877230167389,285.6899356842041,445.2987390756607,285.0937843322754,468.40785360336304,323.2729911804199,442.64804923534393,321.39172554016113,475.4609364271164,360.61686515808105,442.50038146972656,358.44122886657715
21,0.7125946796959826,True,154.3,149.9,179.8,176.2,171.4,169.9,18.7,14.5,456.9976809024811,227.01810836791992,437.9632499217987,227.35276222229004,449.11208987236023,254.87171173095703,434.7408756017685,250.6640338897705,431.27116668224335,275.0083923339844,422.61539739370346,266.22313499450684,459.89366924762726,284.3823051452637,444.5175404548645,283.8890075683594,467.6116896867752,322.22840309143066,442.26546704769135,321.36566162109375,475.50578141212463,360.22170066833496,442.4936623573303,358.49879264831543
22,0.7465277596815056,True,158.0,151.4,178.8,176.0,172.3,170.5,22.6,15.7,456.23882842063904,227.0389223098755,438.23323607444763,227.73510932922363,446.75052547454834,254.8813247680664,434.3774836063385,250.6940746307373,429.54975044727325,274.8021125793457,421.85741025209427,266.66187286376953,459.9967974424362,284.33764457702637,444.26923871040344,283.9211654663086,467.72387850284576,322.3259925842285,442.06150126457214,321.80588722229004,476.1654760837555,359.86498832702637,442.47742450237274,359.33910369873047
23,0.7804608396670286,True,152.8,152.5,177.1,177.0,172.8,169.4,19.1,13.7,456.1151865720749,227.16370582580566,435.5484416484833,227.70439624786377,448.596652507782,255.19171714782715,433.33011651039124,250.81958770751953,430.6597783565521,274.9369525909424,422.8687384724617,266.9278907775879,460.21613574028015,284.26929473876953,443.65693414211273,284.0142631530762,467.828940987587,322.3883056640625,442.07845175266266,322.0209789276123,477.2158464193344,359.4289970397949,442.4725887775421,359.4328308105469
24,0.8143939196525516,True,151.5,145.6,175.4,176.7,174.1,169.5,18.2,12.9,455.33342802524567,228.57162952423096,435.90073692798615,227.17148780822754,448.94451928138733,256.2857437133789,433.8177102804184,250.71630477905273,431.0453128814697,276.5064525604248,421.21764385700226,266.0173988342285,460.41781091690063,284.1972541809082,443.77986335754395,284.0140628814697,467.8525596857071,321.9854736328125,442.05030274391174,321.99414253234863,478.3107054233551,359.144983291626,442.47798442840576,359.53001976013184
25,0.8483269996380746,True,147.3,141.7,175.2,176.4,173.8,169.4,16.0,13.2,455.499675154686,229.03674602508545,436.02687299251556,227.1361255645752,450.0897716283798,257.3601722717285,433.824938416481,250.54767608642578,430.7813332080841,277.694149017334,420.7973939180374,264.2075443267822,460.4828132390976,284.20334815979004,443.87026596069336,284.0821838378906,468.0430363416672,321.9256782531738,442.024800658226,322.20136642456055,478.819016456604,359.1075038909912,442.581214427948,359.5051860809326
26,0.8822600796235975,True,148.4,140.5,174.8,176.2,173.5,168.7,15.0,11.6,455.75026750564575,229.62129592895508,435.33388817310333,227.11496829986572,450.7104241847992,258.1141948699951,434.06855714321136,250.58046340942383,431.58365631103516,279.60448265075684,421.12367808818817,264.6521472930908,460.4724291563034,284.2991065979004,443.86558294296265,284.30291175842285,468.09592390060425,321.9915962219238,441.9892199039459,322.22331047058105,479.206179857254,359.2448329925537,442.59913206100464,359.42519187927246
27,0.9161931596091205,True,147.3,142.4,175.4,176.1,174.5,169.1,15.0,11.2,454.71659314632416,230.2047872543335,436.0842399597168,227.12961673736572,450.21763837337494,258.8766288757324,434.70066273212433,250.76685905456543,431.644739151001,279.788761138916,420.980413377285,266.56179428100586,460.48663091659546,284.2928981781006,443.9937551021576,284.31055068969727,468.211319565773,321.9715976715088,441.99629533290863,322.2063732147217,479.3459577560425,360.4243469238281,442.59022414684296,359.40842628479004
28,0.9501262395946435,True,147.8,144.1,176.9,175.7,173.3,168.9,15.6,11.2,455.1804664134979,230.93014240264893,435.8368035554886,227.7830171585083,450.12698125839233,259.71001625061035,434.5307506322861,251.21126174926758,431.8131750822067,279.92895126342773,421.1678358912468,267.66222953796387,460.5841598510742,285.1739501953125,443.9512516260147,285.6943130493164,468.9225274324417,323.1746006011963,441.89377796649933,322.8076171875,479.60571253299713,361.6839122772217,442.58956241607666,359.53396797180176
29,0.9840593195801665,True,150.0,145.8,177.5,175.7,172.7,168.4,16.6,11.4,455.12559366226196,231.92981243133545,435.37552630901337,227.75856971740723,449.6491607427597,260.7670211791992,434.14211106300354,251.4060401916504,432.07705295085907,281.1442565917969,420.71920788288116,269.0750026702881,460.65552496910095,286.34568214416504,444.0040373802185,286.43460273742676,469.4661647081375,324.083948135376,441.9041620492935,323.2590866088867,480.03431046009064,361.9160842895508,442.5928201675415,359.6803092956543
30,1.0179923995656894,True,150.4,144.5,179.5,174.6,171.9,167.3,16.7,10.8,455.17557978630066,233.2106065750122,435.68918669223785,228.54682445526123,449.8253847360611,261.8284606933594,434.6838140487671,252.86301612854004,432.5967661142349,282.2592258453369,421.24747264385223,270.14413833618164,461.031286239624,288.34550857543945,444.54640209674835,287.98839569091797,470.4655817747116,325.76937675476074,441.8762675523758,324.2464828491211,480.11203837394714,362.6993179321289,442.60330605506897,359.8916816711426
31,1.0519254795512125,True,157.7,145.5,179.5,172.9,174.1,164.9,20.4,12.0,454.82603323459625,233.8799285888672,435.9389137029648,228.58544826507568,448.3893780708313,262.15747833251953,434.7238233089447,253.26836585998535,433.24052834510803,283.7204647064209,421.38149857521057,270.76666831970215,462.13510406017303,289.1653347015381,445.6117377281189,288.41577529907227,470.97832131385803,326.07181549072266,441.88273215293884,324.64945793151855,480.23720729351044,363.30780029296875,442.6055966615677,359.89248275756836
32,1.0858585595367354,True,161.8,146.1,178.6,171.4,175.8,163.0,21.6,12.4,454.8117296695709,233.6180591583252,436.4644297361374,228.73894214630127,448.187397480011,261.71133041381836,435.2083629369736,254.65813636779785,434.53752064704895,284.0419006347656,421.589867413044,272.9319190979004,462.934627532959,288.89453887939453,446.6100858449936,288.27710151672363,471.2030552625656,325.8974075317383,441.98163545131683,324.3673610687256,480.5121818780899,363.2295799255371,442.7660918235779,359.7505187988281
33,1.1197916395222585,True,163.4,143.7,178.0,171.3,176.8,162.8,21.8,9.8,454.8951586484909,233.65512371063232,436.6818337440491,228.70668411254883,448.4969856739044,261.51134490966797,436.6568406820297,254.47460174560547,435.7328609228134,284.0079402923584,423.39430540800095,272.50722885131836,463.4756178855896,288.62317085266113,446.8595074415207,288.0619812011719,471.40574848651886,325.75398445129395,442.11774837970734,324.4461250305176,480.7402753829956,363.09167861938477,442.8943657875061,359.5177173614502
34,1.1537247195077813,True,164.1,143.0,179.0,170.9,176.8,162.2,20.9,9.3,455.8283517360687,233.6493730545044,436.8777060508728,228.822283744812,449.79957723617554,261.94055557250977,437.1912137269974,254.80731010437012,437.67493891716003,284.8106861114502,423.99887281656265,272.79184341430664,464.38061106204987,288.73775482177734,447.24539828300476,287.95180320739746,472.23275923728943,325.5475330352783,442.20346796512604,324.44804191589355,480.9079986810684,363.0509662628174,442.9650182723999,359.3068313598633
35,1.1876577994933044,True,163.0,143.1,179.9,171.1,176.1,162.2,20.1,8.8,457.17003631591797,233.45908641815186,437.139496922493,229.04179573059082,451.18524146080017,261.8652820587158,437.6851702928543,255.5536937713623,438.535239815712,284.79623794555664,424.60397469997406,273.77506256103516,465.0901391506195,288.68714332580566,447.46214056015015,287.73396492004395,472.95984864234924,325.48702239990234,442.4564018249512,324.00389671325684,481.1095720529556,363.1324768066406,443.07145512104034,359.21533584594727
36,1.2215908794788273,True,156.2,145.1,178.6,170.8,174.1,161.8,16.6,10.0,458.9569638967514,233.3283233642578,437.3249342441559,229.8912763595581,453.9989206790924,261.84971809387207,437.38647520542145,255.97063064575195,438.9681135416031,284.3818759918213,424.2739237546921,274.8602771759033,465.46946358680725,288.5768508911133,447.6431493759155,287.66544342041016,473.7353971004486,325.35701751708984,442.61445367336273,323.30626487731934,481.2724087238312,363.0812931060791,443.3289701938629,359.005708694458
37,1.2555239594643504,True,158.0,145.3,178.8,170.9,173.7,161.5,17.7,10.9,460.9802311658859,233.46065998077393,437.3676413297653,230.24731636047363,454.9834233522415,261.83916091918945,437.199001789093,256.5256118774414,439.72487902641296,284.5400619506836,423.82692462205887,275.5806541442871,466.603568315506,289.3861484527588,448.07749927043915,287.9861640930176,474.4464522600174,326.07922554016113,443.10958099365234,323.2072448730469,481.5228992700577,363.09863090515137,443.75003457069397,358.57558250427246
38,1.2894570394498732,True,158.6,144.0,178.5,171.8,173.2,162.0,17.8,10.5,462.08262372016907,233.4397029876709,437.39436507225037,230.80710411071777,455.7453808784485,261.83349609375,437.41513323783875,256.8625831604004,440.57393050193787,284.31833267211914,423.7315335869789,275.7469654083252,467.2617359161377,289.64086532592773,448.1825108528137,288.543119430542,475.01111221313477,325.9845542907715,443.633824467659,323.6054992675781,481.664102435112,361.9266414642334,444.121723651886,358.04102897644043
39,1.3233901194353963,True,154.7,143.5,176.7,173.3,172.8,162.3,16.7,12.0,462.6973206996918,233.1652593612671,437.86068165302277,232.72682189941406,456.9143537282944,261.89489364624023,437.34437894821167,257.55663871765137,440.2727921009064,284.2163944244385,423.21260941028595,275.86137771606445,468.00592851638794,290.13745307922363,448.6466895341873,289.2516231536865,476.05293095111847,326.4114189147949,444.42800319194794,323.9405822753906,481.7646346092224,361.69615745544434,444.3175450563431,358.0656051635742
40,1.3573231994209192,True,157.0,146.5,177.0,174.5,173.1,162.0,17.3,12.9,463.5285563468933,232.9088544845581,438.2567529678345,232.8616762161255,457.27784752845764,261.86290740966797,437.5483447313309,258.02035331726074,441.1585441827774,284.76651191711426,424.1691666841507,277.02996253967285,468.6223052740097,289.9980354309082,449.49950778484344,289.10762786865234,476.3797241449356,326.348819732666,445.4454905986786,323.7682914733887,482.0012288093567,361.7163276672363,444.7193683385849,358.15155029296875
41,1.3912562794064423,True,160.9,156.4,177.5,174.0,173.4,161.5,19.0,13.4,464.11062490940094,233.03893089294434,439.84388875961304,232.68017292022705,456.8290922641754,262.3011589050293,438.7796220779419,257.80131340026855,441.6642082929611,285.56379318237305,428.4691950082779,278.90427589416504,469.1372845172882,289.88831520080566,450.7354681491852,288.8550281524658,476.6337778568268,326.3386058807373,446.165606379509,323.58155250549316,482.3284801244736,361.81921005249023,445.27532398700714,358.16173553466797
42,1.4251893593919651,True,159.7,155.5,177.6,174.4,173.7,160.8,19.5,14.6,463.91602516174316,233.41569900512695,440.2354806661606,232.25157737731934,456.5881713628769,262.53896713256836,438.8029862642288,257.62292861938477,440.93172323703766,285.42420387268066,427.8090931177139,278.53185653686523,469.2577704191208,289.7929859161377,451.49742567539215,288.4948253631592,476.81061267852783,326.2847328186035,446.6761062145233,323.53540420532227,482.61638391017914,361.807165145874,445.3121773004532,358.16986083984375
43,1.4591224393774882,True,158.1,156.6,177.4,175.2,172.9,162.4,19.1,14.4,464.50068974494934,233.97704601287842,440.88983058929443,231.77299976348877,457.2030210494995,262.87774085998535,439.1451519727707,256.7735767364502,440.88759088516235,285.2790927886963,428.1802222728729,277.96780586242676,469.29996848106384,289.7216606140137,451.3215579986572,288.36642265319824,477.05698013305664,326.2013053894043,446.9031307697296,323.5183525085449,482.97977590560913,361.8241024017334,445.49262619018555,358.2060241699219
44,1.4930555193630113,True,156.7,156.9,178.1,176.6,173.4,163.3,18.6,12.0,464.4574736356735,234.60213661193848,441.5186275243759,230.08156299591064,457.7333219051361,263.00036430358887,440.5926625728607,255.51907539367676,441.2474197149277,285.1856517791748,431.9880756139755,273.8290214538574,469.4918704032898,289.59508895874023,451.70006799697876,288.0732250213623,477.1317048072815,326.11141204833984,447.50413501262665,323.5785484313965,483.34998881816864,361.8178653717041,445.453736782074,358.8688373565674
45,1.5269885993485341,True,157.4,158.7,178.7,177.5,173.1,164.2,18.8,13.1,465.07527565956116,234.80671405792236,441.9262536764145,229.4915771484375,457.96253526210785,263.0261421203613,440.36859035491943,255.09587287902832,441.4442082643509,285.11707305908203,431.29407274723053,274.74560737609863,469.50902450084686,289.56759452819824,451.8293091058731,287.90422439575195,476.9803720712662,326.1500930786133,447.9491744041443,323.5788917541504,483.4924136400223,362.0873737335205,445.6241579055786,359.071569442749
46,1.5609216793340572,True,156.7,159.5,179.1,177.0,173.2,165.0,18.1,14.1,465.11406326293945,235.06100177764893,442.8363370895386,229.05042171478271,458.31391429901123,263.47497940063477,440.4617416858673,254.88344192504883,441.8745368719101,285.5013084411621,430.5884132385254,275.3663921356201,469.54725217819214,289.5359230041504,452.0096561908722,287.80760765075684,476.9553281068802,326.1649417877197,448.14830446243286,323.5561180114746,483.6369254589081,362.1683979034424,446.19838750362396,359.06859397888184
47,1.59485475931958,True,157.0,159.2,179.7,178.0,173.1,166.1,18.2,14.4,465.7310508489609,235.0962495803833,443.93984949588776,229.377179145813,458.6640716791153,263.5107135772705,441.151570558548,255.04963874816895,442.154092669487,285.4657173156738,430.61060667037964,275.7275104522705,469.71818232536316,289.5985221862793,452.4278700351715,288.10132026672363,477.06593894958496,326.97566986083984,448.86058127880096,324.11147117614746,483.8934733867645,362.7201175689697,446.599192738533,359.10218238830566
48,1.6287878393051032,True,154.3,160.0,179.5,177.8,172.9,165.8,15.9,13.8,466.47249472141266,234.90663528442383,443.6221169233322,230.58752059936523,460.27055037021637,263.470401763916,441.31776678562164,256.0048770904541,443.1392570734024,285.4256057739258,431.63069009780884,276.57617568969727,469.9491263628006,289.61926460266113,452.43122959136963,288.44696044921875,477.2306081056595,328.0198574066162,448.98600471019745,324.22459602355957,484.1865692138672,362.87384033203125,446.93942415714264,359.2763900756836
49,1.662720919290626,True,156.8,158.5,179.2,177.4,173.2,165.7,16.7,12.5,466.7956738471985,234.29566383361816,443.8422187566757,230.6381893157959,460.2708557844162,262.5190258026123,442.1083823442459,256.067533493042,443.623134970665,285.2881336212158,432.2520043849945,276.81278228759766,470.3317085504532,289.57125663757324,452.621808052063,288.42241287231445,477.399502158165,327.8638172149658,449.06770300865173,324.37219619750977,484.37516248226166,362.8407955169678,447.24061346054077,359.1170310974121
50,1.6966539992761491,True,155.7,158.5,179.8,177.2,172.1,165.8,15.1,12.7,467.2732398509979,234.21742916107178,443.6197245121002,230.8549690246582,461.25154078006744,262.43785858154297,441.8980028629303,256.14160537719727,444.57307493686676,285.08145332336426,431.45181918144226,278.0979251861572,470.2455817461014,289.434871673584,452.5556858778,288.39245796203613,477.6971791982651,327.7610206604004,449.0200583934784,325.85572242736816,484.6418399810791,362.8564453125,447.53187680244446,359.2489814758301
51,1.730587079261672,True,156.6,158.6,179.6,177.2,171.5,166.3,15.3,13.1,467.588783621788,234.1686773300171,444.0040373802185,230.87016105651855,461.29979622364044,262.37314224243164,441.9261518716812,256.4695358276367,444.8465224504471,285.023889541626,431.4110972881317,277.94368743896484,470.2641611099243,289.4195079803467,452.50575065612793,288.3749198913574,477.90908575057983,327.71435737609863,449.0159353017807,325.883731842041,484.77693486213684,363.31400871276855,447.5091743469238,359.93021965026855
52,1.764520159247195,True,158.5,157.9,179.8,178.1,171.5,166.7,16.2,13.6,468.46135199069977,233.4344244003296,444.7285307645798,230.8910322189331,461.3771678209305,262.0928764343262,442.22576320171356,256.6965866088867,445.06270480155945,285.04122734069824,431.40061140060425,277.3814105987549,470.67585945129395,289.3264675140381,452.8804429769516,288.4432125091553,477.96390759944916,327.47523307800293,449.46402883529663,325.852746963501,484.99836015701294,363.7309455871582,447.4508911371231,360.1926612854004
53,1.798453239232718,True,160.0,154.8,179.6,178.5,171.3,166.7,16.4,12.6,468.50573885440826,232.96905040740967,444.7194701433182,230.89553833007812,461.1675009727478,261.9989490509033,442.70526349544525,256.7321491241455,445.5199098587036,285.00926971435547,431.27101397514343,276.82016372680664,470.7202972173691,289.3215751647949,452.95985066890717,288.6111259460449,478.0497798919678,327.2116756439209,449.62813806533813,325.74814796447754,485.427721619606,363.91101837158203,447.402228474617,360.51647186279297
54,1.832386319218241,True,159.6,147.8,179.5,178.8,171.1,167.4,16.4,8.0,468.2757110595703,232.93235778808594,445.15066409111023,230.35759449005127,461.0733824968338,262.0220375061035,444.9837552309036,256.5220642089844,445.28239941596985,285.20456314086914,434.03536880016327,273.6947822570801,470.70304131507874,289.3143367767334,452.95913803577423,288.5984230041504,478.2960455417633,326.98808670043945,449.72856843471527,325.9620666503906,485.9397485256195,363.41843605041504,447.44508826732635,361.0560607910156
55,1.8663193992037639,True,159.5,139.3,179.4,179.4,171.5,167.6,15.8,3.5,468.2503616809845,232.81763076782227,445.02844750881195,230.10498046875,461.4962284564972,262.0572280883789,446.96889662742615,255.97841262817383,446.1153657436371,285.26790618896484,438.632310628891,267.28955268859863,471.0530968904495,289.264497756958,453.0589575767517,288.6072063446045,478.5860872268677,326.79619789123535,450.0718539953232,325.9053039550781,486.2757041454315,363.1289577484131,447.6128624677658,361.3564395904541
56,1.900252479189287,True,157.8,142.0,179.9,178.3,171.3,168.2,15.4,2.2,468.1493204832077,232.63558387756348,447.59693002700806,230.17059803009033,461.7159230709076,262.03179359436035,449.3568284511566,255.9690284729004,445.8835563659668,285.03682136535645,440.1460452079773,269.5584011077881,471.1319955587387,289.25777435302734,453.8938581943512,288.6361312866211,478.9523297548294,326.8510150909424,450.2279715538025,325.8640480041504,486.6894385814667,363.7071418762207,447.80904018878937,361.51611328125
57,1.93418555917481,True,156.5,147.7,179.7,177.4,170.6,168.9,14.2,1.6,468.1121108531952,232.42642879486084,449.5546350479126,230.17391681671143,462.2000045776367,262.32739448547363,450.94035017490387,256.00839614868164,446.1612796783447,285.4723834991455,442.78965961933136,270.5661678314209,471.1233421564102,289.4614791870117,454.35920763015747,289.0751266479492,479.42363476753235,327.1608066558838,450.2463982105255,325.80811500549316,487.25786530971527,363.7803840637207,447.8790818452835,361.7903137207031
58,1.968118639160333,True,154.7,156.6,179.6,176.3,170.4,168.4,12.9,2.7,468.0629391670227,231.92822456359863,450.4770368337631,230.17686367034912,462.80100882053375,262.38987922668457,451.1773006916046,256.23719215393066,446.45137226581573,285.6694221496582,444.16712856292725,273.70545387268066,471.22402703762054,289.8514938354492,454.9144506454468,289.43604469299316,479.8343150615692,328.07347297668457,450.30228900909424,325.5673885345459,487.67307591438293,363.90767097473145,448.0565274953842,361.84264183044434
59,2.002051719145856,True,152.2,154.7,179.1,175.9,170.2,168.2,11.7,5.0,468.01356387138367,232.2313928604126,450.092978477478,229.9864912033081,463.35838973522186,263.5188961029053,449.8868238925934,256.2223434448242,446.5302709341049,286.4561462402344,442.2790070772171,272.02712059020996,471.26963555812836,290.02355575561523,454.86079955101013,289.61986541748047,480.1104094982147,328.1906032562256,450.27724504470825,325.5589485168457,487.9529880285263,364.5176696777344,448.267161488533,362.2203540802002
60,2.035984799131379,True,151.7,155.7,179.4,175.8,170.5,168.2,11.9,5.8,467.95685863494873,232.53427505493164,449.744500875473,228.6996603012085,463.23826014995575,264.42870140075684,449.2449450492859,255.70661544799805,446.4074944257736,286.995906829834,441.77329206466675,271.4755439758301,471.496609210968,290.06089210510254,454.78470051288605,289.5890235900879,480.30867421627045,328.2726001739502,450.3223445415497,325.497465133667,488.2337654829025,364.4795894622803,448.4893503189087,362.15094566345215
61,2.0699178791169017,True,152.1,158.1,179.6,176.1,170.9,168.4,12.3,6.1,467.9693806171417,233.02908897399902,449.48927640914917,228.7925148010254,463.1983526945114,264.6291446685791,448.97027587890625,255.69379806518555,446.3708447217941,287.3507022857666,442.07468497753143,271.9606018066406,471.6922779083252,290.1723575592041,454.7689207792282,289.5641040802002,480.35519897937775,328.2307434082031,450.56626868247986,325.4266548156738,488.30874466896057,364.34417724609375,448.8150236606598,361.9482421875
62,2.103850959102425,True,151.3,158.9,179.7,175.7,171.8,167.7,12.3,4.5,467.96128714084625,233.0313205718994,449.2147090435028,228.73666763305664,463.4547988176346,264.5521545410156,449.64096546173096,255.7950496673584,446.3656017780304,287.39699363708496,443.1988637447357,273.2695198059082,472.10361993312836,289.6497631072998,454.9757879972458,289.1203308105469,480.3060781955719,327.15210914611816,450.78087306022644,324.1105270385742,488.55266880989075,363.8855838775635,449.1093920469284,361.6615676879883
63,2.137784039087948,True,153.2,156.5,178.7,174.6,172.7,166.3,13.1,3.6,467.9658683538437,232.59346961975098,448.9965924024582,228.85085105895996,463.3361963033676,263.32820892333984,450.1988044977188,255.97332000732422,446.32650876045227,287.2976589202881,442.73219084739685,275.4199504852295,472.5130785703659,289.6407222747803,455.43752336502075,289.11818504333496,480.30175149440765,326.86031341552734,450.7750701904297,324.1432857513428,488.8274906873703,363.4677314758301,449.31717550754547,361.6381359100342
64,2.1717171190734708,True,153.6,156.5,178.2,174.1,173.5,165.9,13.8,3.4,468.10661339759827,232.5913381576538,448.8397113084793,228.89292240142822,463.2696669101715,263.2704734802246,450.2624833583832,256.0675048828125,445.99335277080536,287.5877380371094,442.71071004867554,276.21296882629395,472.90904808044434,289.48556900024414,455.55709302425385,288.8236713409424,480.3107612133026,326.2877082824707,450.7861669063568,324.1264343261719,488.96299278736115,363.2826805114746,449.6264582872391,361.22915267944336
65,2.2056501990589936,True,155.6,155.9,178.1,174.1,174.1,165.8,15.2,3.7,468.08818674087524,232.83465385437012,448.8751393556595,228.90878677368164,462.72872745990753,263.28675270080566,450.22298312187195,256.1626625061035,445.7420986890793,288.0974864959717,442.395929813385,276.22132301330566,473.2210795879364,289.42477226257324,455.6960564851761,288.62122535705566,480.42183017730713,326.2796688079834,450.91713869571686,324.1399669647217,489.0118590593338,363.70631217956543,449.77397334575653,361.210298538208
66,2.239583279044517,True,163.6,160.4,178.1,174.1,175.0,165.7,20.2,6.8,468.05204606056213,234.09055709838867,448.9223767518997,228.8348150253296,460.4763995409012,263.4675979614258,448.8067774772644,256.2239170074463,444.88648080825806,289.518985748291,442.2208765745163,274.5037364959717,473.63013100624084,289.45993423461914,455.8291152715683,288.6210536956787,480.6404049396515,326.27477645874023,450.9785269498825,324.52466011047363,489.1130529642105,363.9082145690918,449.8324601650238,361.20652198791504
67,2.27351635903004,True,166.2,163.2,178.3,174.0,175.2,165.9,21.6,7.8,467.8140774965286,234.05415058135986,448.8903591632843,228.27532768249512,459.677894115448,263.20218086242676,448.31521332263947,256.22477531433105,444.82891023159027,289.5384693145752,442.19496726989746,275.10074615478516,473.6433656215668,289.1927719116211,455.8328820466995,288.2467460632324,480.71462059020996,325.98578453063965,450.990132689476,325.28592109680176,489.16746759414673,363.7800121307373,450.0639132261276,361.1641502380371
68,2.3074494390155627,True,168.0,160.2,178.2,174.3,175.1,165.7,23.0,10.8,467.6523606777191,233.62421035766602,448.3298223018646,228.3266258239746,458.79875934123993,262.8380870819092,446.61293637752533,255.61875343322754,444.1645325422287,289.416561126709,437.7919125556946,276.0284614562988,473.6293674707413,289.00872230529785,455.7941962480545,287.57537841796875,480.7666428089142,325.5794048309326,450.98407530784607,326.19266510009766,489.38436257839203,363.3807563781738,450.10555136203766,361.14569664001465
69,2.3413825190010855,True,168.3,163.4,178.2,174.4,175.1,165.4,23.0,11.8,467.6508845090866,233.1846284866333,447.99788796901703,228.38603496551514,458.754576086998,262.63830184936523,445.9785910844803,255.43550491333008,444.1970591545105,289.4425964355469,437.7188676595688,277.1133613586426,473.6498302221298,288.876371383667,455.8198001384735,287.43661880493164,480.7912286520004,325.493745803833,451.00978100299835,326.1720085144043,489.40813398361206,363.4084224700928,450.0789803266525,361.1428642272949
70,2.375315598986609,True,169.5,165.2,178.2,174.6,175.4,165.2,23.3,13.0,467.34694647789,232.5480079650879,447.9841443300247,228.39815139770508,458.24260008335114,262.5103282928467,445.5121726989746,255.44148445129395,444.2064251899719,289.53864097595215,437.2857394218445,278.0208206176758,473.61078810691833,288.3295154571533,455.92236840724945,286.5736770629883,480.78221893310547,325.3180503845215,451.0519790649414,326.0408306121826,489.4107300043106,363.42859268188477,450.0594847202301,361.0411262512207
71,2.4092486789721317,True,174.8,165.6,178.0,173.8,175.6,164.0,26.1,13.7,467.3068354129791,233.00572872161865,448.02736043930054,228.42511653900146,456.8050663471222,262.53828048706055,445.45154798030853,255.2768039703369,444.2630286216736,289.693078994751,437.1300290822983,278.30615043640137,473.6536988019943,288.3355522155762,456.4275743961334,286.6456890106201,480.7915849685669,325.32071113586426,451.07457971572876,325.71990966796875,489.53757870197296,363.54503631591797,450.12952637672424,360.4618549346924
72,2.4431817589576545,True,178.4,166.8,178.0,172.7,176.2,163.5,29.7,15.2,466.8980894088745,233.61916065216064,448.9444683790207,228.4328269958496,454.8165144920349,262.6025104522705,445.578803896904,254.85986709594727,444.2412933111191,290.1620864868164,436.8306213617325,278.3543586730957,473.7059246301651,288.3586120605469,457.04191505908966,286.68145179748535,480.7878690958023,325.21233558654785,451.19241869449615,325.35292625427246,489.5341682434082,363.59232902526855,450.39136815071106,360.4043197631836
73,2.477114838943178,True,175.4,168.5,178.0,172.4,176.5,163.1,31.3,16.1,466.75403571128845,233.7278652191162,449.402640581131,228.44696044921875,453.94725477695465,262.4897575378418,445.55849385261536,254.8172378540039,444.2177255153656,290.07777214050293,436.93013548851013,278.8345241546631,473.74715554714203,288.30084800720215,457.4040344953537,286.61035537719727,480.77219116687775,325.1743412017822,451.4253988265991,324.244909286499,489.5277545452118,363.6268901824951,450.5293644666672,359.90086555480957
74,2.5110479189287007,True,175.0,170.4,177.7,171.7,177.1,163.3,31.9,17.1,466.4178764820099,233.3811092376709,450.6016458272934,228.46684455871582,453.5703227519989,261.94467544555664,445.94255220890045,255.1194190979004,443.80052971839905,290.0204086303711,437.54167652130127,278.77198219299316,473.86158406734467,288.2702922821045,457.9471118450165,286.6458320617676,480.7675590515137,325.1546859741211,451.65501940250397,324.07745361328125,489.5219007730484,363.5155963897705,450.8961669206619,359.6166801452637
75,2.5449809989142236,True,175.7,171.7,177.3,171.0,177.9,162.8,32.0,18.2,466.44129157066345,233.3355474472046,450.4730155467987,228.430495262146,453.7769354581833,261.7902660369873,445.3705623149872,255.24690628051758,443.7139447927475,289.96484756469727,437.1054941415787,279.14011001586914,474.1726484298706,288.27744483947754,458.06250751018524,286.6702079772949,480.7714785337448,325.1162052154541,451.66896665096283,323.84854316711426,489.5224606990814,363.4226703643799,451.19185876846313,359.1833209991455
76,2.5789140788997464,True,175.5,171.2,177.2,170.9,177.8,162.3,32.0,18.0,466.5972055196762,233.23987483978271,450.38627791404724,228.32689762115479,453.8401561975479,261.81469917297363,445.41372752189636,255.65709114074707,443.8849767446518,289.7743892669678,437.1438236236572,279.5584201812744,474.2310334444046,288.169641494751,458.24219286441803,286.65796279907227,480.78191351890564,324.882287979126,451.8034507036209,323.1642150878906,489.5197628736496,363.0252170562744,451.2585917711258,358.17529678344727
77,2.6128471588852697,True,176.4,171.2,177.3,170.5,177.9,162.2,27.0,16.8,466.6026520729065,233.18140983581543,450.5746166706085,228.1334924697876,456.739249587059,261.73436164855957,446.1257498264313,255.6610107421875,445.25959515571594,289.19363021850586,438.44906210899353,279.3800926208496,474.22721576690674,287.56768226623535,458.32994854450226,286.3619613647461,480.77203845977783,324.3618679046631,451.8552693128586,322.3907947540283,489.4857600927353,362.6535701751709,451.4376153945923,357.71135330200195
78,2.6467802388707926,True,173.9,173.7,177.4,169.4,177.1,161.7,24.6,15.3,467.40884375572205,232.7527141571045,450.49373281002045,228.14274787902832,458.37647330760956,261.5192127227783,446.7610113620758,255.86932182312012,446.71107614040375,288.30265045166016,440.918590426445,279.41039085388184,474.2881968021393,287.3294162750244,458.3157467842102,286.3820457458496,480.77152943611145,323.90350341796875,451.67980885505676,321.6178321838379,489.4156166315079,362.3727035522461,451.6485038995743,357.12361335754395
79,2.6807133188563155,True,172.1,170.1,177.6,169.2,176.3,161.3,23.5,15.7,468.5223330259323,232.10925579071045,450.1158845424652,228.17931175231934,459.505691409111,261.0568141937256,446.41100668907166,255.6163501739502,447.25349175930023,287.09827423095703,438.7104457616806,279.8561382293701,474.4648280143738,287.0863723754883,458.27059638500214,286.30571365356445,480.8657497167587,323.73948097229004,451.60325169563293,321.6371440887451,489.20121586322784,361.9265556335449,451.66871213912964,357.0440196990967
80,2.7146463988418383,True,170.8,169.3,177.6,166.0,176.2,159.7,20.6,14.2,469.1129022836685,231.75257205963135,450.1011737585068,228.3556365966797,461.41376662254333,260.90209007263184,447.1317332983017,255.81069946289062,450.1358382701874,286.2849998474121,439.82485127449036,279.8812007904053,474.6961792707443,286.8068504333496,458.2330813407898,286.09482765197754,480.9162448644638,323.71264457702637,450.66715717315674,320.9867477416992,488.98594975471497,361.6475772857666,451.7849222421646,357.0113754272461
81,2.7485794788273616,True,169.5,169.2,176.8,166.7,176.2,159.6,16.7,17.2,469.6985340118408,230.25743007659912,449.33779096603394,228.47620010375977,463.5348173379898,260.5330467224121,445.33640682697296,256.0982608795166,453.41415429115295,285.6309986114502,436.9186315536499,280.5128860473633,474.56368041038513,283.7790870666504,458.0436736345291,283.98359298706055,480.6126631498337,322.2026538848877,450.662474155426,320.32959938049316,488.89687061309814,360.65677642822266,451.797953248024,356.94087982177734
82,2.7825125588128845,True,166.1,173.3,176.1,166.5,175.9,158.0,13.0,20.2,470.54295337200165,230.44123649597168,447.485657453537,228.46020698547363,465.90976905822754,260.87817192077637,442.83109414577484,255.81499099731445,455.6379768848419,285.664701461792,435.28899228572845,281.43293380737305,474.57487893104553,283.0129623413086,457.66857409477234,283.0623149871826,480.3574386835098,321.7228031158447,450.4045009613037,319.11046028137207,488.8958525657654,360.64281463623047,451.8199939727783,356.84048652648926
83,2.8164456387984074,True,164.5,175.5,176.1,163.5,175.5,156.4,9.9,21.3,470.93912649154663,230.1779079437256,447.1910854578018,228.43627452850342,467.7159377336502,261.128511428833,442.1619316339493,255.81693649291992,457.8090646266937,286.30542755126953,435.24939024448395,281.75265312194824,474.59809041023254,282.79415130615234,457.632891535759,282.773494720459,480.30826699733734,321.2465000152588,449.32501447200775,319.506139755249,488.89381647109985,360.4892349243164,451.7869074344635,356.7762565612793
84,2.8503787187839302,True,164.2,173.0,176.3,165.0,175.6,157.7,6.6,18.7,470.92609548568726,229.58837985992432,446.5023764371872,227.98264503479004,469.5327959060669,261.03933334350586,442.6679011583328,255.23443222045898,461.17208218574524,286.3274574279785,435.5649849176407,281.6737174987793,474.63514733314514,282.2288703918457,456.7325304746628,282.2245502471924,480.26683247089386,320.4502487182617,449.4318585395813,317.6553153991699,488.80621349811554,360.4104423522949,451.72536647319794,356.46984100341797
85,2.8843117987694535,True,166.5,172.5,176.1,167.2,176.2,158.6,5.4,18.8,471.067095041275,228.83464336395264,446.363972902298,227.97029972076416,470.4057205915451,260.6620216369629,442.59607791900635,255.14599800109863,463.6868118047714,286.3755798339844,435.21498024463654,281.9905471801758,474.915415763855,281.6726016998291,456.70646846294403,281.7655277252197,480.31493520736694,320.34358978271484,450.0991885662079,317.3777389526367,488.7441635131836,360.46374320983887,451.68566262722015,356.3621234893799
86,2.9182448787549764,True,166.7,171.5,175.9,168.5,176.8,159.2,4.0,18.4,471.2444897890091,228.8701057434082,446.5237045288086,227.49837398529053,471.432879447937,260.55333137512207,442.82763278484344,255.08105278015137,465.4791350364685,286.38773918151855,435.0272014141083,282.07345962524414,475.22810900211334,281.3240146636963,456.7194994688034,281.24728202819824,480.3077070713043,319.73095893859863,450.37630105018616,316.8918228149414,488.7328631877899,360.5192184448242,451.3274117708206,356.3723659515381
87,2.9521779587404993,True,169.0,170.7,176.1,169.6,176.2,160.1,3.2,17.6,471.6591913700104,228.90190601348877,446.20235788822174,227.08818912506104,472.05164861679077,260.447473526001,442.7218576669693,254.66546058654785,467.3202736377716,286.4897060394287,434.6373401880264,282.0215892791748,475.2193537950516,281.22156143188477,456.1642564535141,281.130952835083,480.2962031364441,318.9682388305664,450.3884667158127,315.77977180480957,488.66414499282837,359.89405632019043,451.0150239467621,356.0748767852783
88,2.9861110387260226,True,170.4,173.8,175.2,170.5,176.7,160.2,2.2,19.8,471.85552179813385,228.40391635894775,445.8919552564621,227.0815944671631,472.7042678594589,260.1324462890625,441.49587416648865,254.67942237854004,468.95897352695465,286.5465831756592,434.03506338596344,281.99389457702637,475.2124819755554,280.49912452697754,456.03526985645294,280.3989315032959,479.91046500205994,318.61098289489746,450.5700863599777,314.6776485443115,488.55562114715576,359.8045349121094,450.91846215724945,355.53050994873047
89,3.0200441187115454,True,169.9,173.8,174.5,171.5,177.1,160.6,1.4,20.6,471.9637402296066,228.01533222198486,445.98643004894257,226.92815780639648,473.2009222507477,260.06529808044434,441.20965015888214,254.4649887084961,469.54017674922943,286.5827751159668,433.3148967027664,281.9557857513428,475.26827096939087,279.9604797363281,456.0656076669693,279.85021591186523,479.6062215566635,318.07339668273926,450.9089434146881,314.0296268463135,488.4221042394638,359.6147346496582,450.8558522462845,354.9584770202637
90,3.0539771986970683,True,168.7,173.6,173.9,172.2,177.7,160.8,1.1,21.0,471.89802527427673,227.73579597473145,445.93669843673706,226.95874214172363,473.3524076938629,259.9545478820801,441.03968715667725,254.47903633117676,469.2559379339218,286.6146755218506,432.87260603904724,282.0019054412842,475.2672529220581,279.4193458557129,456.0734466314316,279.5581340789795,479.1956430673599,316.840238571167,451.1385130882263,313.599214553833,488.2517340183258,359.1577434539795,450.7968055009842,354.5254611968994
91,3.087910278682591,True,168.6,173.6,174.0,172.4,177.8,160.8,1.5,20.9,471.7933700084686,227.83837795257568,445.9956942796707,226.91948890686035,473.07249557971954,259.971342086792,441.21178805828094,254.08384323120117,468.7901303768158,286.6442012786865,433.1255398988724,281.6003608703613,475.26389336586,279.7133445739746,456.1130995750427,279.6409034729004,479.2254718542099,317.2478771209717,451.12400591373444,313.683557510376,488.109054684639,359.11548614501953,450.624348282814,354.4058132171631
92,3.1218433586681145,True,167.7,172.9,174.2,172.6,177.9,160.7,2.2,20.4,471.6613292694092,227.87198066711426,446.036874294281,226.93493843078613,472.65820121765137,259.976749420166,441.45825731754303,254.10192489624023,467.70076882839203,286.66783332824707,433.24892723560333,281.54245376586914,475.25997388362885,279.7503662109375,456.1887913942337,279.76847648620605,479.2458328008652,317.5221347808838,451.17653715610504,313.80672454833984,487.93827724456787,358.9986991882324,450.46843433380127,354.0263843536377
93,3.1557764386536373,True,167.3,173.3,174.2,172.5,178.3,160.2,2.6,21.3,471.4049849510193,227.91953086853027,446.08426439762115,226.90732955932617,472.3452534675598,260.08031845092773,441.223037481308,253.82806777954102,467.1586586236954,286.69936180114746,432.85926961898804,281.21546745300293,475.26389336586,279.90331649780273,456.4347516298294,279.7949695587158,479.2648193836212,318.4376049041748,451.1660512685776,313.97226333618164,487.70509350299835,359.031286239624,450.25963282585144,353.9803218841553
94,3.18970951863916,True,171.0,175.3,174.2,171.2,179.1,159.4,5.8,23.0,470.721009850502,227.94652462005615,446.1068650484085,226.63970947265625,470.2703711986542,260.10403633117676,440.559423327446,253.12786102294922,465.65398466587067,286.86644554138184,432.4819812774658,280.27207374572754,475.190593957901,279.45176124572754,456.443252325058,279.1123580932617,479.17406046390533,318.46381187438965,450.6791192293167,313.63240242004395,487.5200124979019,358.96456718444824,450.2329090833664,353.69112968444824
95,3.223642598624683,True,169.3,176.2,173.0,171.2,179.4,159.1,9.5,24.0,469.776872754097,229.29924488067627,446.4794194698334,226.83218479156494,467.7887281179428,261.42909049987793,440.3294973373413,253.1993579864502,461.0649836063385,287.95294761657715,432.33156478405,279.53561782836914,475.0244995355606,279.5017719268799,456.5083564519882,279.2373847961426,478.66325521469116,318.4113121032715,450.54504239559174,312.7426528930664,487.44126653671265,358.6255073547363,449.65333473682404,353.6012363433838
96,3.2575756786102064,True,168.0,176.3,173.5,169.2,179.6,158.3,12.5,24.1,468.4804912805557,230.32034397125244,446.33098816871643,226.65737628936768,465.20456767082214,262.2293186187744,439.8895990848541,253.1627082824707,456.5609894990921,289.026460647583,431.6426012516022,279.48866844177246,474.32963132858276,280.2547073364258,456.12501072883606,279.6071720123291,478.51365315914154,318.4036159515381,449.4774670600891,312.9998588562012,487.39077138900757,357.6484966278076,449.125629901886,353.4476566314697
97,3.2915087585957292,True,167.2,174.1,173.9,168.2,179.5,157.3,14.2,23.0,468.06925106048584,230.24715900421143,446.0215017795563,226.6310977935791,464.07529866695404,262.02223777770996,440.24998784065247,252.99322128295898,454.52581107616425,288.3288288116455,431.82305014133453,278.527307510376,474.2045133113861,280.2835750579834,456.0114475488663,279.65131759643555,478.5309090614319,318.2298946380615,448.89244616031647,313.14348220825195,487.3332008123398,357.5673007965088,448.7271661758423,353.38231086730957
98,3.325441838581252,True,168.1,166.1,175.3,166.3,178.9,157.0,17.0,15.0,466.8814443349838,231.2087059020996,446.0359580516815,226.187481880188,461.5185236930847,261.95448875427246,443.67266297340393,251.5605640411377,451.2699429988861,287.5567817687988,434.7326294183731,277.17015266418457,473.1985298395157,282.1094226837158,455.4020953178406,281.0398292541504,478.6042593717575,319.8530387878418,447.7672493457794,313.24893951416016,487.1984622478485,357.65089988708496,447.9930522441864,353.42336654663086
99,3.3593749185667754,True,165.1,165.5,175.7,167.4,178.8,156.8,17.4,15.3,466.84535455703735,231.09003067016602,445.89948880672455,226.1995267868042,461.2418693304062,261.84133529663086,443.4475727081299,251.75082206726074,449.5114698410034,286.79320335388184,434.8177890777588,275.5375671386719,473.1421300172806,282.11371421813965,455.4505543708801,281.1577320098877,478.59845650196075,319.80488777160645,447.8271105289459,313.40938568115234,487.00829100608826,357.7261734008789,447.3644589185715,353.44056129455566
100,3.3933079985522983,True,160.3,164.1,176.1,169.3,177.7,158.0,17.0,12.8,467.0007085800171,230.96189975738525,445.7070778608322,226.22105598449707,461.19875502586365,261.7874336242676,444.3759300708771,252.25790977478027,446.85960924625397,286.2930965423584,436.4631062746048,275.48892974853516,472.74107027053833,282.341251373291,455.376287817955,281.8824863433838,478.4715059995651,320.1113033294678,447.89058578014374,316.6505813598633,486.85965609550476,357.81869888305664,446.9228299856186,353.9457893371582
101,3.427241078537821,True,157.8,174.2,176.1,170.1,177.4,157.9,18.2,12.8,467.1350908279419,231.54424667358398,445.49501860141754,225.97420692443848,460.6265106201172,261.9620990753174,444.1236070394516,252.71275520324707,444.09662878513336,286.19256019592285,440.8770031929016,273.84570121765137,472.6615607738495,282.8287696838379,455.2719888687134,282.2009468078613,478.5386971235275,321.2131977081299,447.7721359729767,316.7372989654541,486.76355242729187,357.8982925415039,446.23702239990234,354.18728828430176
102,3.461174158523344,True,158.0,165.3,176.7,171.0,175.9,159.7,18.0,8.5,467.13249480724335,231.5928554534912,445.50769329071045,225.45920848846436,460.3325494527817,261.9316577911377,445.7895905971527,251.8234920501709,444.4085075855255,285.0024890899658,440.8798028230667,271.3736629486084,471.9215930700302,282.8306293487549,454.56770372390747,282.1460151672363,478.29889607429504,321.17431640625,447.68692541122437,316.74073219299316,486.57806420326233,357.8975772857666,446.19355177879333,354.13052558898926
103,3.4951072385088673,True,159.8,159.4,178.1,171.3,173.3,162.0,19.0,6.0,467.03934347629547,231.5657901763916,446.1502847671509,224.88640308380127,459.13471496105194,261.2560558319092,446.9014000892639,251.45376205444336,443.48391699790955,283.55183601379395,440.4457074403763,270.2480220794678,470.70293951034546,282.91600227355957,453.84473741054535,282.2332763671875,478.0516632795334,321.3508129119873,447.4249818325043,317.2529697418213,486.2743297815323,357.82999992370605,446.3630566596985,353.4495449066162
104,3.52904031849439,True,155.8,158.0,176.8,170.1,173.7,162.0,17.9,5.6,466.9319394826889,231.5119171142578,446.173903465271,224.1213083267212,459.6622670888901,260.67898750305176,446.9313815832138,250.04316329956055,443.1552404165268,281.68264389038086,440.18702161312103,268.2473373413086,470.40404081344604,282.83692359924316,453.47869849205017,281.7132568359375,477.30095517635345,321.16275787353516,446.880988240242,316.536226272583,485.8829414844513,357.06421852111816,446.3706411123276,352.59538650512695
105,3.562973398479913,True,150.6,153.8,176.8,169.8,172.8,163.3,16.3,2.9,466.8302365541458,231.43881797790527,446.27153420448303,223.43632221221924,460.1296526193619,260.22974967956543,447.81046545505524,248.49406242370605,442.4725887775421,279.50082778930664,440.70683658123016,265.5098247528076,469.74454975128174,282.8808403015137,452.7943161725998,281.70870780944824,476.81544840335846,321.09612464904785,446.4410899877548,316.4769172668457,485.51878595352173,356.8355941772461,446.33170080184937,352.2824764251709
106,3.596906478465436,True,147.3,154.8,178.3,171.0,170.9,164.9,14.4,2.9,466.4504539966583,230.85086345672607,446.3526725769043,223.03100109100342,460.37892150878906,259.87229347229004,447.511261343956,249.01001930236816,442.3477761745453,278.2235813140869,440.54364359378815,265.68225860595703,468.7756232023239,282.8526306152344,451.9840523004532,281.7117691040039,476.6238009929657,321.0464286804199,446.10345458984375,316.4472770690918,484.96303391456604,356.3529396057129,445.7526354789734,352.21086502075195
107,3.630839558450959,True,144.4,172.5,178.5,169.3,170.9,164.9,12.2,0.5,465.13936173915863,230.33543586730957,447.14461159706116,222.1968126296997,460.50312328338623,259.3087577819824,449.0835336446762,248.36374282836914,442.4992616176605,277.5028896331787,448.02257561683655,267.218599319458,467.9828188419342,282.55574226379395,452.01774966716766,281.53438568115234,476.06519842147827,319.7428894042969,445.6641671657562,316.09811782836914,484.69538927078247,354.96328353881836,445.83458828926086,352.0601463317871
108,3.664772638436482,True,140.6,168.5,178.5,169.0,170.9,165.7,10.5,0.3,464.228514790535,228.80025386810303,447.7959073781967,222.1668291091919,460.51875030994415,258.958797454834,449.715944647789,248.67527961730957,442.248211145401,276.3691520690918,447.2549170255661,267.7134704589844,467.44549345970154,282.2637748718262,451.7694479227066,281.482515335083,475.48236632347107,318.44956398010254,445.432205080986,315.92230796813965,484.392418384552,354.1951847076416,445.78897976875305,351.9520568847656
109,3.698705718422005,True,137.9,161.7,176.8,168.5,171.5,165.8,9.1,2.0,464.52374851703644,228.0221128463745,446.82677721977234,222.34684467315674,461.3008142709732,258.55639457702637,449.64656472206116,248.80871772766113,442.26332914829254,275.5928421020508,445.640701174736,267.32279777526855,467.4470205307007,282.2622299194336,451.0738161802292,281.56325340270996,474.8514314889908,318.5206604003906,444.9885400533676,315.57077407836914,484.2683184146881,354.31640625,445.8272074460983,351.8771553039551
110,3.7326387984075278,True,135.6,158.6,175.8,168.1,171.9,165.9,7.8,1.6,464.6950349807739,227.71953105926514,446.2462866306305,222.4033784866333,462.0478574037552,258.2690620422363,448.84083116054535,248.36634635925293,441.94630920886993,275.5212593078613,445.1054627895355,261.65785789489746,467.426150560379,282.26391792297363,450.5406138896942,281.6587543487549,474.4015563726425,318.42799186706543,444.5919088125229,315.57148933410645,484.05722630023956,354.18402671813965,445.8201320171356,351.87798500061035
111,3.766571878393051,True,133.3,160.8,175.5,167.8,171.7,166.3,7.2,1.4,464.72969949245453,227.21783638000488,446.1922792196274,222.15867519378662,462.2702498435974,257.51529693603516,448.5551161766052,248.39006423950195,441.2538843154907,274.35547828674316,445.0434128046036,262.47084617614746,467.1714860200882,282.2068405151367,450.1230617761612,281.6721439361572,474.0954804420471,318.49559783935547,444.141982793808,315.7295322418213,483.88935029506683,354.36853408813477,445.56928515434265,351.88502311706543
112,3.800504958378574,True,131.5,163.6,175.4,168.0,171.5,166.9,6.9,1.1,464.41899144649506,227.16137409210205,446.18983590602875,221.70292854309082,462.0832345485687,257.22716331481934,448.2538250684738,248.33684921264648,440.0316675901413,273.8668441772461,445.0219829082489,263.6135959625244,466.7501162290573,282.1541118621826,449.69227504730225,281.65595054626465,473.7661930322647,318.5954761505127,443.71083974838257,316.2857437133789,483.7236121892929,354.48657989501953,445.10922956466675,352.087926864624
113,3.834438038364097,True,131.5,164.5,175.6,167.8,171.5,166.8,8.0,0.0,464.0798798799515,227.27216720581055,446.60804975032806,221.70932292938232,461.15956020355225,257.32380867004395,448.0731725692749,248.52519035339355,438.9642449617386,273.3908271789551,444.6458144187927,264.14809226989746,466.4238829612732,282.0328903198242,449.84360778331757,281.5060329437256,473.4969195127487,318.5420608520508,443.6207934617996,316.2692928314209,483.3855186700821,354.4471836090088,444.8878551721573,352.11602210998535
114,3.86837111834962,True,133.0,163.4,175.3,167.2,172.3,166.3,9.5,0.3,463.71684420108795,227.3682975769043,446.72507429122925,221.34411334991455,460.189004778862,257.54714012145996,448.03525030612946,248.17462921142578,438.6207557916641,273.38321685791016,444.2470452785492,263.62009048461914,466.37501668930054,281.6615867614746,449.9406785964966,280.968017578125,473.1439116001129,318.0546283721924,443.35818815231323,316.23281478881836,482.96287631988525,354.1863441467285,444.74064552783966,352.0312213897705
115,3.902304198335143,True,132.7,158.9,176.1,167.4,172.3,166.7,9.3,0.6,463.5383805036545,226.85664653778076,446.9011455774307,220.9228277206421,460.09427547454834,257.6399517059326,447.91043770313263,248.24360847473145,438.85516119003296,273.2643699645996,442.6693264245987,263.4419059753418,466.3085891008377,281.1566162109375,449.756462931633,280.64661026000977,473.12141275405884,317.51744270324707,443.21866476535797,315.67585945129395,482.6057962179184,354.23781394958496,444.5132646560669,351.9796943664551
116,3.936237278320666,True,132.8,160.6,176.2,167.5,172.7,167.4,9.8,1.7,463.08799636363983,226.66279792785645,447.7881702184677,220.17333984375,459.5081856250763,257.7325916290283,447.8759768009186,247.92016983032227,438.0130833387375,273.4827518463135,442.38758182525635,263.6494445800781,466.1963493824005,281.0571098327637,449.79453790187836,280.4769515991211,472.9636663198471,317.4862575531006,443.14027512073517,315.7228946685791,482.3422746658325,354.28284645080566,444.2567676305771,351.9861316680908
117,3.9701703583061887,True,132.4,162.2,176.7,168.2,172.1,168.4,9.7,2.2,463.3093707561493,226.2934112548828,447.74648118019104,220.32824993133545,459.58240127563477,257.561674118042,447.4073187112808,246.98533058166504,437.297905087471,273.4885311126709,442.3120936155319,262.2106647491455,466.0595238208771,281.1137580871582,449.33183538913727,280.6208896636963,473.0200661420822,317.6615238189697,443.0540465116501,315.99886894226074,482.25182116031647,354.3933963775635,444.13928496837616,351.996431350708
118,4.004103438291712,True,133.4,164.7,176.9,169.2,171.6,169.6,9.5,3.0,463.5470848083496,225.06600379943848,447.3938295841217,220.41822910308838,459.6362050771713,256.75395011901855,446.6008725166321,247.1242332458496,437.21396708488464,273.272008895874,441.39228785037994,264.16462898254395,466.00694167613983,281.1264896392822,448.7114373445511,280.7888603210449,473.0862901210785,317.900390625,442.9771330356598,316.35106086730957,482.19766104221344,354.54614639282227,444.0061752796173,351.9429874420166
119,4.038036518277234,True,134.8,161.4,177.6,170.3,170.9,170.7,9.4,2.2,463.5773208141327,224.52019214630127,446.3602570295334,220.4977512359619,459.5627020597458,256.2977600097656,445.9711084365845,249.21847343444824,437.53831696510315,273.2486629486084,439.9433010816574,266.3584899902344,465.72102308273315,281.13558769226074,447.8654400110245,281.1031723022461,473.05198192596436,317.91601181030273,442.97133016586304,316.25332832336426,482.02062261104584,354.65209007263184,444.04139971733093,351.4283752441406
120,4.071969598262758,True,135.5,158.9,177.7,169.9,170.7,170.4,9.4,3.3,463.5536003112793,224.2602825164795,446.1076794862747,220.55232524871826,459.38836145401,256.021671295166,445.24427354335785,249.50054168701172,437.3574608564377,273.230037689209,438.1711860895157,266.29998207092285,465.5068768262863,281.1464023590088,447.74831366539,281.19853019714355,472.8436894416809,317.89478302001953,442.8082389831543,316.15342140197754,481.7303264141083,354.66796875,444.0607935190201,350.89539527893066
121,4.105902678248281,True,136.5,161.3,178.7,170.7,169.3,171.1,8.6,4.8,463.44797790050507,223.37080478668213,445.2816867828369,220.58260917663574,459.4433869123459,255.1296615600586,443.6664528846741,250.08679389953613,437.53816425800323,273.08810234069824,437.13160705566406,266.3998031616211,464.8465713262558,281.15796089172363,447.01063656806946,281.477108001709,472.68523037433624,317.6543998718262,442.63114964962006,315.928373336792,481.5309418439865,354.68396186828613,443.8582020998001,350.8845520019531
122,4.1398357582338035,True,135.6,156.1,179.2,171.3,169.2,171.4,7.9,2.0,463.2849885225296,223.01287651062012,444.5764344930649,220.5221700668335,459.68420600891113,254.88155364990234,444.5195256471634,249.37213897705078,437.63564229011536,272.8127861022949,436.96520721912384,266.3481044769287,464.7242020368576,281.1668014526367,446.56432461738586,281.57873153686523,472.55766904354095,317.48934745788574,442.5096457004547,316.00871086120605,481.1487159729004,354.69191551208496,443.72651767730713,350.88449478149414
123,4.173768838219327,True,135.4,159.3,179.3,170.8,169.4,170.8,7.4,3.4,462.95259606838226,222.14474201202393,444.36671674251556,220.5644416809082,459.7166817188263,254.35492515563965,443.7032552957535,250.0041103363037,437.6790620088577,272.6327705383301,437.12560057640076,266.3163471221924,464.640722155571,281.1738967895508,446.6202663183212,281.62708282470703,472.4589184522629,317.363920211792,442.3560223579407,315.7026958465576,481.0025243759155,354.69411849975586,443.6179938316345,350.8644104003906
124,4.20770191820485,True,135.7,158.7,178.9,170.1,169.6,169.2,7.2,3.9,462.91380846500397,221.97667121887207,443.3215893507004,220.70021152496338,459.7512444257736,253.95472526550293,442.96160781383514,249.96803283691406,437.6759569644928,272.50107765197754,436.83881664276123,265.15666007995605,464.5411571264267,281.1316967010498,446.6901043653488,281.62304878234863,472.1919355392456,317.20264434814453,442.1518020629883,315.4569911956787,480.9031629562378,354.6925163269043,443.5327832698822,350.9220886230469
125,4.2416349981903725,True,135.3,157.5,178.2,170.1,170.2,168.1,7.0,3.3,462.5079129934311,221.42940044403076,442.75540232658386,220.9443998336792,459.575478553772,253.74052047729492,442.9956614971161,250.19868850708008,437.5763410329819,272.28240966796875,436.8437032699585,265.36648750305176,464.44286465644836,280.88871002197266,446.7880405187607,281.5385055541992,471.90326821804047,317.01292991638184,442.02261185646057,315.11884689331055,480.86300098896027,354.4036388397217,443.1359484195709,350.93796730041504
126,4.275568078175896,True,136.5,157.7,178.4,170.1,170.4,168.2,8.0,3.3,461.6702127456665,221.58682823181152,442.99667954444885,220.95065116882324,458.4503835439682,253.91178131103516,443.156054854393,250.16535758972168,437.2492424249649,272.2224426269531,436.9968684911728,265.3963851928711,464.0013884305954,280.6004333496094,446.82652270793915,281.328649520874,471.60767817497253,316.72136306762695,442.01874327659607,314.9772262573242,480.65796625614166,354.3818950653076,443.10108029842377,350.9458351135254
127,4.309501158161419,True,136.1,157.8,178.0,170.3,170.6,166.7,7.9,3.8,461.85559916496277,221.78767204284668,441.3500897884369,220.19837379455566,458.62212812900543,253.98802757263184,442.00499963760376,249.48492050170898,437.2929675579071,272.10479736328125,436.39026498794556,264.19575691223145,464.0530034303665,280.12667655944824,446.7484893798828,280.5849838256836,471.391241312027,316.122350692749,441.9497196674347,313.96677017211914,480.4944169521332,354.0670108795166,442.942214012146,350.79251289367676
128,4.3434342381469415,True,132.6,150.6,177.6,170.3,170.8,166.2,5.0,3.2,462.18992590904236,221.796612739563,440.96918737888336,220.06330490112305,460.44407653808594,253.97357940673828,442.1839723587036,249.4694995880127,438.3204827308655,272.20922470092773,435.05753922462463,263.41644287109375,464.09769570827484,279.79814529418945,446.7856990098953,280.07603645324707,471.04128754138947,315.2522563934326,441.90156602859497,313.734769821167,480.28016889095306,353.78525733947754,442.8317049741745,350.70688247680664
129,4.377367318132465,True,132.9,150.1,177.7,170.9,170.8,166.5,4.7,3.4,462.25441920757294,221.57529830932617,440.29793787002563,220.0958776473999,460.64300298690796,253.83038520812988,441.4849810600281,249.44466590881348,438.7848650217056,272.19380378723145,435.0410977602005,261.78162574768066,464.08359575271606,279.7301959991455,446.31770265102386,280.03174781799316,471.01222229003906,315.22573471069336,441.73811852931976,313.8018321990967,480.15097868442535,353.78342628479004,442.6162861585617,350.7179260253906
130,4.411300398117987,True,132.5,147.7,177.7,170.9,170.5,166.4,4.3,3.8,462.30216562747955,221.61240577697754,439.9362256526947,219.52154159545898,460.79922235012054,253.88574600219727,440.98181116580963,248.6605453491211,438.8589279651642,272.2100257873535,435.00796031951904,258.90981674194336,463.9141926765442,279.6687126159668,446.1194888353348,279.83330726623535,470.8869515657425,315.16794204711914,441.5872439146042,313.3072757720947,480.0735561847687,353.58046531677246,442.47289419174194,350.667085647583
131,4.4452334781035105,True,132.3,150.9,178.0,170.6,170.1,166.2,3.8,4.1,462.30924105644226,221.5861988067627,439.96310210227966,219.24742698669434,460.9781950712204,254.08367156982422,440.80747056007385,248.64858627319336,438.8981227874756,272.5755786895752,435.01997327804565,259.8047161102295,463.75374841690063,279.6752071380615,446.06797564029694,279.86340522766113,470.88567900657654,315.2479076385498,441.31924295425415,313.2977485656738,479.9142826795578,353.3715534210205,442.1729265451431,350.6854820251465
132,4.479166558089034,True,133.8,151.5,178.3,169.5,169.5,165.5,3.4,3.8,462.3446182012558,221.5162467956543,440.0361979007721,218.48095893859863,461.0773528814316,254.12160873413086,440.9967255592346,248.26715469360352,439.4704689979553,273.29615592956543,434.93649339675903,260.34796714782715,463.50860261917114,279.6848773956299,446.10961377620697,279.7006130218506,470.81757164001465,315.291109085083,441.0441665649414,312.4365234375,479.77959501743317,353.1206703186035,442.19562900066376,350.50389289855957
133,4.513099638074556,True,134.3,156.0,178.3,168.8,169.2,165.0,1.3,3.7,462.50786209106445,221.548433303833,440.0401682853699,218.41670036315918,462.2891855239868,254.14295196533203,441.0429449081421,248.4129238128662,441.4153975248337,274.27356719970703,434.9703434705734,263.3792495727539,463.44171690940857,279.9946975708008,446.1335378885269,279.87945556640625,470.82423985004425,315.66418647766113,440.99224615097046,311.04987144470215,479.74676299095154,353.08396339416504,442.26399087905884,350.2469730377197
134,4.54703271806008,True,140.0,153.8,177.6,167.9,169.0,164.7,0.1,1.8,462.6621471643448,221.52743339538574,440.2273362874985,218.1368350982666,463.0504813194275,254.1533660888672,442.2248978614807,249.32104110717773,445.16440773010254,275.98877906799316,435.2809497117996,266.03047370910645,463.2075660228729,280.2600288391113,446.1295166015625,279.9294948577881,470.7433559894562,317.0533847808838,440.7237870693207,311.200647354126,479.71052050590515,353.1010437011719,442.25813710689545,349.8267459869385
135,4.580965798045603,True,146.2,155.0,177.1,167.6,168.6,164.6,0.9,1.6,463.16027772426605,221.54412746429443,440.0944811105728,218.1208848953247,463.67220282554626,254.17193412780762,442.21201956272125,249.7159767150879,449.1663008928299,276.5566921234131,435.59399926662445,266.8298149108887,463.1500972509384,280.2660942077637,445.9705994129181,279.90654945373535,470.5668774843216,317.1962070465088,440.46459221839905,311.3935947418213,479.70293605327606,353.11975479125977,442.10695707798004,349.80886459350586
136,4.614898878031125,True,147.4,160.3,176.6,167.6,168.1,164.6,1.3,3.2,464.01961147785187,221.5689754486084,439.69673001766205,218.14849376678467,464.2845582962036,254.18681144714355,441.00171399116516,249.86088752746582,450.13996136188507,276.7100429534912,435.5087378025055,267.4907970428467,463.14505791664124,280.3047466278076,445.7087576389313,279.8843479156494,470.3578723669052,317.1710014343262,440.2107421159744,311.47504806518555,479.62602257728577,353.19454193115234,441.8995808362961,349.7970485687256
137,4.648831958016649,True,144.5,163.7,176.4,168.2,167.2,164.7,1.2,5.0,465.12699246406555,221.43283367156982,439.1334444284439,217.83804416656494,464.7058262825012,253.8614559173584,439.6075999736786,249.87459182739258,448.52411663532257,275.93896865844727,434.76653039455414,267.4152660369873,463.15747809410095,280.1937961578369,445.4249769449234,279.57990646362305,470.18689131736755,316.8724250793457,440.1042034626007,311.51232719421387,479.5803122520447,353.2279872894287,441.68996489048004,349.8106384277344
138,4.682765038002171,True,142.8,162.8,175.8,167.9,167.0,164.6,1.2,3.5,465.7013747692108,221.49544715881348,439.2638053894043,217.3095417022705,464.96593737602234,253.89304161071777,440.5394695997238,250.03884315490723,447.4983321428299,275.81628799438477,435.79704880714417,267.72534370422363,463.17972242832184,279.9544143676758,445.45103895664215,278.8653087615967,470.0257853269577,316.851282119751,439.8939257860184,311.5664005279541,479.5808721780777,353.23044776916504,441.538733959198,349.80234146118164
139,4.716698117987694,True,143.2,162.3,175.3,168.2,167.1,165.3,0.5,2.1,466.05387365818024,221.58169269561768,439.8156888484955,216.5157651901245,464.761004447937,254.2605972290039,441.5910106897354,248.55108261108398,447.24203872680664,275.83868980407715,436.74968659877777,267.29063987731934,463.27516436576843,279.52162742614746,445.4845327138901,277.80115127563477,470.0105655193329,317.01842308044434,439.88802111148834,311.61709785461426,479.594055891037,353.1342887878418,441.50656366348267,349.81184005737305
140,4.750631197973218,True,143.1,168.5,175.2,168.4,166.9,165.6,0.4,4.0,466.35557198524475,221.70504570007324,439.84139454364777,216.2089490890503,464.41593730449677,254.3437671661377,440.4810336828232,245.6029987335205,446.2343245744705,275.817232131958,436.6218707561493,266.9233703613281,463.2920639514923,279.2424201965332,445.4482902288437,277.20829010009766,470.01769185066223,317.09341049194336,439.90390264987946,311.6517734527588,479.6025056838989,353.1603813171387,441.51934015750885,350.0555419921875
141,4.78456427795874,True,143.5,162.8,175.0,168.6,166.9,166.5,0.9,1.1,466.7596858739853,221.70983791351318,440.6780767440796,216.18372917175293,464.32100439071655,254.49585914611816,442.45879423618317,245.73277473449707,445.93827641010284,275.86100578308105,437.28660476207733,266.7950248718262,463.4502685070038,278.93823623657227,445.45490753650665,276.8564701080322,470.02466547489166,317.15970039367676,439.9150502681732,311.689453125,479.58372271060944,353.47277641296387,441.53827583789825,350.33397674560547
142,4.818497357944263,True,143.7,160.8,175.1,168.9,166.7,167.0,1.3,0.1,467.08143973350525,221.6987943649292,440.95035350322723,215.73760986328125,464.2526425123215,254.84086990356445,443.2303214073181,246.15700721740723,445.79753136634827,275.94231605529785,437.7497144937515,266.7814636230469,463.47475254535675,278.7454032897949,445.46035408973694,276.6826343536377,470.0576502084732,317.331018447876,439.94253754615784,312.42015838623047,479.50747096538544,353.6759376525879,441.4983683824539,350.4232978820801
143,4.852430437929787,True,145.5,169.6,175.4,169.2,166.0,167.1,1.8,4.3,467.7463264465332,221.6995096206665,440.78334283828735,215.83364009857178,464.221337556839,254.891996383667,440.79199624061584,244.90736961364746,446.1842875480652,275.98036766052246,436.8002835512161,266.7045307159424,463.50432682037354,278.6498165130615,445.40716111660004,276.7423152923584,470.1425553560257,317.3326778411865,439.9604551792145,312.87543296813965,479.41523587703705,353.71493339538574,441.43122816085815,350.62671661376953
144,4.886363517915309,True,146.1,169.3,176.1,169.4,165.4,167.3,2.1,3.8,468.14020895957947,221.63615226745605,440.7998352050781,215.59906482696533,464.2000094652176,254.87749099731445,441.0398907661438,245.16328811645508,446.08034491539,275.9574794769287,437.1412785053253,266.83201789855957,463.53196680545807,278.51426124572754,445.3893961906433,276.66918754577637,470.3819491863251,317.3788261413574,439.9967485666275,313.31348419189453,479.4170174598694,353.8986396789551,441.42710506916046,350.9099292755127
145,4.920296597900832,True,146.5,169.6,177.1,169.8,164.8,167.6,2.6,4.2,468.452036857605,221.6235065460205,440.8455455303192,215.60677528381348,464.17130053043365,254.87380027770996,440.8869800567627,245.5334758758545,445.9513074159622,275.9575939178467,437.0321947336197,266.80026054382324,463.6968904733658,278.52773666381836,445.37850308418274,276.7229747772217,470.9869747161865,318.06100845336914,440.09946954250336,313.70753288269043,479.50991427898407,353.8655662536621,441.4311772584915,351.03501319885254
146,4.954229677886356,True,147.0,169.2,177.5,169.9,164.4,167.9,2.9,4.3,468.64409148693085,221.6028928756714,441.07379174232483,215.252423286438,464.1781723499298,254.8597526550293,440.9308578968048,245.68528175354004,445.9634221792221,276.0720634460449,437.0628888607025,265.5020999908447,463.8744888305664,278.5378932952881,445.3876655101776,276.73444747924805,471.40320336818695,318.0849266052246,440.1135185956955,314.0247917175293,479.7300161123276,353.42259407043457,441.4441064596176,351.0447120666504
147,4.988162757871878,True,147.4,168.3,177.6,170.0,164.4,168.0,3.1,3.9,468.80244874954224,221.45733833312988,441.0917602777481,215.05286693572998,464.1753727197647,254.82115745544434,441.1558463573456,245.82770347595215,445.90213572978973,276.2497329711914,437.15787267684937,265.39907455444336,464.0501528978348,278.5492515563965,445.3899052143097,276.75902366638184,471.65980219841003,318.1319046020508,440.15520763397217,314.09605979919434,479.9652359485626,353.42156410217285,441.48935866355896,351.0599899291992
148,5.022095837857401,True,148.2,171.1,177.0,170.2,164.2,168.0,3.1,4.8,469.09722435474396,221.37023448944092,440.8564895391464,214.81038093566895,464.3759789466858,254.86464500427246,440.5699601173401,243.8283348083496,445.85550916194916,277.0876407623291,436.9639346599579,265.4007053375244,464.16677021980286,278.45057487487793,445.39224672317505,276.65966033935547,471.76328670978546,318.1729316711426,440.2929494380951,314.0917110443115,480.43557381629944,353.46330642700195,441.58770203590393,351.0589599609375
149,5.056028917842924,True,146.9,170.4,176.8,170.7,164.2,168.2,3.2,4.8,469.3206857442856,221.24613761901855,440.6093076467514,214.87089157104492,464.47070825099945,254.85560417175293,440.40778517723083,243.79036903381348,444.96084916591644,277.0264720916748,436.6476273536682,265.1309108734131,464.2746832370758,278.41278076171875,445.3725475072861,276.6419792175293,471.86738204956055,318.2776737213135,440.52964544296265,314.08244132995605,480.6618857383728,353.4927463531494,441.7749718427658,351.0575008392334
150,5.089961997828447,True,146.5,171.0,176.5,171.2,164.2,168.5,3.3,5.1,469.4144479036331,221.20169162750244,440.3795852661133,214.89249229431152,464.4746277332306,254.80525016784668,440.13800263404846,243.2512092590332,444.602445602417,276.9775199890137,436.493749499321,264.94717597961426,464.32807981967926,278.33032608032227,445.3031675815582,276.5581798553467,471.8915606737137,318.2826519012451,440.714319229126,314.0156364440918,480.7938755750656,353.4872817993164,441.8874660730362,351.0458564758301
151,5.1238950778139705,True,145.9,169.5,176.2,171.3,164.6,168.5,3.3,4.2,469.33890879154205,221.1793327331543,440.45685505867004,214.91538047790527,464.46750140190125,254.97499465942383,440.62508738040924,243.77680778503418,444.3941022157669,277.0668697357178,436.82084810733795,264.96557235717773,464.4509072303772,278.3375930786133,445.3599237203598,276.5792942047119,471.9044898748398,318.3687400817871,440.8005987405777,314.0174388885498,480.8791879415512,353.40296745300293,441.95338463783264,351.07014656066895
152,5.157828157799493,True,145.9,169.5,175.7,171.2,165.2,168.0,3.5,4.4,469.3002738952637,221.1429262161255,440.4497287273407,214.87499713897705,464.46042597293854,255.21989822387695,440.62457835674286,243.7576961517334,444.3865177631378,277.36647605895996,436.791019320488,265.06442070007324,464.6864324808121,278.3437156677246,445.5909695625305,276.5878486633301,471.9101400375366,318.413028717041,440.89985835552216,313.60888481140137,480.93365347385406,353.33950996398926,441.9112374782562,350.4412651062012
153,5.191761237785016,True,145.3,168.9,175.5,171.2,165.3,167.9,3.4,4.4,469.26250433921814,221.05547904968262,440.481339097023,214.65054988861084,464.49259626865387,255.452299118042,440.67186665534973,244.13326263427734,444.3887574672699,277.32996940612793,436.73792815208435,264.94751930236816,464.7421705722809,278.34949493408203,445.6678830385208,276.5999507904053,471.90779852867126,318.4098529815674,440.9251059293747,313.36395263671875,481.0166243314743,353.1855583190918,441.8519871234894,350.1716423034668
154,5.2256943177705395,True,145.1,168.3,175.2,171.4,165.7,167.4,3.4,4.9,469.23237013816833,220.69929599761963,440.545068860054,214.5488405227661,464.5571404695511,255.3911018371582,440.5823802947998,243.80942344665527,444.43217718601227,277.3019313812256,436.3207323551178,264.5973873138428,464.8889729976654,278.3528137207031,445.9412796497345,276.60807609558105,471.9109035730362,318.3994674682617,441.0486968755722,313.36100578308105,481.06055307388306,353.06379318237305,441.7212698459625,350.0650691986084
155,5.259627397756062,True,145.3,169.0,175.1,171.5,165.8,167.5,3.4,6.2,469.21160197257996,220.36788940429688,440.57871532440186,214.36158657073975,464.57831585407257,255.04915237426758,439.9765912294388,242.72400856018066,444.42881762981415,277.1935844421387,435.76492941379547,262.22302436828613,464.91131913661957,278.35638999938965,446.00144624710083,276.61585807800293,471.94205582141876,318.3958911895752,441.12459230422974,313.4970760345459,481.1063143014908,352.8589153289795,441.7212698459625,350.00850677490234
156,5.293560477741585,True,146.4,168.9,175.2,171.7,165.7,167.7,3.7,6.9,469.1923099756241,220.03849983215332,440.56176483631134,214.2711353302002,464.432226061821,254.49563026428223,439.590802192688,242.58341789245605,444.4220985174179,277.12552070617676,434.7874003648758,263.2090187072754,464.9160021543503,278.43626976013184,445.97344994544983,276.87801361083984,472.0659521818161,318.50037574768066,441.1733567714691,313.8062381744385,481.20491218566895,352.84626960754395,441.7151106595993,349.99752044677734
157,5.3274935577271085,True,147.2,169.2,175.2,171.9,165.7,167.8,3.7,7.1,469.1410003900528,219.70613479614258,440.5398768186569,214.24042224884033,464.4298845529556,253.97380828857422,439.4456286430359,242.53543853759766,444.5471656322479,277.11533546447754,434.41978347301483,264.3269920349121,464.91584944725037,278.50945472717285,445.9680542945862,277.1688652038574,472.14362919330597,318.52609634399414,441.212907910347,314.32225227355957,481.3348150253296,352.6220226287842,441.74091815948486,350.00370025634766
158,5.361426637712631,True,147.7,171.4,175.1,172.2,165.6,168.0,3.8,7.9,469.07294392585754,219.62342262268066,440.4096176624298,214.2491054534912,464.3736883401871,253.71946334838867,438.953351855278,242.6528835296631,444.6491230726242,277.1063232421875,434.5301398038864,264.3423271179199,464.9137624502182,278.5206127166748,445.8794332742691,277.16909408569336,472.2392747402191,318.52452278137207,441.25856733322144,314.72805976867676,481.4789196252823,352.33901023864746,441.73598062992096,350.0196647644043
159,5.395359717698154,True,148.0,172.1,174.8,172.6,165.6,168.3,3.9,8.2,469.03777039051056,219.5942258834839,440.3093909025192,214.18350219726562,464.3268072605133,253.5769557952881,438.71238005161285,242.1778392791748,444.6699421405792,277.0938491821289,434.3374743461609,264.4039249420166,464.91727471351624,278.5106563568115,445.7767632007599,277.0749092102051,472.2685436010361,318.4983158111572,441.310538649559,314.77503776550293,481.71001636981964,352.3202705383301,441.72931241989136,350.0255298614502
160,5.429292797683677,True,148.3,173.6,174.5,172.9,165.9,168.2,4.0,8.3,468.9775528907776,219.59607124328613,439.98575365543365,214.03221130371094,464.3234986066818,253.4666347503662,438.4764475822449,242.1822738647461,444.8097709417343,277.09041595458984,434.7811393737793,264.41588401794434,465.0324158668518,278.3682346343994,445.7395535707474,276.7561912536621,472.2727175951004,318.44982147216797,441.4114271402359,314.6762180328369,481.7767493724823,352.2279739379883,441.7949764728546,349.6756839752197
161,5.4632258776692,True,148.3,173.1,174.4,173.4,166.0,168.4,4.0,7.6,468.9672706127167,219.6027946472168,439.06269013881683,214.03847694396973,464.31830656528473,253.48915100097656,438.17434203624725,242.23211288452148,444.8790490627289,277.08606719970703,434.80521619319916,264.25389289855957,465.0733413696289,278.2244682312012,445.39346837997437,276.4833354949951,472.3293719291687,318.49167823791504,441.52560114860535,314.35458183288574,481.7879478931427,351.95302963256836,442.0183869600296,349.6010684967041
162,5.497158957654723,True,148.2,170.7,174.1,173.3,166.2,168.4,4.1,6.5,468.9398342370987,219.61013317108154,438.9611908197403,214.15653705596924,464.30527555942535,253.6648178100586,438.67104732990265,242.44325637817383,444.8761476278305,277.164831161499,434.91236567497253,263.9614963531494,465.16776525974274,278.10301780700684,445.38608753681183,276.3167953491211,472.32728493213654,318.41548919677734,441.6675169467926,313.2604122161865,481.80428755283356,351.5647602081299,442.24011766910553,349.4524669647217
163,5.531092037640246,True,148.1,170.3,173.8,173.5,166.4,168.5,4.1,6.4,468.8633279800415,219.60416793823242,438.9530464410782,214.1622018814087,464.2858817577362,253.6841869354248,438.72449481487274,242.57400512695312,444.9070453643799,277.18920707702637,434.93237030506134,263.8062858581543,465.20711278915405,278.065881729126,445.3906178474426,276.29940032958984,472.32850658893585,318.4146022796631,441.75425457954407,313.27683448791504,481.8951482772827,351.30995750427246,442.32731342315674,349.36065673828125
164,5.565025117625769,True,148.0,169.4,173.3,173.5,166.6,168.5,4.1,6.0,468.8341609239578,219.60635662078857,438.98526763916016,214.1654920578003,464.2544240951538,253.7230110168457,438.92739164829254,242.64169692993164,444.9021587371826,277.1004295349121,434.947895526886,263.64858627319336,465.2418282032013,277.9318428039551,445.39275574684143,276.06534004211426,472.31639182567596,318.3833599090576,441.80113565921783,313.05707931518555,482.0039266347885,350.9074115753174,442.4312560558319,349.1857624053955
165,5.598958197611292,True,147.8,166.6,173.2,173.3,166.7,168.4,4.2,5.7,468.77821922302246,219.59755897521973,439.0054249763489,214.17627811431885,464.23940789699554,253.7296485900879,439.12911772727966,242.8195095062256,444.90164971351624,276.9769763946533,434.1450124979019,264.22791481018066,465.3032673597336,277.7731704711914,445.47063636779785,275.91273307800293,472.37340247631073,318.3731460571289,441.82556879520416,313.0044937133789,482.07544445991516,350.7096862792969,442.51611030101776,349.20209884643555
166,5.632891277596815,True,147.6,165.9,173.3,173.2,166.7,168.3,4.2,5.3,468.76844596862793,219.54480171203613,439.0202375650406,214.37683582305908,464.2396115064621,253.6295986175537,439.3808299303055,242.96605110168457,444.9200254678726,276.7064952850342,434.085914850235,265.1622676849365,465.3134478330612,277.77743339538574,445.523371219635,275.94451904296875,472.414582490921,318.2662868499756,441.83875250816345,312.9701614379883,482.1049678325653,350.73572158813477,442.5341806411743,349.3814277648926
167,5.666824357582338,True,147.7,165.4,173.3,173.1,166.6,168.1,4.2,5.3,468.7670716047287,219.39527034759521,439.0249205827713,214.38775062561035,464.2507082223892,253.2747745513916,439.43519365787506,242.9736328125,445.0019782781601,276.32314682006836,433.90271723270416,265.53091049194336,465.3166037797928,277.778377532959,445.6069529056549,275.95510482788086,472.4273589849472,318.1761360168457,441.8519871234894,312.9814624786377,482.2030566930771,350.70908546447754,442.54344487190247,349.52219009399414
168,5.7007574375678605,True,147.0,167.4,173.2,173.3,166.5,168.3,4.2,5.4,468.7865672111511,219.39804553985596,439.0379515886307,214.33529376983643,464.25075912475586,253.2631015777588,439.4093861579895,242.98124313354492,445.00218188762665,275.6718921661377,434.85224997997284,264.61904525756836,465.2975662946701,277.77697563171387,445.62288534641266,275.95038414001465,472.46232891082764,318.12915802001953,441.9524174928665,313.08348655700684,482.3310761451721,350.7191562652588,442.6204092502594,349.61809158325195
169,5.734690517553384,True,146.0,169.2,173.0,172.8,166.4,168.1,3.8,5.2,468.8551836013794,219.39996242523193,439.5367947816849,214.37657833099365,464.5092922449112,253.27282905578613,439.8811492919922,242.99798011779785,445.01806342601776,275.4528522491455,436.1030738353729,264.27927017211914,465.3157893419266,277.7813243865967,445.8698127269745,275.96400260925293,472.5009129047394,318.1332492828369,441.978937625885,313.0755043029785,482.4984940290451,350.7374382019043,442.78151524066925,349.66967582702637
170,5.768623597538907,True,145.3,166.8,172.9,172.0,166.4,168.4,3.6,3.9,468.85380923748016,219.3263339996338,440.8123062849045,214.39165592193604,464.66266107559204,253.28255653381348,441.3559435606003,244.06259536743164,445.0079847574234,275.30070304870605,437.0342308282852,264.0618324279785,465.3235265016556,277.7622413635254,446.1207104921341,275.96829414367676,472.5535968542099,318.0868434906006,441.9803628921509,311.52417182922363,482.70317244529724,350.73248863220215,442.8723759651184,349.3165969848633
171,5.8025566775244295,True,144.9,166.0,172.8,171.7,166.4,168.5,3.3,3.2,468.85136592388153,219.18415546417236,441.4596825838089,214.54609394073486,464.83170783519745,253.26971054077148,442.21110332012177,245.08935928344727,445.11818838119507,275.2793025970459,437.92436051368713,264.21658515930176,465.3485195636749,277.712345123291,446.3938525915146,276.0011672973633,472.5667805671692,317.90453910827637,442.05121898651123,311.58116340637207,482.8749679327011,350.7395267486572,442.9024592638016,349.32031631469727
172,5.836489757509953,True,144.6,167.0,172.7,171.7,166.5,168.2,3.2,3.9,468.8780896663666,219.12404537200928,441.50615644454956,214.4890594482422,464.93020391464233,253.29442977905273,441.9065035581589,243.61209869384766,445.1752499341965,275.27835845947266,437.7049204111099,262.9574203491211,465.41693234443665,277.5132179260254,446.5922191143036,275.93204498291016,472.59391152858734,317.69662857055664,442.14243602752686,311.65409088134766,482.9785033464432,350.74316024780273,442.9111635684967,349.3297863006592
173,5.870422837495476,True,144.6,166.3,172.7,172.3,166.4,168.4,3.2,4.1,468.9324024915695,218.99771690368652,441.46319484710693,214.41583156585693,464.9871127605438,253.2201862335205,441.8135049343109,243.9085578918457,445.19306576251984,275.1987934112549,437.5536894798279,262.3235893249512,465.4812729358673,277.29174613952637,446.62321865558624,275.78661918640137,472.7250360250473,317.63983726501465,442.33530509471893,311.9846820831299,483.1953983306885,350.9549045562744,442.9665962457657,349.5182418823242
174,5.9043559174809985,True,144.9,168.7,173.3,172.2,166.2,168.5,3.5,5.0,469.170371055603,218.9999485015869,441.4133105278015,214.3967628479004,464.9997365474701,253.20934295654297,441.38495790958405,243.59041213989258,445.2808723449707,275.09053230285645,437.4845640659332,263.0981254577637,465.6807084083557,277.2664260864258,446.7424829006195,275.7908535003662,473.0609407424927,317.61866569519043,442.5387109518051,312.584810256958,483.35304296016693,351.2457847595215,443.36663794517517,349.6771430969238
175,5.938288997466522,True,146.1,169.1,173.8,172.5,166.0,168.6,3.7,5.1,469.33834886550903,218.9880609512329,441.3751337528229,214.3881368637085,465.0652987957001,253.1492042541504,441.32484221458435,243.14151763916016,445.97736942768097,275.0895309448242,437.4074469804764,263.36294174194336,465.84832990169525,277.24602699279785,446.7960830926895,275.77880859375,473.35871958732605,317.6572322845459,442.6888220310211,312.91966438293457,483.4652826786041,351.3272953033447,443.4814227819443,349.69937324523926
176,5.972222077452045,True,146.4,170.2,173.8,172.4,166.1,168.6,3.7,5.2,469.4781267642975,218.91355991363525,441.3863322734833,214.35361862182617,465.2224853038788,253.13281059265137,441.3572670221329,242.83979415893555,446.3249307870865,275.0943374633789,437.7729768753052,263.52956771850586,465.99472510814667,277.106409072876,446.87640702724457,275.67392349243164,473.47151923179626,317.6126289367676,442.7872163057327,313.0356502532959,483.5688180923462,351.3379096984863,443.66014099121094,349.70043182373047
177,6.006155157437568,True,147.8,172.4,174.0,172.1,166.2,168.6,3.8,6.2,469.46769177913666,218.58942031860352,441.3733012676239,214.30535316467285,465.2615783214569,252.48867988586426,440.90891897678375,242.0500087738037,446.8527374267578,274.96230125427246,437.6889879703522,263.54381561279297,466.1041142940521,277.0411777496338,446.95932698249817,275.7846736907959,473.6186270713806,317.591028213501,442.84320890903473,313.5310935974121,483.63193702697754,351.3472652435303,443.89439368247986,349.7182846069336
178,6.040088237423091,True,148.3,173.1,173.7,172.8,166.9,168.7,4.2,6.6,469.53249049186707,218.413667678833,441.4695576429367,214.28887367248535,465.2554191350937,252.35695838928223,440.84956681728363,241.76573753356934,447.0535981655121,274.9416160583496,437.71479547023773,263.6363697052002,466.4677608013153,276.9990348815918,447.2320109605789,275.7964897155762,473.6844947338104,317.58928298950195,443.2123019695282,314.2856025695801,483.7036075592041,351.580753326416,443.9687111377716,349.7058391571045
179,6.074021317408613,True,148.2,173.7,173.9,173.0,166.9,169.0,4.2,7.0,469.5294363498688,218.33945274353027,441.6777483224869,214.24962043762207,465.254248380661,252.37446784973145,440.83399069309235,241.66757583618164,447.03272819519043,274.94587898254395,437.70466589927673,263.6472988128662,466.5298616886139,276.9956302642822,447.28953063488007,275.8380603790283,473.8036062717438,317.6489067077637,443.35874807834625,314.77349281311035,483.70783245563507,351.608190536499,444.09698510169983,349.6751403808594
180,6.107954397394137,True,148.1,173.6,174.1,173.1,167.2,169.0,4.4,7.4,469.57514667510986,218.2760524749756,441.91072845458984,214.23913478851318,465.32535898685455,252.3519802093506,440.8312419652939,241.41629219055176,447.06220066547394,274.87807273864746,437.47377276420593,263.49924087524414,466.77724719047546,276.930570602417,447.47588419914246,275.74902534484863,474.01194965839386,317.6446723937988,443.5267767906189,314.73352432250977,483.8020018339157,351.7690086364746,444.2082576751709,349.61706161499023
181,6.14188747737966,True,147.9,166.2,174.4,173.4,167.0,169.4,4.3,4.5,469.6989412307739,218.19899082183838,442.0434818267822,213.92898559570312,465.4459466934204,252.35149383544922,442.3376975059509,243.40295791625977,447.14939641952515,274.79493141174316,437.6102420091629,263.443078994751,466.8423513174057,276.87363624572754,447.49817943573,275.6356716156006,474.14882612228394,317.57569313049316,443.7302335500717,314.6422004699707,483.8546348810196,351.8375873565674,444.3739448785782,349.5626163482666
182,6.175820557365182,True,147.4,162.7,174.5,173.4,167.0,169.8,4.0,2.7,469.7579370737076,218.1915807723999,442.42983078956604,213.67318153381348,465.73619198799133,252.3588752746582,443.4989331960678,243.9756202697754,447.40614795684814,274.75170135498047,438.17831242084503,263.4108066558838,466.9320921897888,276.8931770324707,447.5796232223511,275.5450630187988,474.2980718612671,317.5774669647217,443.85774397850037,314.6351909637451,483.9487533569336,351.8449401855469,444.54039561748505,349.40282821655273
183,6.209753637350706,True,147.3,163.2,174.8,173.8,166.6,170.1,3.9,2.4,469.9614956378937,218.19358348846436,442.52369475364685,213.53575229644775,465.88243448734283,252.3680591583252,443.75252878665924,244.42477226257324,447.60410726070404,274.5230484008789,438.8498673439026,263.32162857055664,466.9300560951233,276.890344619751,447.57570374011993,275.3001594543457,474.39387011528015,317.4766731262207,443.972732424736,314.3492317199707,484.0477075576782,352.033052444458,444.5582114458084,349.3519592285156
184,6.243686717336229,True,146.9,165.0,174.8,173.9,166.6,170.0,3.9,3.0,470.16317081451416,218.21059226989746,442.63486552238464,213.5578966140747,466.0171730518341,252.38625526428223,443.4961335659027,244.06331062316895,447.744801402092,274.1367816925049,438.917618393898,263.3008861541748,467.0683069229126,276.86960220336914,447.6612197160721,275.2262306213379,474.43250501155853,317.22965240478516,444.07952558994293,313.7469005584717,484.11505138874054,352.13690757751465,444.57307493686676,349.25557136535645
185,6.277619797321751,True,147.4,173.5,175.3,173.9,166.5,169.9,4.1,6.8,470.35247671604156,218.2175874710083,442.61725330352783,213.77446174621582,466.0750490427017,252.39140510559082,441.5388866662979,244.08591270446777,448.07576858997345,274.0201663970947,438.57881224155426,263.8508892059326,467.20686316490173,276.789493560791,447.70504665374756,275.1859474182129,474.605623960495,316.9739055633545,444.1174478530884,313.3960819244385,484.1280314922333,352.2322654724121,444.5767399072647,349.25368309020996
186,6.311552877307275,True,147.0,173.8,175.4,173.9,166.6,169.8,4.2,7.0,470.5518103837967,218.3638572692871,442.5445647239685,213.79910945892334,466.1351647377014,252.76270866394043,441.40842390060425,244.06179428100586,448.0967403650284,274.03218269348145,438.48749339580536,263.8469409942627,467.4065022468567,276.7433738708496,447.7031123638153,275.13813972473145,474.7073777914047,316.7753505706787,444.1734404563904,312.87614822387695,484.1778140068054,352.2689723968506,444.6209740638733,349.1481113433838
187,6.345485957292798,True,147.0,175.0,175.6,174.5,166.5,169.8,4.3,8.2,470.7179557085037,218.5524559020996,442.2445970773697,213.81229877471924,466.17451226711273,252.91302680969238,440.64855337142944,243.73483657836914,448.07841551303864,274.0415954589844,437.83507776260376,263.52956771850586,467.48392474651337,276.4881706237793,447.7004654407501,274.73198890686035,474.718169093132,316.1341667175293,444.3517005443573,312.35615730285645,484.20397782325745,352.2794723510742,444.6225520372391,349.14462089538574
188,6.37941903727832,True,146.5,172.0,175.8,174.9,166.4,169.9,4.4,8.8,470.81105613708496,218.55988025665283,442.15175116062164,213.80956649780273,466.17374873161316,253.0410861968994,440.30516600608826,243.47047805786133,447.78302907943726,274.04717445373535,436.44773375988007,262.2479438781738,467.53533613681793,276.2834072113037,447.74088191986084,274.6844959259033,474.7482523918152,315.7763671875,444.5073090791702,312.6310443878174,484.2451069355011,352.2787284851074,444.62519896030426,349.2287063598633
189,6.413352117263844,True,146.3,173.3,176.4,175.2,166.0,169.9,4.5,9.9,471.0523842573166,218.56056690216064,442.2153791189194,213.8063621520996,466.25570154190063,253.20673942565918,439.86933994293213,242.9988670349121,447.7765644788742,274.0590190887451,436.00656294822693,262.3143482208252,467.6580617427826,276.3907527923584,447.90499114990234,274.84219551086426,475.10029315948486,315.82162857055664,444.61720728874207,314.28460121154785,484.37037765979767,352.31958389282227,444.63466680049896,349.4567012786865
190,6.447285197249366,True,146.8,173.3,176.2,175.1,166.3,169.6,4.3,9.5,471.2635272741318,218.48027229309082,442.26801216602325,213.8067626953125,466.67859840393066,253.10917854309082,440.2356333732605,242.75507926940918,448.5945146083832,274.1176414489746,436.5349295139313,262.34888076782227,467.9534990787506,276.3302421569824,448.09562051296234,274.8095512390137,475.25732696056366,315.8624267578125,444.6543151140213,314.3103218078613,484.5587673187256,352.32115745544434,444.63425958156586,349.4633388519287
191,6.481218277234889,True,147.1,172.6,176.2,174.4,166.5,169.2,4.5,8.8,471.24840927124023,218.38919162750244,442.6033569574356,213.6853551864624,466.6858774423599,252.95642852783203,440.88331508636475,242.4154758453369,448.57552802562714,274.2088794708252,437.078719496727,262.3905944824219,468.19111132621765,276.33556365966797,448.37624526023865,274.89855766296387,475.54528164863586,316.2384223937988,444.6501920223236,314.324369430542,484.65135872364044,352.2349548339844,444.7720013856888,349.4315528869629
192,6.515151357220413,True,147.7,172.9,176.5,174.2,166.5,169.2,4.8,8.8,471.2415374517441,218.27410697937012,442.6229543685913,213.41553211212158,466.59257340431213,252.5577449798584,440.8664664030075,242.3312473297119,448.2783091068268,274.3582248687744,437.07454550266266,262.670316696167,468.2615602016449,276.3531017303467,448.3720203638077,274.9635314941406,475.6966143846512,316.2975883483887,444.6057542562485,314.3176746368408,484.65548181533813,352.214412689209,444.8358838558197,349.24570083618164
193,6.549084437205935,True,147.4,172.4,176.3,173.8,166.6,169.2,4.9,8.6,471.22911727428436,218.2151985168457,442.5089839696884,212.97906875610352,466.51886677742004,252.5071907043457,440.8383173942566,242.2800064086914,447.8971012830734,274.40317153930664,436.90219008922577,262.7841281890869,468.2745912075043,276.3424587249756,448.3238158226013,275.0031566619873,475.6419452428818,316.1622619628906,444.55973851680756,314.20552253723145,484.64845728874207,351.9172954559326,444.97698521614075,348.75643730163574
194,6.5830175171914584,True,147.6,173.6,175.8,173.6,167.0,169.1,4.9,8.5,471.21552634239197,218.05553913116455,442.43156147003174,212.91574001312256,466.5738413333893,252.18904495239258,440.83103835582733,242.28398323059082,447.84436643123627,274.38883781433105,437.1100753545761,264.3584632873535,468.36412847042084,276.2167739868164,448.3184710741043,274.98247146606445,475.5286365747452,315.9710884094238,444.5576515197754,313.8474655151367,484.6560926437378,351.48756980895996,445.1088732481003,348.2602787017822
195,6.616950597176982,True,148.8,173.9,175.1,172.8,167.6,168.7,5.3,8.7,471.1872755289078,217.96899318695068,442.45008993148804,212.9084300994873,466.3939014673233,252.1153163909912,440.8183127641678,242.27588653564453,447.8584154844284,274.8892593383789,437.16810405254364,264.60768699645996,468.50146305561066,276.08991622924805,448.4785590171814,274.9555778503418,475.32838666439056,315.6107711791992,444.57597637176514,313.45550537109375,484.6604702472687,351.1735725402832,445.44141840934753,347.98919677734375
196,6.650883677162504,True,149.3,173.5,174.8,172.1,167.8,168.4,5.5,8.7,470.9892144203186,217.96814918518066,442.288729429245,212.66748905181885,466.278302192688,251.8813133239746,440.73386573791504,241.92106246948242,447.78969728946686,275.02638816833496,436.947035074234,264.4647216796875,468.4992233514786,276.091833114624,448.4731124639511,274.964075088501,475.2475028038025,315.38829803466797,444.5400393009186,313.01499366760254,484.6529366970062,350.63953399658203,445.76363039016724,347.8685188293457
197,6.6848167571480275,True,149.0,172.3,174.6,171.1,168.1,167.7,5.0,8.4,470.77888584136963,218.00415515899658,442.1903351545334,212.61335849761963,466.4251046180725,252.34811782836914,440.94129288196564,241.60663604736328,448.2385034561157,275.4481029510498,436.96001517772675,263.7564182281494,468.5031428337097,276.06136322021484,448.63325130939484,274.9631881713867,475.1592890024185,315.25282859802246,444.41471767425537,312.60875701904297,484.65512549877167,350.4771423339844,445.93506956100464,347.6535987854004
198,6.718749837133551,True,147.3,168.7,173.6,170.3,169.2,166.8,4.7,7.1,470.2625322341919,218.17627429962158,442.00459241867065,213.01347255706787,466.46740448474884,253.21123123168945,441.59304678440094,242.2748851776123,448.2755094766617,275.7463073730469,436.9866371154785,263.7689781188965,468.7323052883148,275.886926651001,448.7997020483017,274.9574089050293,475.14401829242706,315.2740287780762,444.31352376937866,311.7996025085449,484.6548709869385,349.33545112609863,446.04909086227417,347.2628116607666
199,6.752682917119073,True,148.1,168.6,172.6,160.3,170.5,160.8,4.1,4.9,469.841162443161,218.72331619262695,441.42786860466003,213.97387504577637,466.7346419095993,254.13408279418945,442.47370862960815,243.16068649291992,449.7567174434662,276.721773147583,438.59306490421295,266.8517875671387,468.928533911705,275.6081485748291,448.797411441803,274.76388931274414,474.76031625270844,314.29083824157715,441.34856271743774,308.900671005249,484.66311717033386,348.81096839904785,446.2982579469681,347.16007232666016
200,6.7866159971045965,True,148.1,167.8,171.6,157.0,171.8,157.9,3.8,5.3,469.5277565717697,219.54900741577148,441.2310800552368,215.33467769622803,466.9368770122528,254.91228103637695,442.4146109819412,244.38274383544922,450.666699051857,277.26508140563965,438.4777201414108,267.10375785827637,469.1184506416321,275.2958679199219,449.16411209106445,274.6824359893799,474.2478312253952,312.85265922546387,440.4985440969467,308.1185817718506,484.6568052768707,348.6354446411133,446.2981561422348,346.8848705291748
201,6.820549077090119,True,147.6,167.6,169.8,157.9,173.4,157.5,3.8,5.1,469.20508646965027,220.59984683990479,440.6496732234955,216.76875114440918,466.9506206512451,255.5247974395752,442.3945554494858,245.63312530517578,450.7281382083893,277.7431011199951,438.56440687179565,270.1134967803955,469.3097417354584,275.18056869506836,449.3701648712158,274.6260738372803,473.6851564645767,312.63585090637207,440.92744743824005,308.57691764831543,484.5868145227432,348.6891174316406,446.42551386356354,346.884126663208
202,6.854482157075642,True,146.0,168.8,167.1,158.7,175.5,156.7,3.7,6.0,469.0921850204468,223.16263675689697,439.96452736854553,217.27486610412598,467.0785892009735,257.12903022766113,441.7748191356659,245.692720413208,450.85646307468414,278.3682346343994,438.5475581884384,270.1855945587158,469.3963266611099,274.36097145080566,449.4900908470154,273.55138778686523,472.47368013858795,310.92095375061035,441.19952058792114,307.4548816680908,484.584880232811,348.7624454498291,446.4176239967346,346.65501594543457
203,6.8884152370611655,True,148.9,172.2,166.5,158.7,176.4,156.3,3.9,5.9,468.89137518405914,224.52208042144775,439.81512892246246,217.10969924926758,467.08943140506744,258.0802917480469,441.8613531589508,245.5960178375244,451.81419110298157,280.55883407592773,440.26821088790894,270.199556350708,469.6016159057617,274.3315601348877,449.7296373844147,273.40845108032227,472.4912414550781,311.3928508758545,441.4106636047363,307.4303913116455,484.64535224437714,348.89193534851074,446.4897017478943,345.75963020324707
204,6.922348317046688,True,150.7,171.8,164.0,157.7,178.6,155.0,5.0,4.9,468.47346675395966,226.61478996276855,439.9447263479233,217.87123203277588,466.5106714963913,259.4090938568115,442.6646943092346,245.85771560668945,451.8343993425369,282.27705001831055,441.47790563106537,271.1718463897705,469.8101119995117,274.6610641479492,450.20659255981445,273.45431327819824,471.7289785146713,311.67895317077637,441.3617973327637,307.47307777404785,484.68923008441925,349.4337272644043,446.5355647802353,345.7987976074219
205,6.956281397032211,True,150.3,170.9,161.1,155.5,179.4,152.4,6.0,5.7,468.5576083660126,228.70641231536865,439.9636620283127,219.9138307571411,466.37425315380096,260.12460708618164,442.61165404319763,246.69425010681152,451.67217350006104,282.1692752838135,441.07419896125793,272.147798538208,470.20755767822266,275.57976722717285,450.75394570827484,273.73120307922363,471.10109782218933,312.6697254180908,440.94745206832886,307.34461784362793,484.65176594257355,349.3590259552002,446.5101135969162,345.70103645324707
206,6.990214477017735,True,150.9,171.0,160.4,149.7,179.1,147.7,5.7,5.9,468.5976685285568,229.51186180114746,439.67061710357666,222.96465396881104,466.5441652536392,261.26203536987305,442.569252371788,248.74614715576172,451.9249037504196,283.9146423339844,441.42308378219604,274.52322006225586,470.2369792461395,276.50110244750977,451.04643070697784,275.095853805542,470.92512834072113,313.0290699005127,439.5781275033951,306.55640602111816,484.5923628807068,349.32583808898926,446.5063977241516,344.8034191131592
207,7.024147557003257,True,152.0,168.7,159.7,142.8,178.5,142.3,5.8,6.2,468.6248503923416,231.22733116149902,439.54315757751465,224.72585678100586,466.52634942531586,263.1895923614502,442.55555963516235,251.43118858337402,451.6921272277832,287.1378993988037,440.45817852020264,276.15620613098145,470.2830967903137,277.9057788848877,451.13494992256165,276.4749526977539,470.62587332725525,313.09475898742676,437.7568917274475,305.0130558013916,484.44276082515717,349.3864917755127,446.2252639532089,344.6769332885742
208,7.05808063698878,True,152.5,167.2,158.9,137.3,178.5,137.8,6.6,5.9,468.57466065883636,232.2750949859619,439.5766513347626,226.63782119750977,466.1123604774475,263.94593238830566,442.9556522369385,254.30545806884766,450.763769865036,288.5185718536377,440.4208161830902,279.06457901000977,470.37151420116425,280.3059768676758,451.53712952136993,278.897066116333,470.76987612247467,315.2193546295166,436.76551723480225,305.24548530578613,484.4398593902588,349.42139625549316,446.23157584667206,344.75558280944824
209,7.092013716974303,True,152.5,164.9,158.0,128.5,178.3,131.5,7.4,6.6,468.4659332036972,233.4446382522583,439.93586933612823,231.01388454437256,465.6240031719208,265.1413822174072,443.0460548400879,259.08233642578125,449.41541707515717,290.4754829406738,439.54473555088043,281.678466796875,470.4184970855713,283.47782135009766,451.7459819316864,282.4533176422119,470.72691452503204,317.3108768463135,435.14061188697815,305.69180488586426,484.469230055809,350.38275718688965,446.3428484201431,344.84890937805176
210,7.125946796959826,True,148.7,156.3,157.3,127.7,177.6,130.5,10.1,7.3,468.48614144325256,236.02619647979736,439.48691046237946,234.65506553649902,464.2252061367035,267.6083278656006,442.5979104042053,262.7800941467285,444.7323993444443,291.6572570800781,435.8068220615387,284.4635009765625,470.61095893383026,285.6788635253906,451.7426223754883,285.2263069152832,470.66186130046844,317.78852462768555,435.39497101306915,307.8591728210449,484.42779552936554,350.57684898376465,446.3538942337036,344.9193477630615
211,7.159879876945349,True,143.9,154.0,155.8,128.5,177.5,134.8,13.2,12.9,469.04774725437164,238.7572717666626,439.7757304906845,236.0769510269165,463.0315456390381,268.5805034637451,439.9608623981476,262.7357482910156,439.8264801502228,289.83555793762207,429.83103692531586,283.83885383605957,470.56723380088806,285.97580909729004,451.4337468147278,285.3549385070801,470.2184507846832,318.29784393310547,434.7468820810318,312.196569442749,484.37114119529724,350.66102027893066,446.4053056240082,344.8420715332031
212,7.193812956930872,True,142.4,150.3,153.2,126.8,177.0,139.2,22.4,14.9,469.0776778459549,241.10149383544922,442.367933511734,237.27948188781738,458.7023502588272,268.48036766052246,440.1679332256317,262.5805377960205,432.5449984073639,284.61819648742676,427.81749200820923,280.44556617736816,470.3985433578491,287.90173530578613,451.0319744348526,286.59356117248535,469.6125599145889,320.311803817749,434.0879509449005,314.935941696167,484.3473697900772,351.2666702270508,446.4169113636017,344.9125099182129
213,7.227746036916395,True,130.8,125.3,150.9,121.0,178.0,139.8,33.0,21.5,469.70377695560455,242.288818359375,443.8151386976242,238.64328861236572,453.7268475294113,267.38940238952637,437.99984872341156,261.7782497406006,424.7379751801491,271.64880752563477,420.89863872528076,268.41699600219727,470.1256557703018,290.6018257141113,450.4343297481537,289.58118438720703,469.2897880077362,322.9543876647949,432.74224507808685,317.003173828125,484.3682906627655,351.7679786682129,446.6131908893585,345.2842140197754
214,7.261679116901918,True,115.4,98.1,145.7,115.4,179.8,144.3,39.4,31.3,470.8992190361023,242.6107406616211,446.3886605501175,239.3510913848877,452.26661133766174,263.4060573577881,434.84013521671295,261.14813804626465,423.725399851799,254.9546241760254,418.6925556063652,255.3321647644043,468.80565559864044,292.12703704833984,449.4535938501358,291.0245704650879,467.5397137403488,324.65466499328613,431.16905653476715,319.934720993042,484.8152643442154,352.2216796875,447.3383969068527,345.4998779296875
215,7.295612196887441,True,110.8,69.5,141.5,108.8,179.8,141.6,52.1,49.8,471.57479524612427,242.09538459777832,445.62471783161163,242.31908798217773,451.3419189453125,256.05780601501465,425.9949582219124,261.3541316986084,426.8721332550049,239.18728351593018,418.0870465040207,243.27401161193848,468.611004948616,293.7307548522949,449.0945794582367,293.24692726135254,466.82881128787994,327.0988368988037,429.3995884656906,321.93446159362793,484.9745887517929,352.56131172180176,447.3078554868698,345.9469699859619
216,7.329545276872964,True,119.7,63.1,137.6,105.7,179.8,140.4,74.2,60.0,471.95366156101227,241.88241004943848,445.0757358074188,243.48692893981934,450.40414464473724,246.42199516296387,422.04506182670593,259.14347648620605,429.3328045606613,222.70341396331787,418.9421044588089,234.87792491912842,468.34213864803314,294.7624111175537,448.82698571681976,294.4468688964844,465.9056968688965,328.584623336792,428.37716352939606,323.259801864624,484.96557903289795,352.71042823791504,447.22590267658234,346.5634059906006
217,7.363478356858487,True,130.7,69.0,134.8,105.2,179.2,140.8,87.1,74.4,472.27933490276337,240.9986400604248,444.2983548641205,243.4562587738037,452.1056580543518,240.5006217956543,419.3138953447342,252.70514488220215,431.6770112514496,215.53629398345947,419.5838814973831,229.16088581085205,468.2040914297104,294.5427989959717,448.538827419281,294.34656143188477,465.0932950973511,329.3480587005615,427.8935910463333,324.4717025756836,484.95784187316895,352.93710708618164,447.0324227809906,346.9892692565918
218,7.39741143684401,True,129.5,75.6,134.2,106.6,179.9,142.0,100.3,85.9,472.16373562812805,240.46568870544434,443.9404603242874,241.93181991577148,453.14192843437195,235.30102729797363,419.1378240585327,245.62562942504883,439.41254210472107,204.9502658843994,421.5383287668228,222.59735584259033,467.6037998199463,294.1238307952881,447.8987810611725,294.0567111968994,464.55988919734955,329.39297676086426,427.77926433086395,324.2709732055664,484.85349202156067,352.84772872924805,446.7634037733078,347.0804786682129
219,7.431344516829533,True,135.6,93.2,135.3,108.5,178.4,144.2,112.2,100.8,472.7178587913513,239.51086521148682,444.25432431697845,240.6540298461914,453.8254454135895,229.50520992279053,421.4441593885422,237.73690223693848,444.497637629509,200.212140083313,423.1894488334656,213.55141639709473,467.35061144828796,293.43990325927734,447.51813316345215,293.19668769836426,464.7567286491394,329.423303604126,427.9881167411804,324.1692066192627,484.76614356040955,352.7944278717041,446.74910020828247,347.1540355682373
220,7.4652775968150555,True,137.1,96.2,137.4,110.9,177.9,144.0,119.8,110.7,472.7357255220413,235.69054126739502,444.4119689464569,238.427996635437,453.8605171442032,222.3021697998047,421.50264620780945,231.1608123779297,448.2227237224579,195.17675399780273,425.69440519809723,210.41333198547363,467.16558134555817,293.0259132385254,447.4110345840454,293.05944442749023,465.00711739063263,328.6007595062256,428.23799645900726,322.7556896209717,484.7124924659729,352.7969455718994,446.7359164953232,348.00564765930176
221,7.499210676800579,True,138.8,83.6,139.1,114.4,177.4,147.2,119.3,109.1,472.61498510837555,230.46435356140137,444.3823437690735,232.5796937942505,458.2825584411621,220.57366847991943,420.3538306951523,225.66022396087646,451.1491516828537,192.39548206329346,429.2078392505646,204.24705505371094,467.06240224838257,290.23106575012207,447.4290540218353,289.32068824768066,465.2473256587982,327.91857719421387,428.37955594062805,322.6846218109131,484.751025557518,352.7723979949951,446.6758008003235,347.94816970825195
222,7.533143756786102,True,147.4,87.2,141.7,118.6,176.7,148.1,126.1,121.7,471.90138483047485,223.86084079742432,442.484703540802,229.20362949371338,460.566038608551,214.0127992630005,420.26515877246857,217.78143882751465,452.6911370754242,187.3123598098755,430.84628462791443,199.4820499420166,466.47677052021027,287.36629486083984,447.0017286539078,286.79131507873535,465.4124529361725,326.899938583374,428.6783528327942,322.05124855041504,484.7863517999649,352.791109085083,446.0986188650131,347.9201030731201
223,7.567076836771625,True,148.1,79.5,146.4,127.6,176.0,151.6,127.4,121.5,471.25935328006744,215.74337482452393,440.6054390668869,219.97461318969727,461.2699165344238,206.7696189880371,419.1101077198982,209.3699598312378,452.8043439388275,177.505145072937,433.36681711673737,190.2529764175415,466.03112030029297,281.84386253356934,446.29474568367004,282.1495056152344,465.6240031719208,323.38754653930664,430.241259098053,319.57016944885254,484.77428793907166,352.85794258117676,445.9788964986801,347.7693843841553
224,7.601009916757148,True,162.2,82.6,152.5,139.4,174.4,157.1,138.2,121.4,471.0043833255768,209.2271375656128,439.8375768661499,211.71007633209229,460.8771538734436,195.9135103225708,419.17281943559647,201.50032997131348,451.48714339733124,169.36996936798096,432.93139827251434,180.89990615844727,465.6908379793167,276.72932624816895,445.63484740257263,277.06787109375,466.4969787597656,318.9298152923584,432.8582515716553,316.7080593109131,484.80706906318665,352.5890064239502,445.71792006492615,347.3257255554199
225,7.634942996742671,True,175.2,96.1,161.5,151.4,170.8,162.6,148.3,128.4,470.6995290517807,202.99628734588623,440.1440600156784,205.9828519821167,460.90733897686005,183.91005992889404,420.37179923057556,192.74404048919678,449.9550839662552,157.32627868652344,429.6644843816757,175.0730323791504,465.3651646375656,270.8408260345459,445.4207011461258,271.2387943267822,469.0466274023056,315.5537796020508,435.9709312915802,312.94970512390137,484.8054401874542,352.33180046081543,445.724130153656,347.319860458374
226,7.668876076728194,True,178.6,124.1,167.2,162.6,169.1,167.6,155.9,139.7,470.03825640678406,198.57088565826416,440.17729926109314,201.51710987091064,461.39416921138763,174.86798286437988,423.00533497333527,184.37463283538818,449.2535984516144,143.94475936889648,426.9038708806038,164.0894079208374,465.3011294603348,264.9584770202637,445.4289982318878,265.0916004180908,470.77333748340607,310.83386421203613,439.45677626132965,309.23126220703125,484.4871985912323,349.2891597747803,445.9890260696411,347.3083019256592
227,7.702809156713717,True,179.8,155.9,170.5,173.2,168.8,172.6,156.6,157.7,469.29665982723236,191.21407985687256,440.0167531967163,193.2912254333496,461.17167496681213,168.68176460266113,428.38474798202515,170.41946411132812,450.15726816654205,137.80016899108887,426.94726514816284,141.85279369354248,465.0622446537018,259.4528102874756,445.4776099920273,260.3923988342285,471.4602140188217,307.26170539855957,443.25078415870667,306.14667892456055,483.735981464386,347.1269416809082,446.00495851039886,345.84362983703613
228,7.73674223669924,True,177.8,169.4,174.8,179.1,169.1,175.9,157.7,177.3,467.96143984794617,184.42521572113037,439.88511967658997,186.94879531860352,459.16057336330414,160.16891956329346,436.7742215394974,161.49131298065186,449.87664341926575,131.1266040802002,427.61902368068695,132.6284694671631,465.01582169532776,256.43391609191895,445.12857246398926,257.24690437316895,472.0335782766342,303.0410957336426,445.2219274044037,301.7205619812012,481.86705017089844,343.33173751831055,445.87322318553925,339.4025230407715
229,7.770675316684763,True,176.0,159.0,176.5,176.4,169.4,177.9,160.4,174.0,467.5078488588333,184.78719234466553,439.7289003133774,187.13699340820312,459.0565289258957,158.0332088470459,440.42702627182007,161.2720012664795,451.8697255849838,128.27246189117432,430.3124715089798,132.60581016540527,465.02045381069183,254.1467571258545,444.940233707428,254.754638671875,471.8323612213135,299.63038444519043,446.69575452804565,298.2894802093506,480.58171451091766,340.7934093475342,445.8418164253235,335.3312015533447
230,7.804608396670286,True,173.5,157.5,178.3,175.2,168.6,179.4,159.2,173.5,467.45643746852875,183.29073429107666,440.987664937973,184.78938102722168,459.04619574546814,158.00089359283447,442.40091824531555,158.34732055664062,453.2498414516449,130.3864288330078,433.3495103120804,132.73375511169434,464.6807314157486,250.62618255615234,445.0104789733887,251.92723274230957,471.68464255332947,294.58388328552246,447.18767499923706,295.43389320373535,480.036651968956,338.43581199645996,445.8578506708145,334.0847682952881
231,7.838541476655808,True,180.0,160.5,176.6,175.1,169.1,179.8,163.1,175.0,467.5215924978256,183.6582899093628,441.0050735473633,185.25996208190918,460.8897776603699,157.7303409576416,441.7824544906616,158.53257179260254,454.2136777639389,131.62203311920166,433.1695704460144,131.7577314376831,464.5284824371338,250.153226852417,444.82346367836,251.13338470458984,470.68415653705597,292.18966484069824,447.0882626771927,292.6175594329834,479.1783871650696,333.2720375061035,445.8746484518051,331.9372844696045
232,7.872474556641332,True,179.2,164.9,174.8,173.4,170.6,178.9,162.8,178.1,467.5779414176941,183.75895500183105,441.2674752473831,183.9961051940918,460.7657285928726,157.37942218780518,440.6857120990753,158.08459281921387,453.73539912700653,131.63270473480225,432.84476244449615,131.4144802093506,464.4518234729767,248.72477531433105,444.8805252313614,249.87313270568848,469.4244247674942,291.4124393463135,447.940775513649,291.6496467590332,477.9747498035431,332.24547386169434,446.28339445590973,331.05809211730957
233,7.906407636626855,True,179.2,166.6,174.5,172.6,170.6,178.1,161.7,179.9,467.45603024959564,185.37603378295898,441.5627598762512,184.7235918045044,460.51381278038025,159.36352729797363,440.3764293193817,160.15191078186035,453.8542561531067,133.00901412963867,432.626442193985,133.4390115737915,463.7526285648346,249.46497917175293,444.902667760849,250.3546142578125,468.356085896492,292.2689723968506,448.4092299938202,292.08984375,476.9894835948944,334.319372177124,446.5948660373688,332.23073959350586
234,7.940340716612377,True,178.9,168.5,174.7,173.2,170.8,178.6,162.8,178.2,467.50856149196625,186.44933223724365,441.5634216070175,186.43860340118408,461.02013862133026,160.40698528289795,439.56580913066864,162.409086227417,453.92271983623505,134.17526721954346,431.5332120656967,134.87261295318604,463.8203287124634,251.34973526000977,444.9403864145279,251.62164688110352,468.36545193195343,295.2970218658447,448.24466264247894,294.55272674560547,476.318895816803,335.553674697876,446.6095768213272,332.96021461486816
235,7.974273796597901,True,178.0,169.8,175.1,174.1,171.5,178.9,164.5,176.7,466.86296677589417,188.19833278656006,441.57426381111145,188.70802402496338,461.19463193416595,163.31358432769775,439.03194510936737,165.72495460510254,454.10428857803345,136.5128517150879,430.7190796136856,137.69871711730957,463.8055670261383,252.746000289917,444.96965527534485,253.2626438140869,468.373392701149,298.1847953796387,447.9754400253296,295.3228569030762,476.29817855358124,340.1719665527344,446.60774433612823,337.80818939208984
236,8.008206876583424,True,178.0,171.8,174.6,174.4,171.4,178.3,164.7,173.3,466.9114258289337,191.21538162231445,442.33158922195435,190.47699451446533,461.1459183692932,165.27086734771729,438.72062623500824,167.43016719818115,454.04748153686523,137.9668664932251,430.5504400730133,140.85551261901855,463.63204085826874,258.1223773956299,444.8710573911667,257.9546928405762,468.3472797870636,304.52073097229004,447.86991941928864,301.9211769104004,476.2433567047119,344.5089912414551,446.6674528121948,341.71448707580566
237,8.042139956568947,True,177.3,173.0,173.4,175.5,171.3,178.2,165.6,171.8,466.9835035800934,195.97898483276367,442.67991411685944,195.19367694854736,461.2899720668793,167.45158195495605,438.44722962379456,171.33336067199707,454.20283555984497,138.93721103668213,430.147140622139,144.36502933502197,463.3940213918686,262.1671772003174,444.8284521102905,261.83220863342285,467.90142595767975,308.1448745727539,447.5295352935791,304.1587543487549,476.4894187450409,347.8001117706299,446.9444634914398,345.6448745727539
238,8.076073036554469,True,179.6,174.2,171.4,178.6,170.2,179.1,162.8,168.9,467.7824162244797,201.85542583465576,443.41061758995056,201.63705825805664,461.2366772890091,173.14886569976807,438.4054387807846,178.84541988372803,454.0876944065094,142.704176902771,430.1955487728119,153.86339664459229,462.8755807876587,266.0371971130371,444.8375127315521,265.8027648925781,467.0122125148773,309.9652290344238,446.3777674436569,306.8390464782715,477.03539752960205,350.2855968475342,448.7949172258377,346.3169574737549
239,8.110006116539992,True,178.8,177.1,170.0,170.8,168.3,179.0,159.5,166.0,468.98004710674286,203.03245067596436,443.6745972633362,203.59803199768066,461.569273352623,174.63327884674072,437.7453877925873,181.40101432800293,454.10535752773285,143.42147827148438,429.7141650915146,156.4116096496582,462.2828736305237,268.3494472503662,444.6977348327637,267.91863441467285,466.5519024133682,310.3334426879883,444.6044816970825,308.6996841430664,478.27171421051025,351.74869537353516,450.5276846885681,345.8412837982178
240,8.143939196525515,True,177.5,178.5,168.5,168.1,168.0,178.1,158.1,163.3,469.172763466835,203.8448667526245,444.4743243455887,204.0216064453125,461.18689477443695,175.68580627441406,437.6761096715927,181.66804790496826,453.7227244377136,144.10081386566162,429.27604842185974,156.38943672180176,462.2702498435974,269.2518138885498,444.73127949237823,269.2294120788574,466.6145123243332,310.603723526001,443.57951164245605,309.4478988647461,479.50548577308655,351.4607048034668,450.3744685649872,346.8426704406738
241,8.177872276511039,True,176.7,179.4,169.7,167.2,166.2,178.3,156.0,161.4,469.85124111175537,204.03890132904053,445.0129222869873,204.03395175933838,461.1682645082474,176.294846534729,437.6505057811737,181.82870864868164,453.1617294549942,144.37342643737793,429.23899149894714,155.4715919494629,462.21446084976196,270.05953788757324,444.69666588306427,269.9619770050049,467.25715470314026,310.0418758392334,443.323472738266,309.28330421447754,480.1517422199249,351.0710048675537,450.39498221874237,346.2711811065674
242,8.211805356496562,True,177.0,179.8,171.2,166.6,165.0,177.8,155.0,161.1,470.12647020816803,202.90462017059326,444.87818372249603,203.03735733032227,461.36179530620575,176.32571697235107,437.6096820831299,181.58939838409424,452.8187493085861,145.0823163986206,428.73841762542725,155.03801822662354,462.2867931127548,268.7544822692871,444.7016543149948,268.6970043182373,468.1337443590164,309.5259475708008,443.06850278377533,308.7360191345215,480.62742483615875,350.3708267211914,450.3743667602539,346.1685562133789
243,8.245738436482085,True,175.7,179.4,172.4,166.7,165.4,177.5,152.9,160.3,471.4845962524414,202.85958766937256,444.8801689147949,202.6933479309082,461.5527809858322,175.95565795898438,437.0912923812866,180.9585428237915,452.68070209026337,144.9325704574585,428.08931064605713,154.93474960327148,463.6772930622101,267.5390338897705,444.895490527153,268.2228755950928,469.3039388656616,308.9191246032715,443.1278040409088,308.4701156616211,480.6533341407776,350.1954746246338,450.2934319972992,346.0616683959961
244,8.279671516467607,True,175.2,179.7,175.6,166.8,165.6,177.4,152.6,159.8,472.2852395772934,202.30599403381348,444.9905252456665,202.29025840759277,461.90701055526733,175.65882682800293,437.0046056509018,180.57742595672607,452.8321875333786,145.02410888671875,427.71889412403107,154.87030506134033,465.3003659248352,267.0874500274658,445.0288038253784,267.6594543457031,471.366197347641,308.71155738830566,443.17651760578156,309.0834045410156,480.6463096141815,349.8404788970947,450.25963282585144,346.60752296447754
245,8.31360459645313,True,176.3,179.0,175.2,169.3,168.1,177.4,154.7,159.9,472.56779861450195,201.94361686706543,445.0971657037735,202.09848403930664,462.5851318836212,175.1016139984131,436.97391152381897,180.52996158599854,453.48587572574615,144.77200984954834,427.7376261949539,154.6359157562256,466.9588668346405,266.7507076263428,445.72794783115387,267.41286277770996,471.93401324748993,307.3131465911865,444.26470839977264,308.74903678894043,480.7917376756668,349.7098159790039,450.23326539993286,347.8289222717285
246,8.347537676438654,True,174.8,179.3,175.3,173.7,169.3,178.1,154.6,160.7,473.1415191888809,201.38279914855957,445.2186187505722,201.85176372528076,462.6305876970291,174.23120498657227,437.15145897865295,180.4579782485962,453.6775231361389,142.8641653060913,427.70392882823944,154.48785781860352,468.31215715408325,266.7860698699951,446.7446208000183,267.5675582885742,473.0768222808838,308.4752941131592,446.31541204452515,309.99478340148926,481.3522745370865,350.1243495941162,450.2198271751404,349.1355228424072
247,8.381470756424177,True,178.6,179.5,175.1,178.1,171.1,177.5,157.8,163.1,473.2241337299347,201.20917797088623,445.2032971382141,202.73633480072021,464.3187646865845,175.87303161621094,437.2684326171875,180.63031196594238,454.3102904558182,144.93995189666748,428.1420964002609,154.54878330230713,469.9082008600235,268.9182472229004,448.48609256744385,269.833459854126,474.4391223192215,311.54454231262207,448.73790657520294,311.1686325073242,481.9908447265625,350.634183883667,450.24940145015717,349.8090648651123
248,8.4154038364097,True,179.2,176.4,175.0,179.2,172.1,177.0,159.5,162.3,473.5342309474945,202.40694522857666,445.5958561897278,205.15708923339844,465.2515505552292,177.38725662231445,437.25687777996063,183.5862922668457,454.77482545375824,147.14894771575928,428.4597271680832,155.72237491607666,470.9186637401581,270.66121101379395,449.61042404174805,271.3487434387207,475.1280858516693,312.68611907958984,449.9384388923645,311.4426040649414,482.48098361492157,351.3427734375,450.78316366672516,349.55331802368164
249,8.449336916395222,True,179.7,170.7,174.9,177.9,172.4,176.8,158.3,157.2,474.70152401924133,203.21710109710693,447.0661710500717,206.64052963256836,465.5186861753464,177.17279434204102,437.3734441995621,186.38610363006592,454.73420536518097,147.13811874389648,429.077783703804,157.9114007949829,471.9105472564697,272.2775173187256,450.2517429590225,272.6751136779785,475.901903629303,315.0759029388428,449.97569942474365,313.0227470397949,482.9033205509186,353.1873893737793,451.09122478961945,350.46552658081055
250,8.483269996380745,True,179.2,162.8,175.2,175.3,171.9,176.1,157.7,151.8,475.82509195804596,203.93763542175293,448.1310485601425,207.3326826095581,466.6300884485245,178.03117275238037,437.36499440670013,189.13690567016602,455.429328083992,147.78415203094482,430.5005557537079,160.35006523132324,472.4963825941086,272.9886817932129,450.9553154706955,273.16678047180176,476.44218134880066,315.44139862060547,449.91716170310974,313.0858039855957,483.3259629011154,354.1889762878418,451.9973887205124,350.117769241333
251,8.517203076366268,True,178.9,160.4,174.8,174.1,172.3,175.8,157.1,149.4,476.3703581094742,203.61448287963867,448.7875872850418,206.6207456588745,467.1570806503296,178.59516620635986,437.3591915369034,188.94434452056885,455.38448309898376,148.39566707611084,430.57981073856354,160.15123844146729,473.1081781387329,272.2085380554199,451.4158800840378,272.49363899230957,476.77503192424774,314.61894035339355,450.0849359035492,312.6698970794678,483.93205738067627,354.49753761291504,452.6576942205429,349.8453998565674
252,8.551136156351792,True,178.5,158.9,175.4,174.4,172.2,176.0,156.6,147.3,477.0212975740433,203.6079454421997,449.3505165576935,206.3977575302124,467.60878825187683,178.53980541229248,437.6759569644928,189.62523937225342,455.276264667511,148.16092014312744,430.52997732162476,160.35906314849854,473.65278255939484,272.12742805480957,451.8138347864151,272.43212699890137,477.321417927742,314.2394828796387,450.5279392004013,312.7335834503174,484.23635172843933,355.17823219299316,452.95985066890717,349.7780227661133
253,8.585069236337315,True,176.0,157.7,176.1,176.8,171.7,177.1,158.3,145.6,476.9892290830612,203.84153366088867,450.4382492303848,206.84367656707764,468.2159516811371,178.38134765625,438.21353685855865,190.18292427062988,455.4233216047287,148.2231616973877,430.86659467220306,160.69077014923096,473.7251148223877,272.490177154541,452.5972731113434,272.9220771789551,477.8143564462662,314.1360569000244,451.8936496973038,312.53522872924805,484.77026665210724,355.5859851837158,453.3161163330078,350.0869846343994
254,8.619002316322838,True,176.5,158.3,175.9,179.3,172.3,177.7,158.0,145.5,477.46399545669556,204.3495225906372,451.5285779237747,207.31279850006104,468.2775435447693,178.2421588897705,439.268488407135,190.6536340713501,455.5832568407059,148.11126708984375,431.5747483968735,161.12375736236572,474.35548973083496,273.14191818237305,453.6099247932434,273.46527099609375,478.0527831315994,314.1731643676758,453.28282618522644,312.51214027404785,484.8028950691223,355.6033515930176,453.43135929107666,350.1536178588867
255,8.65293539630836,True,174.7,162.3,175.2,179.7,174.0,176.2,160.9,149.8,477.3239630460739,204.4249963760376,451.4724326133728,207.5763702392578,469.42086160182953,179.1548252105713,439.90787303447723,189.92431640625,457.52141535282135,150.72355270385742,431.807932138443,160.76452732086182,475.20907151699066,273.3384418487549,454.9216787815094,273.8039302825928,478.2384749650955,314.13562774658203,454.3392539024353,312.3882007598877,484.87319123744965,355.669469833374,453.9975463151932,350.397891998291
256,8.686868476293883,True,175.0,159.8,175.6,180.0,173.5,176.3,159.5,148.3,478.32226026058197,204.49224472045898,451.53392267227173,207.49671936035156,470.0601953268051,179.34810161590576,439.9635602235794,190.82242012023926,457.7855477333069,150.69358348846436,432.4027771949768,161.6559934616089,475.5153510570526,273.3664798736572,455.01854598522186,273.80870819091797,478.5224083662033,314.2232894897461,454.5444413423538,312.8950595855713,484.82468128204346,355.74597358703613,454.11334919929504,350.5734443664551
257,8.720801556279406,True,174.7,159.3,175.9,179.7,173.3,176.4,159.0,147.1,478.87785959243774,204.61865901947021,452.02558863162994,207.91258335113525,470.4353457689285,179.32757377624512,440.18824326992035,191.3184642791748,457.84204936027527,150.73930263519287,432.3622080087662,161.6681671142578,475.8476417064667,273.2222270965576,455.0700591802597,273.64256858825684,478.8144861459732,314.21865463256836,454.43225252628326,313.0012321472168,484.8449913263321,355.786657333374,454.01042461395264,351.0996437072754
258,8.75473463626493,True,174.0,156.9,177.2,179.3,172.3,176.7,159.6,145.5,478.90412521362305,204.91470336914062,452.1509611606598,207.86848068237305,471.10618805885315,180.350604057312,439.5548142194748,191.07131481170654,458.615154504776,151.83842182159424,432.344646692276,161.55879020690918,475.6121164560318,273.24448585510254,454.829443693161,273.6039447784424,479.20567083358765,314.7813606262207,454.1724977493286,313.6388111114502,484.81562066078186,356.0122776031494,454.0254408121109,351.4284610748291
259,8.788667716250453,True,174.9,154.8,177.0,179.4,171.8,177.3,158.4,143.7,479.29780411720276,205.04210472106934,452.34276127815247,207.79129028320312,471.3521991968155,181.1841344833374,439.1264708042145,191.14186763763428,458.58186435699463,151.8257761001587,432.14699280261993,161.59348011016846,475.4876092672348,273.1926441192627,454.8042470216751,273.5243511199951,479.11104333400726,314.70425605773926,454.4355102777481,313.57189178466797,484.8699334859848,355.99671363830566,454.48356211185455,351.3049507141113
260,8.822600796235974,True,175.0,154.0,177.0,179.1,171.5,177.4,158.2,142.9,479.48456490039825,205.4482126235962,452.5809334516525,207.7562427520752,471.5524491071701,181.60190105438232,439.2588678598404,191.30571842193604,458.8798977136612,152.32276439666748,432.83809423446655,163.431715965271,475.4147170782089,273.178768157959,454.80801379680634,273.5328769683838,479.1007101535797,314.7325801849365,454.34678745269775,313.63088607788086,484.9428765773773,356.01694107055664,454.4901794195175,351.230993270874
261,8.856533876221498,True,175.4,155.3,177.3,179.0,171.2,177.4,158.1,144.2,479.4566195011139,205.6459665298462,452.6008871793747,207.83138751983643,471.60141718387604,182.0515537261963,439.740353345871,191.2487554550171,458.9563021659851,152.26422786712646,433.52863574028015,164.4875192642212,475.3655962944031,273.4459590911865,454.8445107936859,273.7451648712158,479.33272314071655,315.4449462890625,454.39142882823944,314.0042781829834,485.15498673915863,356.294002532959,454.6180970668793,351.17634773254395
262,8.890466956207021,True,174.7,155.9,177.6,178.8,170.7,177.4,158.4,144.4,479.65468060970306,206.08953952789307,452.7048807144165,207.97812938690186,471.9825232028961,182.4249029159546,439.9361238479614,191.32116794586182,459.35975432395935,153.09797286987305,433.57673847675323,164.5889711380005,475.3459988832474,273.7152671813965,454.88910126686096,274.0140724182129,479.515971660614,315.65460205078125,454.3707115650177,314.0691089630127,485.30367255210876,356.423921585083,454.67205357551575,351.13612174987793
263,8.924400036192544,True,174.4,156.7,177.5,178.6,170.8,177.1,158.5,145.0,479.6869527101517,206.14083766937256,452.64639389514923,208.03901195526123,472.09318494796753,182.66248226165771,440.07559633255005,191.35847568511963,459.338986158371,153.31748485565186,433.5191169977188,164.48309898376465,475.43782675266266,273.9566230773926,454.9697815179825,274.22364234924316,479.56763756275177,315.72607040405273,454.3389484882355,314.33655738830566,485.41418159008026,356.583309173584,454.6413594484329,351.1041069030762
264,8.958333116178068,True,174.4,154.9,177.6,178.5,170.7,177.0,158.2,143.7,479.76809108257294,206.29759311676025,452.6978052854538,208.42068672180176,472.19010305404663,183.25677394866943,440.21318542957306,192.5996446609497,459.33974969387054,154.16916847229004,433.7839620113373,165.19723892211914,475.51565647125244,274.1741466522217,455.0073983669281,274.4237995147705,479.709553360939,315.95309257507324,454.29705584049225,314.6264362335205,485.56923019886017,356.92688941955566,454.61768984794617,351.07884407043457
265,8.99226619616359,True,174.0,155.0,177.6,178.5,170.7,176.9,158.7,144.0,479.8184335231781,206.56638622283936,452.72829580307007,208.70874881744385,472.70854365825653,184.27114963531494,440.2125746011734,192.6950740814209,460.12949991226196,155.5607557296753,433.8500841856003,165.1294755935669,475.5719544887543,274.251651763916,455.0696519613266,274.5864200592041,479.7769989967346,316.1330223083496,454.3221507072449,314.91668701171875,485.59641206264496,357.03495025634766,454.5954964160919,351.269588470459
266,9.026199276149113,True,177.5,153.7,177.6,179.0,170.6,177.0,156.3,142.9,480.03660106658936,206.5261745452881,453.0968289375305,208.77292156219482,473.0996265411377,187.51431941986084,440.7986135482788,193.5529088973999,460.85546946525574,157.95528888702393,434.6815234422684,166.1904001235962,475.6436759233475,274.65954780578613,455.2750939130783,274.98241424560547,479.84490275382996,316.4131736755371,454.5034649372101,315.05581855773926,485.69414460659027,357.3145866394043,454.4061396121979,352.09376335144043
267,9.060132356134636,True,177.7,157.7,177.5,179.3,170.7,176.9,156.6,144.9,480.21613371372223,206.83443546295166,453.24057722091675,209.109148979187,473.19679915905,187.22083568572998,441.694189786911,193.79150390625,461.4073020219803,158.0925750732422,434.60975110530853,166.84189796447754,475.85838210582733,274.6856689453125,455.3957325220108,275.10289192199707,480.00779032707214,316.629638671875,454.5384348630905,315.10828971862793,485.88141441345215,357.68383026123047,454.19667637348175,352.30971336364746
268,9.09406543612016,True,175.9,158.7,177.2,179.7,170.7,176.5,157.7,145.7,480.69767010211945,208.3491325378418,453.3353065252304,210.73076248168945,473.78182005882263,187.6480007171631,441.9377576112747,195.20341873168945,461.75745940208435,158.78156661987305,434.60802042484283,167.73297786712646,476.2286459207535,274.8723793029785,455.6109986305237,275.5783939361572,480.1802475452423,316.60715103149414,454.5986523628235,315.4475784301758,486.10233068466187,357.8105163574219,453.8140432834625,352.9676914215088
269,9.127998516105682,True,175.6,159.2,177.2,179.8,170.5,176.6,157.5,146.1,480.9583920240402,208.67268562316895,453.47681510448456,211.1600160598755,473.7896590232849,187.2114372253418,442.0481139421463,195.37510871887207,461.59961116313934,158.34394454956055,434.6395798921585,168.0104398727417,476.27954828739166,274.88611221313477,455.7183517217636,275.6279468536377,480.22987735271454,316.58517837524414,454.7711604833603,315.40815353393555,486.1417291164398,357.7730369567871,453.74104928970337,352.9688358306885
270,9.161931596091206,True,175.8,159.5,177.0,179.5,170.9,176.6,157.6,146.5,481.06040036678314,208.89116764068604,453.5074074268341,211.20770931243896,473.7574887275696,186.98175430297852,441.9842314720154,195.12884616851807,461.5863765478134,157.78020858764648,434.54500329494476,167.7050542831421,476.49471259117126,274.86971855163574,455.85675525665283,275.5899238586426,480.2751295566559,316.5589714050293,454.9186246395111,315.3948497772217,486.2071386575699,357.78210639953613,453.7241497039795,353.0314350128174
271,9.195864676076727,True,176.0,160.0,176.8,179.4,171.0,176.6,157.6,147.0,481.1407243013382,209.22895431518555,453.58849489688873,211.535382270813,473.6580764055252,186.8154001235962,441.8993263244629,194.89392757415771,461.5167421102524,157.4564266204834,434.51990842819214,167.51399517059326,476.6048653125763,274.85507011413574,455.9436455965042,275.57787895202637,480.28429198265076,316.53900146484375,455.0251632928848,315.37221908569336,486.25977170467377,357.8042793273926,453.75301134586334,353.0135250091553
272,9.22979775606225,True,176.0,159.2,176.7,179.1,170.9,176.9,157.6,146.3,481.1812425851822,209.68733310699463,453.733363032341,211.68009281158447,473.52226889133453,186.58199787139893,441.58983993530273,194.73715782165527,461.45830619335175,157.25840091705322,434.3506580591202,167.44437217712402,476.59336137771606,274.945650100708,455.9388607740402,275.729455947876,480.3078088760376,316.62325859069824,455.1704386472702,315.38323402404785,486.39252507686615,357.93994903564453,453.8819979429245,352.97924995422363
273,9.263730836047774,True,176.5,154.6,176.7,179.0,170.6,176.8,156.7,143.9,481.46767020225525,209.8273515701294,453.4376711845398,211.7886257171631,473.458335518837,186.6606044769287,439.9883496761322,194.73190784454346,461.31766295433044,157.47223377227783,433.78966307640076,167.6669454574585,476.62624430656433,275.3579807281494,455.9066904783249,276.19428634643555,480.35922026634216,316.8822956085205,455.24312722682953,315.8902931213379,486.4329924583435,358.0685234069824,453.95310854911804,353.0001640319824
274,9.297663916033297,True,177.0,147.7,176.9,178.9,170.4,176.9,154.4,138.7,481.6416035890579,209.89552974700928,453.35933244228363,211.70740127563477,474.12541103363037,190.59898853302002,438.8096544742584,196.385235786438,461.2602450847626,162.06842422485352,433.76792776584625,170.8588457107544,476.6836621761322,275.67938804626465,455.9000222682953,276.35905265808105,480.507244348526,317.34578132629395,455.29728734493256,316.38227462768555,486.4817569255829,358.2871341705322,454.0241173505783,353.07652473449707
275,9.33159699601882,True,173.9,139.4,177.0,179.0,170.0,176.8,154.2,135.2,481.95409321784973,211.90587043762207,453.20005893707275,214.00794982910156,474.7260080575943,193.1425952911377,436.84752094745636,198.88634204864502,461.3586393594742,167.07189559936523,433.74873757362366,172.10012912750244,476.6765867471695,276.28140449523926,455.8870930671692,276.8249702453613,480.5026122331619,317.3504447937012,455.3779675960541,316.5255832672119,486.4801789522171,358.3040142059326,454.23118817806244,353.36960792541504
276,9.365530076004342,True,177.5,114.7,177.0,179.1,169.8,176.8,149.3,117.1,482.0825707912445,212.17868328094482,453.06023013591766,214.3983793258667,476.25180649757385,200.1675510406494,433.8966598510742,205.6847906112671,462.250754237175,174.2359972000122,433.7846746444702,179.72871780395508,476.67093658447266,276.626672744751,455.902312874794,276.9972324371338,480.50770246982574,317.57094383239746,455.5083794593811,316.6625690460205,486.4820114374161,358.3202648162842,454.58765745162964,353.42041969299316
277,9.399463155989865,True,169.6,97.6,177.1,178.8,168.7,177.4,134.2,100.4,483.0946625471115,214.39867973327637,453.24470031261444,214.68432426452637,480.2675451040268,211.01416110992432,433.7490938901901,211.96589469909668,463.90161979198456,182.02118396759033,433.88179636001587,185.75274467468262,476.6568875312805,276.93028450012207,455.93835175037384,277.0871829986572,480.5052082538605,317.6036739349365,455.85517728328705,316.7105197906494,486.4816551208496,358.31525802612305,454.9883608818054,353.41166496276855
278,9.433396235975389,True,106.6,71.0,176.9,178.3,167.6,177.8,65.3,75.8,484.32609260082245,214.76662158966064,453.3691565990448,214.45635795593262,481.44583308696747,215.69146156311035,433.26043117046356,220.4687261581421,463.58821392059326,189.6027660369873,434.2905423641205,195.53576946258545,476.66798424720764,277.6841926574707,456.021475315094,277.348051071167,480.53478252887726,318.50366592407227,456.1952050924301,316.7976951599121,486.4800262451172,358.383207321167,455.26567697525024,353.1816101074219
279,9.467329315960912,True,68.4,58.6,177.4,178.4,166.3,177.9,18.4,65.5,485.70814275741577,215.09214878082275,453.3652880191803,214.74762439727783,482.62544453144073,221.26208782196045,433.54278659820557,224.77715492248535,462.67650163173676,199.0259027481079,435.22485530376434,203.54195594787598,476.6651337146759,278.28715324401855,455.98207688331604,277.7285957336426,480.60660576820374,318.99510383605957,456.18767154216766,317.9281711578369,486.24266850948334,358.54671478271484,455.3949180841446,353.5916519165039
280,9.501262395946435,True,51.8,43.3,177.6,178.5,166.5,177.7,0.7,45.3,485.6431404352188,215.43169498443604,453.2933120727539,215.340256690979,483.2912474870682,230.6220817565918,435.3296123743057,234.74388599395752,461.94503462314606,207.72494316101074,435.16209268569946,215.35992622375488,476.74342155456543,278.1481647491455,456.03328466415405,277.68839836120605,480.6224364042282,319.11083221435547,456.1973429918289,318.12944412231445,486.01340425014496,358.66238594055176,455.3916094303131,354.8163414001465
281,9.535195475931959,True,55.1,41.4,178.1,178.7,166.3,177.7,8.4,40.1,485.5340566635132,216.27609729766846,453.2877128124237,215.31516551971436,485.62919318675995,239.3937635421753,436.7967712879181,236.7396068572998,462.383558511734,223.3113670349121,436.32490634918213,229.71184730529785,476.6870217323303,278.06994438171387,456.05196583271027,277.7083110809326,480.67980337142944,319.10210609436035,456.2182129621506,318.2753849029541,485.8861483335495,358.75402450561523,455.50873577594757,355.1509952545166
282,9.56912855591748,True,67.7,24.2,178.7,178.6,165.8,177.9,11.1,28.2,485.5788507461548,217.77092456817627,453.5155518054962,217.7327013015747,486.8433164358139,244.0857696533203,440.4054436683655,244.80706214904785,462.61302638053894,235.49842357635498,440.54364359378815,239.8852300643921,476.6362211704254,278.48791122436523,456.04020738601685,278.16083908081055,480.82660579681396,319.27971839904785,456.2482453584671,318.96151542663574,485.85901737213135,359.0767478942871,455.55200278759,355.2188301086426
283,9.603061635903003,True,83.6,121.7,179.1,178.6,165.1,176.7,14.3,20.8,485.8021594285965,220.2156686782837,452.2808130979538,217.8741216659546,488.4555470943451,248.5385513305664,443.5990072488785,245.7620143890381,466.6766641139984,248.1533718109131,439.6025606393814,246.78869247436523,476.63413417339325,278.76508712768555,456.03837490081787,278.4734630584717,480.8815803527832,319.26249504089355,456.2242703437805,319.5570373535156,485.76718950271606,359.8011875152588,455.49443221092224,355.7088375091553
284,9.636994715888527,True,108.8,158.3,179.3,179.3,164.4,175.5,13.8,17.0,486.16056299209595,222.76880264282227,452.2645243406296,219.19917583465576,488.2104012966156,251.41093254089355,445.95843374729156,246.73115730285645,469.4367940425873,259.3319606781006,438.5143189430237,257.506742477417,476.63357424736023,278.746919631958,456.47694969177246,278.47580909729004,480.88122403621674,319.23691749572754,456.184668302536,319.4813346862793,485.66625010967255,359.98291969299316,455.48272466659546,356.1566162109375
285,9.67092779587405,True,130.8,170.8,179.6,179.9,164.0,174.7,17.2,16.3,486.3229924440384,223.4410858154297,452.1934646368027,219.36010837554932,489.9781895875931,252.37509727478027,446.2719923257828,247.60096549987793,474.119557261467,270.003604888916,438.20137119293213,268.63097190856934,476.6508301496506,278.4001350402832,456.79707467556,278.00525665283203,480.9058607816696,318.99662017822266,456.19856464862823,318.46269607543945,485.5250469446182,360.2223587036133,455.69213700294495,356.0499858856201
286,9.704860875859573,True,147.1,174.0,179.5,179.4,163.2,173.8,17.7,16.4,486.6311044692993,224.04616355895996,451.460165143013,220.3360891342163,490.5359777212143,253.92637252807617,445.64049756526947,250.13288497924805,479.0287342071533,278.13222885131836,438.109237909317,274.6716499328613,476.66625356674194,278.9633846282959,456.8570376634598,278.5196113586426,481.35140919685364,320.22600173950195,456.2270699739456,318.4416675567627,485.55451941490173,360.32032012939453,456.0333355665207,355.9621524810791
287,9.738793955845095,True,163.6,178.2,178.3,179.3,162.3,173.3,16.3,16.1,486.9459356069565,224.70617294311523,450.9494616985321,220.5445146560669,490.0762275457382,256.38195991516113,445.23668909072876,252.14595794677734,484.79480159282684,284.091796875,439.41106593608856,279.43851470947266,476.7023433446884,278.9746570587158,456.8426831960678,278.5194969177246,481.80281138420105,320.44650077819824,456.21709311008453,318.4983158111572,485.47455179691315,360.2893924713135,456.0856122970581,355.9413814544678
288,9.772727035830618,True,173.4,178.5,177.0,179.4,162.0,173.3,15.5,15.2,487.9456580877304,226.1207628250122,451.040220618248,221.3409948348999,490.3901424407959,258.334264755249,445.9971195459366,251.8392848968506,489.27960550785065,286.9567394256592,442.19079327583313,279.29938316345215,477.2763693332672,280.15857696533203,456.87271559238434,279.126033782959,482.2297295331955,321.708984375,456.2159732580185,319.78174209594727,484.8659121990204,360.8993339538574,455.99103569984436,356.66027069091797
289,9.806660115816141,True,176.6,175.0,175.7,177.1,161.3,175.6,14.6,13.8,490.2664496898651,227.05681800842285,451.09458434581757,221.6945743560791,491.67746329307556,259.93123054504395,446.75505578517914,252.21636772155762,494.5776256322861,288.02069664001465,445.3063235282898,279.4130516052246,478.65964114665985,281.22304916381836,456.903155207634,279.7654438018799,482.95727705955505,318.4422969818115,457.80830109119415,320.67749977111816,484.668869137764,360.86042404174805,456.8082731962204,355.105504989624
290,9.840593195801665,True,177.2,177.8,176.3,178.6,164.0,174.0,16.2,10.1,492.3013736009598,226.90754413604736,451.2265741825104,221.99988842010498,494.9311934709549,258.735294342041,449.31167805194855,250.04430770874023,498.6409579515457,286.71483993530273,448.5581194162369,275.67675590515137,481.09002554416656,282.3415946960449,457.6467878818512,280.84333419799805,484.0312660932541,319.06070709228516,457.80560326576233,320.77820777893066,484.6563980579376,360.8070373535156,457.1291617155075,355.1173782348633
291,9.874526275787188,True,178.5,178.2,175.3,179.8,163.5,172.7,19.5,10.0,494.6424752473831,227.59989738464355,452.7812851667404,222.05173015594482,498.60273027420044,259.5619010925293,450.87127566337585,249.40807342529297,501.0865112543106,285.1747512817383,449.93197429180145,273.8302803039551,482.4451992511749,283.101224899292,459.0188102722168,281.47619247436523,485.07288122177124,319.4381904602051,458.1308184862137,321.42748832702637,484.69605100154877,360.8299255371094,457.30838894844055,353.856725692749
292,9.908459355772711,True,177.3,178.5,176.1,179.2,165.9,170.8,20.5,10.5,495.8557331562042,227.02819347381592,454.3102904558182,222.01058864593506,500.62559032440186,257.87747383117676,452.27796256542206,249.0662956237793,503.3181219100952,283.1261730194092,451.05335342884064,273.75964164733887,484.21507453918457,283.4043788909912,460.7460802793503,281.6256809234619,485.8325481414795,322.0209217071533,458.67094349861145,321.2215232849121,484.83318197727203,360.93907356262207,457.39919877052307,354.8074722290039
293,9.942392435758233,True,175.9,175.4,176.3,178.0,166.6,169.6,21.4,12.2,497.75357699394226,226.7546796798706,455.5343905687332,222.36255168914795,502.75066232681274,256.87334060668945,452.7914147377014,249.05942916870117,505.1241887807846,282.4482536315918,452.23398292064667,273.96778106689453,485.6782121658325,283.51701736450195,462.1605552434921,281.69068336486816,486.6456116437912,323.3632278442383,459.37935173511505,321.1369514465332,485.08728659152985,361.80782318115234,458.18024468421936,354.658899307251
294,9.976325515743756,True,174.5,177.2,175.0,178.0,166.0,169.0,22.6,11.1,499.5252847671509,226.513409614563,456.5484675168991,222.74186611175537,504.8283442258835,256.3095760345459,454.27796745300293,249.82372283935547,506.8377151489258,281.4689254760742,453.4044828414917,274.5857620239258,486.9343807697296,283.31883430480957,462.99835729599,281.5437984466553,487.9664771556854,323.7677478790283,459.8529473543167,319.58252906799316,485.56587064266205,362.17005729675293,458.18833816051483,354.6775817871094
295,10.01025859572928,True,171.9,174.6,175.3,175.4,165.7,169.5,24.6,11.8,500.8269091844559,226.51565551757812,457.646533370018,223.06347370147705,506.73713207244873,255.9140396118164,454.74606561660767,249.8239231109619,508.15812253952026,281.01691246032715,454.3972316980362,274.6043872833252,487.4445242881775,283.2209300994873,463.34413707256317,281.51318550109863,488.19528329372406,323.4427070617676,460.0891852378845,319.45220947265625,485.741738319397,362.10119247436523,459.8985049724579,355.27785301208496
296,10.044191675714803,True,168.9,174.7,174.9,172.1,165.7,169.3,25.8,11.4,501.3817958831787,226.50132179260254,458.60762095451355,223.47192764282227,507.8115792274475,255.70575714111328,455.6401147842407,250.70414543151855,508.40550804138184,281.372652053833,455.22851824760437,275.84747314453125,487.930947303772,283.23944091796875,463.8781028985977,281.47790908813477,488.64571833610535,325.0202465057373,460.16640412807465,319.66504096984863,486.00541257858276,362.03882217407227,461.6057194471359,355.4378414154053
297,10.078124755700326,True,169.5,176.5,176.0,168.6,166.1,169.4,24.9,9.7,502.2525317668915,226.42563343048096,459.6508649587631,223.3343267440796,508.0012414455414,255.75393676757812,457.2640529870987,250.71910858154297,508.2827824354172,281.84309005737305,456.63917553424835,275.5466938018799,488.3371481895447,283.1897163391113,464.3758771419525,281.0174560546875,488.44480669498444,325.4453945159912,460.2326281070709,320.8018112182617,486.00286746025085,361.8896770477295,463.7698335647583,357.58684158325195
298,10.112057835685848,True,171.3,176.6,177.5,166.4,167.0,169.0,23.7,9.1,503.05673825740814,226.34854316711426,461.086718916893,223.19725513458252,508.092458486557,255.9484577178955,458.7654182910919,251.52088165283203,508.5643743276596,283.1854248046875,458.2399022579193,275.7960605621338,488.8891843557358,283.14454078674316,465.54973661899567,280.9775447845459,488.1543068885803,325.05114555358887,460.93518257141113,321.1802101135254,485.89887392520905,361.85105323791504,465.8829435110092,361.3351535797119
299,10.145990915671371,True,171.1,172.5,177.8,168.5,166.7,171.0,23.1,11.5,504.03416550159454,226.51525497436523,461.4811613559723,223.10422897338867,508.4410887956619,256.81620597839355,457.83120715618134,251.6338062286377,508.1362854242325,284.5029830932617,457.90333580970764,276.32128715515137,489.18818485736847,282.7176761627197,465.70824658870697,280.4373550415039,488.0913406610489,324.9397659301758,462.25014340877533,321.74137115478516,485.739345908165,361.8597221374512,467.2688113451004,364.4680595397949
300,10.179923995656894,True,171.1,178.8,178.6,172.4,167.9,173.4,23.5,8.3,504.614706993103,226.4736843109131,462.72368812561035,223.05315971374512,509.5995248556137,258.2200527191162,460.21639025211334,253.75728607177734,509.620445728302,287.21531867980957,457.3364361524582,281.7634105682373,489.9672964811325,282.6858615875244,466.321212887764,280.4576110839844,488.12610697746277,325.4823303222656,464.07209181785583,323.54756355285645,485.65520429611206,362.2261905670166,467.6503245830536,367.58511543273926
301,10.213857075642418,True,172.7,178.8,179.0,176.8,168.7,175.8,21.6,10.5,504.5380480289459,226.56044483184814,463.41809821128845,223.00352096557617,508.9986733198166,260.4019832611084,459.4704669713974,255.0911808013916,509.1221624612808,289.982271194458,456.5419520139694,283.65915298461914,490.16983699798584,283.6733150482178,466.9686909914017,281.2990093231201,488.0041449069977,327.42465019226074,466.4223049879074,325.02041816711426,485.6313819885254,362.44388580322266,468.39360094070435,369.9745559692383
302,10.247790155627941,True,173.8,175.3,179.5,179.1,168.1,178.0,20.6,12.2,505.68172240257263,227.57720947265625,464.132003903389,223.26886653900146,508.92970061302185,261.848201751709,458.7368620634079,256.03506088256836,508.52176904678345,291.9894218444824,456.4155105352402,284.55227851867676,490.42551958560944,283.7148857116699,467.0228511095047,281.25749588012695,487.9160838127136,326.92980766296387,467.6890103816986,326.03702545166016,485.6301603317261,361.37755393981934,467.65256428718567,373.31929206848145
303,10.281723235613464,True,174.1,174.7,179.9,177.3,168.2,178.0,19.9,13.3,506.21482288837433,228.53774070739746,464.0324388742447,223.31221103668213,508.70949697494507,262.10497856140137,458.2873432636261,256.14649772644043,507.83911740779877,292.5502681732178,455.90022587776184,285.41845321655273,490.7663109302521,283.736515045166,467.4199913740158,281.29520416259766,487.88050305843353,326.69185638427734,468.4817638397217,326.50829315185547,485.67067861557007,360.32215118408203,467.3193573951721,375.133638381958
304,10.315656315598986,True,174.9,176.3,179.7,177.0,168.6,178.1,19.0,13.3,506.3673263788223,229.09838676452637,464.7596300840378,223.2947874069214,508.4652165174484,263.0921459197998,458.9020402431488,256.17539405822754,507.6297559738159,293.6455249786377,455.6771717071533,284.9252128601074,491.2565007209778,283.5290050506592,468.00898265838623,281.0592842102051,488.2298460006714,326.0642337799072,469.07844138145447,326.97117805480957,485.6494014263153,359.60826873779297,467.66905665397644,376.6502094268799
305,10.349589395584509,True,174.9,177.8,177.7,174.4,168.3,179.5,18.5,14.7,506.3823425769806,229.04800415039062,465.35549318790436,223.97089004516602,508.3457486629486,262.8357410430908,458.603192448616,256.59682273864746,507.4059382677078,293.99282455444336,453.7647188901901,285.53956031799316,491.6455475091934,283.4898376464844,468.3714075088501,281.06151580810547,489.0540062189102,325.9446144104004,470.45789551734924,327.6609706878662,485.8003269433975,357.7657127380371,467.8080201148987,378.0190658569336
306,10.383522475570032,True,174.0,178.0,177.1,172.6,168.0,179.4,18.3,14.8,506.294637799263,229.30310726165771,465.04045844078064,224.5411777496338,508.186576962471,263.38236808776855,458.4294626712799,256.92418098449707,506.66546154022217,294.435510635376,451.41262233257294,286.1769390106201,491.4368987083435,284.21061515808105,468.2850261926651,281.9262886047363,489.26693081855774,324.33886528015137,471.54715526103973,330.5940914154053,485.88675916194916,356.2817859649658,468.2867568731308,382.37019538879395
